customer_id,recency,frequency,monetary,total_quantity,average_order_value,unique_products,recency_score,frequency_score,monetary_score,rfm_score,customer_segment,churn_status,churn_probability,clv_score,clv_category,action_priority,business_recommendation
12346.0,165,11,372.8600000000001,70,11.298787878787882,26,2,5,2,9,Potential Customers,High Risk,0.75,24.70759036144579,Standard Value,High,Launch retention campaign and personalized offer
12347.0,3,2,1323.3199999999997,828,18.638309859154926,70,5,2,4,11,Loyal Customers,Low Risk,0.15,661.6599999999999,Very High Value,Medium,Provide premium rewards and exclusive offers
12348.0,74,1,222.16000000000005,373,11.108,20,2,1,1,4,At Risk,High Risk,0.75,2.962133333333334,Standard Value,High,Launch retention campaign and personalized offer
12349.0,43,3,2671.140000000001,993,26.18764705882354,90,3,3,5,11,Loyal Customers,Low Risk,0.15,182.12318181818185,High Value,Medium,Maintain regular engagement and monitor customer activity
12351.0,11,1,300.93,261,14.33,21,5,1,2,8,Potential Customers,Low Risk,0.15,25.0775,Standard Value,Low,Use personalized promotions to increase customer engagement
12352.0,11,2,343.79999999999995,188,19.1,18,5,2,2,9,Potential Customers,Low Risk,0.15,57.29999999999999,High Value,Medium,Use personalized promotions to increase customer engagement
12353.0,44,1,317.75999999999993,192,15.887999999999996,20,3,1,2,6,At Risk,Low Risk,0.15,7.061333333333332,Standard Value,Low,Maintain regular engagement and monitor customer activity
12355.0,203,1,488.2099999999999,303,22.191363636363636,22,1,1,2,4,At Risk,High Risk,0.75,2.3931862745098034,Standard Value,High,Launch retention campaign and personalized offer
12356.0,16,3,3562.249999999998,1826,42.40773809523808,68,4,3,5,12,Loyal Customers,Low Risk,0.15,628.6323529411761,Very High Value,Medium,Provide premium rewards and exclusive offers
12357.0,24,2,12079.98999999999,3879,73.21206060606055,165,4,2,5,11,Loyal Customers,Low Risk,0.15,966.3991999999993,Very High Value,Medium,Provide premium rewards and exclusive offers
12358.0,11,3,2719.0100000000016,831,46.87948275862072,52,5,3,5,13,Champions,Low Risk,0.15,679.7525000000004,Very High Value,Medium,Provide premium rewards and exclusive offers
12359.0,61,6,2563.3599999999988,1130,21.909059829059817,110,3,4,5,12,Loyal Customers,High Risk,0.75,248.06709677419343,High Value,High,Launch retention campaign and personalized offer
12360.0,15,5,1590.83,1294,18.07761363636364,74,5,4,4,13,Champions,Low Risk,0.15,497.134375,Very High Value,Medium,Provide premium rewards and exclusive offers
12361.0,98,3,321.35,144,16.913157894736845,14,2,3,2,7,Potential Customers,High Risk,0.75,9.737878787878788,Standard Value,High,Launch retention campaign and personalized offer
12362.0,374,1,130.0,1,130.0,1,1,1,1,3,At Risk,High Risk,0.75,0.3466666666666667,Standard Value,High,Launch retention campaign and personalized offer
12366.0,269,1,500.24,296,166.74666666666667,3,1,1,2,4,At Risk,High Risk,0.75,1.8527407407407408,Standard Value,High,Launch retention campaign and personalized offer
12368.0,264,1,917.7,330,50.98333333333333,18,1,1,3,5,At Risk,High Risk,0.75,3.4630188679245286,Standard Value,High,Launch retention campaign and personalized offer
12369.0,49,3,1791.15,1241,19.25967741935484,90,3,3,4,10,Loyal Customers,Low Risk,0.15,107.46900000000001,High Value,Medium,Maintain regular engagement and monitor customer activity
12370.0,260,3,774.6200000000001,252,22.132000000000005,33,1,3,3,7,Potential Customers,High Risk,0.75,8.903678160919542,Standard Value,High,Launch retention campaign and personalized offer
12371.0,45,3,2179.42,845,20.955961538461533,91,3,3,5,11,Loyal Customers,Low Risk,0.15,142.13608695652175,High Value,Medium,Maintain regular engagement and monitor customer activity
12373.0,260,2,763.0500000000002,319,20.622972972972978,31,1,2,3,6,At Risk,High Risk,0.75,5.84712643678161,Standard Value,High,Launch retention campaign and personalized offer
12374.0,57,3,2246.2900000000004,1020,44.92580000000001,47,3,3,5,11,Loyal Customers,High Risk,0.75,116.18741379310346,High Value,High,Launch retention campaign and personalized offer
12376.0,25,2,503.15,240,38.70384615384615,11,4,2,2,8,Potential Customers,Low Risk,0.15,38.70384615384615,High Value,Medium,Use personalized promotions to increase customer engagement
12377.0,17,2,1798.1999999999996,1161,23.976,75,4,2,4,10,Loyal Customers,Low Risk,0.15,199.79999999999995,High Value,Medium,Maintain regular engagement and monitor customer activity
12378.0,198,1,1407.7000000000005,787,17.16707317073171,82,1,1,4,6,At Risk,High Risk,0.75,7.073869346733671,Standard Value,High,Launch retention campaign and personalized offer
12379.0,58,2,767.9799999999999,408,18.73121951219512,37,3,2,3,8,Potential Customers,High Risk,0.75,26.033220338983046,Standard Value,High,Launch retention campaign and personalized offer
12380.0,101,7,6951.489999999998,2228,40.18202312138728,119,2,5,5,12,Loyal Customers,High Risk,0.75,477.06303921568616,Very High Value,High,Launch retention campaign and personalized offer
12385.0,15,1,1938.4,612,29.82153846153846,65,5,1,4,10,Loyal Customers,Low Risk,0.15,121.15,High Value,Medium,Maintain regular engagement and monitor customer activity
12386.0,2,1,258.90000000000003,214,32.362500000000004,8,5,1,2,8,Potential Customers,Low Risk,0.15,86.30000000000001,High Value,Medium,Use personalized promotions to increase customer engagement
12387.0,51,1,143.94,134,15.993333333333332,9,3,1,1,5,At Risk,Low Risk,0.15,2.768076923076923,Standard Value,Low,Maintain regular engagement and monitor customer activity
12388.0,81,2,1120.45,539,24.35760869565217,36,2,2,4,8,Potential Customers,High Risk,0.75,27.328048780487805,Standard Value,High,Launch retention campaign and personalized offer
12389.0,38,3,1433.33,614,29.251632653061225,41,3,3,4,10,Loyal Customers,Low Risk,0.15,110.25615384615384,High Value,Medium,Maintain regular engagement and monitor customer activity
12391.0,100,5,2312.5299999999997,920,12.776408839779002,159,2,4,5,11,Loyal Customers,High Risk,0.75,114.4816831683168,High Value,High,Launch retention campaign and personalized offer
12392.0,227,1,234.75000000000003,73,33.53571428571429,7,1,1,1,3,At Risk,High Risk,0.75,1.029605263157895,Standard Value,High,Launch retention campaign and personalized offer
12393.0,18,2,816.8500000000003,495,18.996511627906983,38,4,2,3,9,Potential Customers,Low Risk,0.15,85.98421052631582,High Value,Medium,Use personalized promotions to increase customer engagement
12395.0,7,4,2048.6400000000003,1615,20.90448979591837,83,5,4,4,13,Champions,Low Risk,0.15,1024.3200000000002,Very High Value,Medium,Provide premium rewards and exclusive offers
12396.0,310,1,931.4300000000006,591,14.329692307692316,65,1,1,3,5,At Risk,High Risk,0.75,2.994951768488748,Standard Value,High,Launch retention campaign and personalized offer
12399.0,21,3,853.6500000000001,1020,16.738235294117647,40,4,3,3,10,Loyal Customers,Low Risk,0.15,116.4068181818182,High Value,Medium,Maintain regular engagement and monitor customer activity
12400.0,50,1,205.25,91,18.65909090909091,11,3,1,1,5,At Risk,Low Risk,0.15,4.0245098039215685,Standard Value,Low,Maintain regular engagement and monitor customer activity
12402.0,28,5,1031.3,490,17.47966101694915,40,4,4,4,12,Loyal Customers,Low Risk,0.15,177.81034482758622,High Value,Medium,Maintain regular engagement and monitor customer activity
12403.0,157,1,591.6600000000001,164,147.91500000000002,4,2,1,3,6,At Risk,High Risk,0.75,3.744683544303798,Standard Value,High,Launch retention campaign and personalized offer
12404.0,318,1,63.24,1,63.24,1,1,1,1,3,At Risk,High Risk,0.75,0.1982445141065831,Standard Value,High,Launch retention campaign and personalized offer
12406.0,35,3,2975.06,1598,48.771475409836064,44,4,3,5,12,Loyal Customers,Low Risk,0.15,247.92166666666668,High Value,Medium,Maintain regular engagement and monitor customer activity
12408.0,21,3,1452.22,820,26.892962962962965,41,4,3,4,11,Loyal Customers,Low Risk,0.15,198.03,High Value,Medium,Maintain regular engagement and monitor customer activity
12409.0,56,4,12346.619999999995,7592,79.65561290322579,125,3,4,5,12,Loyal Customers,High Risk,0.75,866.4294736842102,Very High Value,High,Launch retention campaign and personalized offer
12410.0,138,1,320.38,130,22.884285714285717,14,2,1,2,5,At Risk,High Risk,0.75,2.304892086330935,Standard Value,High,Launch retention campaign and personalized offer
12411.0,45,1,346.9,138,15.768181818181818,22,3,1,2,6,At Risk,Low Risk,0.15,7.541304347826086,Standard Value,Low,Maintain regular engagement and monitor customer activity
12412.0,38,3,1370.0499999999995,1168,20.75833333333333,50,3,3,4,10,Loyal Customers,Low Risk,0.15,105.3884615384615,High Value,Medium,Maintain regular engagement and monitor customer activity
12413.0,38,1,241.35,33,18.56538461538461,13,3,1,1,5,At Risk,Low Risk,0.15,6.188461538461539,Standard Value,Low,Maintain regular engagement and monitor customer activity
12414.0,99,3,390.0,195,39.0,9,2,3,2,7,Potential Customers,High Risk,0.75,11.7,Standard Value,High,Launch retention campaign and personalized offer
12415.0,11,7,19543.83999999999,14073,92.18792452830183,169,5,5,5,15,Champions,Low Risk,0.15,11400.573333333326,Very High Value,Medium,Provide premium rewards and exclusive offers
12416.0,292,1,202.56,132,18.41454545454545,11,1,1,1,3,At Risk,High Risk,0.75,0.6913310580204778,Standard Value,High,Launch retention campaign and personalized offer
12417.0,46,11,3167.8099999999995,1338,17.796685393258425,144,3,5,5,13,Champions,Low Risk,0.15,741.4023404255319,Very High Value,Medium,Provide premium rewards and exclusive offers
12418.0,49,3,1352.62,681,19.891470588235297,61,3,3,4,10,Loyal Customers,Low Risk,0.15,81.15719999999999,High Value,Medium,Maintain regular engagement and monitor customer activity
12419.0,21,2,503.01,231,20.1204,23,4,2,2,8,Potential Customers,Low Risk,0.15,45.72818181818182,High Value,Medium,Use personalized promotions to increase customer engagement
12421.0,51,2,291.56,168,14.578,18,3,2,2,7,Potential Customers,Low Risk,0.15,11.213846153846154,Standard Value,Low,Use personalized promotions to increase customer engagement
12422.0,30,14,4428.239999999998,2226,33.295037593984944,109,4,5,5,14,Champions,Low Risk,0.15,1999.8503225806442,Very High Value,Medium,Provide premium rewards and exclusive offers
12423.0,23,2,763.08,454,19.077,38,4,2,3,9,Potential Customers,Low Risk,0.15,63.59,High Value,Medium,Use personalized promotions to increase customer engagement
12424.0,58,2,1579.0700000000002,1285,25.46887096774194,59,3,2,4,9,Potential Customers,High Risk,0.75,53.527796610169496,High Value,High,Launch retention campaign and personalized offer
12425.0,84,1,964.2100000000002,651,17.531090909090913,55,2,1,3,6,At Risk,High Risk,0.75,11.343647058823532,Standard Value,High,Launch retention campaign and personalized offer
12426.0,298,1,762.4800000000002,326,16.22297872340426,47,1,1,3,5,At Risk,High Risk,0.75,2.550100334448161,Standard Value,High,Launch retention campaign and personalized offer
12427.0,7,1,303.50000000000006,79,30.350000000000005,10,5,1,2,8,Potential Customers,Low Risk,0.15,37.93750000000001,High Value,Medium,Use personalized promotions to increase customer engagement
12429.0,1,5,3735.51,1787,49.15144736842105,70,5,4,5,14,Champions,Low Risk,0.15,9338.775000000001,Very High Value,Medium,Provide premium rewards and exclusive offers
12431.0,9,13,4370.520000000001,1811,25.7089411764706,131,5,5,5,15,Champions,Low Risk,0.15,5681.676000000001,Very High Value,Medium,Provide premium rewards and exclusive offers
12433.0,2,5,7205.38999999999,6045,25.193671328671297,163,5,4,5,14,Champions,Low Risk,0.15,12008.983333333317,Very High Value,Medium,Provide premium rewards and exclusive offers
12434.0,17,1,297.29,138,14.8645,20,4,1,2,7,Potential Customers,Low Risk,0.15,16.516111111111112,Standard Value,Low,Use personalized promotions to increase customer engagement
12435.0,32,4,6096.040000000003,2903,80.21105263157898,68,4,4,5,13,Champions,Low Risk,0.15,738.9139393939397,Very High Value,Medium,Provide premium rewards and exclusive offers
12437.0,31,21,7731.990000000002,5078,21.241730769230777,216,4,5,5,14,Champions,Low Risk,0.15,5074.118437500001,Very High Value,Medium,Provide premium rewards and exclusive offers
12439.0,318,2,1158.18,484,16.085833333333333,69,1,2,4,7,Potential Customers,High Risk,0.75,7.261316614420063,Standard Value,High,Launch retention campaign and personalized offer
12440.0,98,2,859.2000000000002,331,26.850000000000005,21,2,2,3,7,Potential Customers,High Risk,0.75,17.35757575757576,Standard Value,High,Launch retention campaign and personalized offer
12441.0,2,1,173.55,121,15.77727272727273,11,5,1,1,7,Potential Customers,Low Risk,0.15,57.85,High Value,Medium,Use personalized promotions to increase customer engagement
12443.0,368,1,485.31000000000006,182,23.110000000000003,21,1,1,2,4,At Risk,High Risk,0.75,1.3152032520325205,Standard Value,High,Launch retention campaign and personalized offer
12445.0,56,1,301.58,144,15.079,20,3,1,2,6,At Risk,High Risk,0.75,5.290877192982456,Standard Value,High,Launch retention campaign and personalized offer
12449.0,46,2,768.6,729,76.86,10,3,2,3,8,Potential Customers,Low Risk,0.15,32.706382978723404,High Value,Medium,Use personalized promotions to increase customer engagement
12450.0,35,3,490.32,314,16.90758620689655,25,4,3,2,9,Potential Customers,Low Risk,0.15,40.86,High Value,Medium,Use personalized promotions to increase customer engagement
12451.0,99,3,3634.36,2784,23.1487898089172,147,2,3,5,10,Loyal Customers,High Risk,0.75,109.0308,High Value,High,Launch retention campaign and personalized offer
12454.0,31,4,13151.44,6697,526.0576,9,4,4,5,13,Champions,Low Risk,0.15,1643.93,Very High Value,Medium,Provide premium rewards and exclusive offers
12455.0,81,4,3413.09,1213,24.913065693430656,121,2,4,5,11,Loyal Customers,High Risk,0.75,166.49219512195123,High Value,High,Launch retention campaign and personalized offer
12457.0,71,1,632.68,251,28.75818181818181,22,3,1,3,7,Potential Customers,High Risk,0.75,8.787222222222221,Standard Value,High,Launch retention campaign and personalized offer
12458.0,63,2,830.09,480,18.045434782608694,44,3,2,3,8,Potential Customers,High Risk,0.75,25.9403125,Standard Value,High,Launch retention campaign and personalized offer
12459.0,241,1,454.3599999999999,258,19.75478260869565,23,1,1,2,4,At Risk,High Risk,0.75,1.8775206611570243,Standard Value,High,Launch retention campaign and personalized offer
12460.0,92,1,326.65,170,18.147222222222226,18,2,1,2,5,At Risk,High Risk,0.75,3.5123655913978493,Standard Value,High,Launch retention campaign and personalized offer
12466.0,318,1,56.73,1,56.73,1,1,1,1,3,At Risk,High Risk,0.75,0.17783699059561128,Standard Value,High,Launch retention campaign and personalized offer
12467.0,59,1,132.79999999999998,129,14.755555555555553,9,3,1,1,5,At Risk,High Risk,0.75,2.213333333333333,Standard Value,High,Launch retention campaign and personalized offer
12468.0,162,3,2941.200000000001,1835,26.260714285714297,102,2,3,5,10,Loyal Customers,High Risk,0.75,54.132515337423335,High Value,High,Launch retention campaign and personalized offer
12469.0,158,2,3070.539999999998,2552,40.401842105263135,76,2,2,5,9,Potential Customers,High Risk,0.75,38.62314465408803,High Value,High,Launch retention campaign and personalized offer
12470.0,325,1,211.95,95,9.215217391304348,23,1,1,1,3,At Risk,High Risk,0.75,0.6501533742331288,Standard Value,High,Launch retention campaign and personalized offer
12471.0,10,49,20139.740000000013,8670,29.748508124076828,159,5,5,5,15,Champions,Low Risk,0.15,89713.38727272733,Very High Value,Medium,Provide premium rewards and exclusive offers
12472.0,5,13,11308.480000000029,7202,19.770069930069976,312,5,5,5,15,Champions,Low Risk,0.15,24501.706666666727,Very High Value,Medium,Provide premium rewards and exclusive offers
12474.0,14,13,5048.660000000002,3107,17.65265734265735,197,5,5,5,15,Champions,Low Risk,0.15,4375.505333333334,Very High Value,Medium,Provide premium rewards and exclusive offers
12475.0,45,1,426.2600000000001,236,17.050400000000003,25,3,1,2,6,At Risk,Low Risk,0.15,9.266521739130438,Standard Value,Low,Maintain regular engagement and monitor customer activity
12476.0,32,12,7298.989999999997,3237,25.79148409893992,225,4,5,5,14,Champions,Low Risk,0.15,2654.1781818181807,Very High Value,Medium,Provide premium rewards and exclusive offers
12477.0,35,3,7056.63,2466,26.72965909090909,209,4,3,5,12,Loyal Customers,Low Risk,0.15,588.0525,Very High Value,Medium,Provide premium rewards and exclusive offers
12480.0,35,3,2183.2200000000007,1245,24.80931818181819,79,4,3,5,12,Loyal Customers,Low Risk,0.15,181.93500000000006,High Value,Medium,Maintain regular engagement and monitor customer activity
12481.0,1,6,6765.07,3949,38.87971264367816,139,5,4,5,14,Champions,Low Risk,0.15,20295.21,Very High Value,Medium,Provide premium rewards and exclusive offers
12482.0,212,29,23691.399999999983,27042,116.13431372549012,42,1,5,5,11,Loyal Customers,High Risk,0.75,3225.5896713615,Very High Value,High,Launch retention campaign and personalized offer
12483.0,14,11,2635.6,1062,41.18125,35,5,5,5,15,Champions,Low Risk,0.15,1932.7733333333333,Very High Value,Medium,Provide premium rewards and exclusive offers
12484.0,119,6,1828.4300000000003,1080,14.17387596899225,110,2,4,4,10,Loyal Customers,High Risk,0.75,91.42150000000001,High Value,High,Launch retention campaign and personalized offer
12485.0,165,1,708.0999999999999,414,20.82647058823529,34,2,1,3,6,At Risk,High Risk,0.75,4.265662650602409,Standard Value,High,Launch retention campaign and personalized offer
12486.0,67,1,1037.2800000000002,523,21.168979591836734,49,3,1,4,8,Potential Customers,High Risk,0.75,15.254117647058827,Standard Value,High,Launch retention campaign and personalized offer
12487.0,366,1,285.29999999999995,174,142.64999999999998,2,1,1,2,4,At Risk,High Risk,0.75,0.777384196185286,Standard Value,High,Launch retention campaign and personalized offer
12490.0,14,11,4405.710000000006,2842,20.302811059907864,117,5,5,5,15,Champions,Low Risk,0.15,3230.854000000005,Very High Value,Medium,Provide premium rewards and exclusive offers
12492.0,39,1,452.0000000000001,252,20.54545454545455,22,3,1,2,6,At Risk,Low Risk,0.15,11.300000000000002,Standard Value,Low,Maintain regular engagement and monitor customer activity
12494.0,1,3,626.77,281,18.43441176470588,28,5,3,3,11,Loyal Customers,Low Risk,0.15,940.155,Very High Value,Medium,Provide premium rewards and exclusive offers
12495.0,276,1,357.4,130,21.023529411764702,17,1,1,2,4,At Risk,High Risk,0.75,1.2902527075812273,Standard Value,High,Launch retention campaign and personalized offer
12496.0,256,2,54.09,33,4.160769230769231,10,1,2,1,4,At Risk,High Risk,0.75,0.42093385214007784,Standard Value,High,Launch retention campaign and personalized offer
12497.0,36,2,5205.399999999999,4449,121.05581395348834,30,4,2,5,11,Loyal Customers,Low Risk,0.15,281.3729729729729,High Value,Medium,Maintain regular engagement and monitor customer activity
12499.0,196,1,393.72,302,14.58222222222222,27,1,1,2,4,At Risk,High Risk,0.75,1.9985786802030459,Standard Value,High,Launch retention campaign and personalized offer
12500.0,71,8,1697.39,699,19.96929411764706,61,3,5,4,12,Loyal Customers,High Risk,0.75,188.5988888888889,High Value,High,Launch retention campaign and personalized offer
12503.0,220,1,1126.0,561,563.0,2,1,1,4,6,At Risk,High Risk,0.75,5.095022624434389,Standard Value,High,Launch retention campaign and personalized offer
12504.0,53,2,297.00000000000006,368,27.000000000000004,8,3,2,2,7,Potential Customers,Low Risk,0.15,11.000000000000002,Standard Value,Low,Use personalized promotions to increase customer engagement
12505.0,44,1,955.2,324,22.742857142857144,42,3,1,3,7,Potential Customers,Low Risk,0.15,21.226666666666667,Standard Value,Low,Use personalized promotions to increase customer engagement
12507.0,220,1,539.2499999999999,362,19.25892857142857,28,1,1,3,5,At Risk,High Risk,0.75,2.4400452488687776,Standard Value,High,Launch retention campaign and personalized offer
12510.0,95,7,4195.449999999998,1696,37.45937499999998,85,2,5,5,12,Loyal Customers,High Risk,0.75,305.91822916666655,Very High Value,High,Launch retention campaign and personalized offer
12511.0,64,1,3084.0200000000004,1753,16.231684210526318,190,3,1,5,9,Potential Customers,High Risk,0.75,47.44646153846155,High Value,High,Launch retention campaign and personalized offer
12514.0,277,1,580.08,400,17.578181818181818,33,1,1,3,5,At Risk,High Risk,0.75,2.0866187050359715,Standard Value,High,Launch retention campaign and personalized offer
12516.0,66,2,1336.5599999999995,1077,27.844999999999995,38,3,2,4,9,Potential Customers,High Risk,0.75,39.89731343283581,High Value,High,Launch retention campaign and personalized offer
12519.0,112,1,385.7000000000001,212,17.531818181818185,22,2,1,2,5,At Risk,High Risk,0.75,3.4132743362831865,Standard Value,High,Launch retention campaign and personalized offer
12523.0,10,12,2582.380000000001,1410,17.933194444444453,105,5,5,5,15,Champions,Low Risk,0.15,2817.1418181818194,Very High Value,Medium,Provide premium rewards and exclusive offers
12524.0,24,9,6640.389999999999,3479,69.17072916666666,65,4,5,5,14,Champions,Low Risk,0.15,2390.5404,Very High Value,Medium,Provide premium rewards and exclusive offers
12525.0,134,3,973.7299999999998,509,16.22883333333333,56,2,3,3,8,Potential Customers,High Risk,0.75,21.638444444444442,Standard Value,High,Launch retention campaign and personalized offer
12527.0,130,2,386.7999999999999,292,27.628571428571423,13,2,2,2,6,At Risk,High Risk,0.75,5.90534351145038,Standard Value,High,Launch retention campaign and personalized offer
12529.0,164,1,316.48,192,15.070476190476189,21,2,1,2,5,At Risk,High Risk,0.75,1.9180606060606062,Standard Value,High,Launch retention campaign and personalized offer
12530.0,51,5,2096.9800000000005,1800,22.793260869565223,66,3,4,4,11,Loyal Customers,Low Risk,0.15,201.63269230769234,High Value,Medium,Maintain regular engagement and monitor customer activity
12531.0,322,1,1807.98,1074,16.436181818181815,110,1,1,4,6,At Risk,High Risk,0.75,5.597461300309598,Standard Value,High,Launch retention campaign and personalized offer
12533.0,263,2,1367.8899999999996,704,18.99847222222222,63,1,2,4,7,Potential Customers,High Risk,0.75,10.362803030303027,Standard Value,High,Launch retention campaign and personalized offer
12537.0,44,1,732.9399999999998,449,17.045116279069763,43,3,1,3,7,Potential Customers,Low Risk,0.15,16.287555555555553,Standard Value,Low,Use personalized promotions to increase customer engagement
12538.0,14,1,276.5,145,21.26923076923077,13,5,1,2,8,Potential Customers,Low Risk,0.15,18.433333333333334,Standard Value,Low,Use personalized promotions to increase customer engagement
12539.0,86,3,5646.399999999998,2468,24.443290043290038,127,2,3,5,10,Loyal Customers,High Risk,0.75,194.703448275862,High Value,High,Launch retention campaign and personalized offer
12540.0,14,16,8854.249999999996,4334,30.2192832764505,171,5,5,5,15,Champions,Low Risk,0.15,9444.53333333333,Very High Value,Medium,Provide premium rewards and exclusive offers
12542.0,120,2,481.8799999999999,522,12.355897435897433,39,2,2,2,6,At Risk,High Risk,0.75,7.9649586776859485,Standard Value,High,Launch retention campaign and personalized offer
12543.0,84,1,980.2500000000002,688,22.79651162790698,43,2,1,3,6,At Risk,High Risk,0.75,11.532352941176473,Standard Value,High,Launch retention campaign and personalized offer
12547.0,136,1,175.78,175,13.521538461538462,13,2,1,1,4,At Risk,High Risk,0.75,1.283065693430657,Standard Value,High,Launch retention campaign and personalized offer
12549.0,211,6,1575.6799999999998,1366,32.156734693877546,38,1,4,4,9,Potential Customers,High Risk,0.75,44.594716981132066,High Value,High,Launch retention campaign and personalized offer
12553.0,21,2,916.47,360,19.49936170212766,39,4,2,3,9,Potential Customers,Low Risk,0.15,83.31545454545454,High Value,Medium,Use personalized promotions to increase customer engagement
12554.0,84,1,468.5,240,18.019230769230766,26,2,1,2,5,At Risk,High Risk,0.75,5.511764705882353,Standard Value,High,Launch retention campaign and personalized offer
12555.0,318,1,129.23,1,129.23,1,1,1,1,3,At Risk,High Risk,0.75,0.40510971786833855,Standard Value,High,Launch retention campaign and personalized offer
12557.0,7,4,6725.179999999999,2398,269.00719999999995,15,5,4,5,14,Champions,Low Risk,0.15,3362.5899999999997,Very High Value,Medium,Provide premium rewards and exclusive offers
12562.0,21,2,1185.1799999999998,548,30.389230769230764,33,4,2,4,10,Loyal Customers,Low Risk,0.15,107.74363636363636,High Value,Medium,Maintain regular engagement and monitor customer activity
12563.0,44,1,249.24,113,19.17230769230769,13,3,1,1,5,At Risk,Low Risk,0.15,5.538666666666667,Standard Value,Low,Maintain regular engagement and monitor customer activity
12567.0,3,7,4308.580000000001,1781,22.324248704663216,146,5,5,5,15,Champions,Low Risk,0.15,7540.015000000001,Very High Value,Medium,Provide premium rewards and exclusive offers
12568.0,280,1,70.0,48,14.0,5,1,1,1,3,At Risk,High Risk,0.75,0.2491103202846975,Standard Value,High,Launch retention campaign and personalized offer
12570.0,318,1,77.52,1,77.52,1,1,1,1,3,At Risk,High Risk,0.75,0.2430094043887147,Standard Value,High,Launch retention campaign and personalized offer
12573.0,17,4,556.8700000000002,395,6.119450549450552,83,4,4,3,11,Loyal Customers,Low Risk,0.15,123.74888888888894,High Value,Medium,Maintain regular engagement and monitor customer activity
12575.0,93,2,622.8199999999999,315,16.389999999999997,34,2,2,3,7,Potential Customers,High Risk,0.75,13.251489361702125,Standard Value,High,Launch retention campaign and personalized offer
12576.0,28,3,826.8900000000004,527,15.312777777777786,51,4,3,3,10,Loyal Customers,Low Risk,0.15,85.54034482758625,High Value,Medium,Maintain regular engagement and monitor customer activity
12577.0,17,5,995.9500000000006,725,6.425483870967746,144,4,4,4,12,Loyal Customers,Low Risk,0.15,276.65277777777794,High Value,Medium,Maintain regular engagement and monitor customer activity
12578.0,21,2,1847.940000000001,1184,31.86103448275864,53,4,2,4,10,Loyal Customers,Low Risk,0.15,167.99454545454554,High Value,Medium,Maintain regular engagement and monitor customer activity
12580.0,212,1,637.2,331,18.74117647058824,34,1,1,3,5,At Risk,High Risk,0.75,2.991549295774648,Standard Value,High,Launch retention campaign and personalized offer
12582.0,58,2,1469.0400000000004,685,18.1362962962963,79,3,2,4,9,Potential Customers,High Risk,0.75,49.79796610169493,High Value,High,Launch retention campaign and personalized offer
12583.0,9,13,7166.060000000001,3924,32.72173515981736,87,5,5,5,15,Champions,Low Risk,0.15,9315.878,Very High Value,Medium,Provide premium rewards and exclusive offers
12586.0,10,3,1865.7300000000007,608,22.47867469879519,76,5,3,4,12,Loyal Customers,Low Risk,0.15,508.83545454545475,Very High Value,Medium,Provide premium rewards and exclusive offers
12588.0,35,3,743.88,385,20.66333333333333,27,4,3,3,10,Loyal Customers,Low Risk,0.15,61.989999999999995,High Value,Medium,Maintain regular engagement and monitor customer activity
12589.0,57,6,4048.98,1458,27.924,100,3,4,5,12,Loyal Customers,High Risk,0.75,418.86,Very High Value,High,Launch retention campaign and personalized offer
12591.0,26,2,899.3,449,20.91395348837209,38,4,2,3,9,Potential Customers,Low Risk,0.15,66.6148148148148,High Value,Medium,Use personalized promotions to increase customer engagement
12592.0,155,3,2145.06,1585,34.04857142857143,32,2,3,4,9,Potential Customers,High Risk,0.75,41.25115384615385,High Value,High,Launch retention campaign and personalized offer
12594.0,14,5,1751.8900000000006,991,21.62827160493828,60,5,4,4,13,Champions,Low Risk,0.15,583.9633333333335,Very High Value,Medium,Provide premium rewards and exclusive offers
12595.0,140,1,299.02000000000004,271,15.737894736842108,19,2,1,2,5,At Risk,High Risk,0.75,2.1207092198581563,Standard Value,High,Launch retention campaign and personalized offer
12598.0,99,3,1511.0099999999998,942,20.41905405405405,69,2,3,4,9,Potential Customers,High Risk,0.75,45.33029999999999,High Value,High,Launch retention campaign and personalized offer
12599.0,17,6,1264.14,1233,17.804788732394368,37,4,4,4,12,Loyal Customers,Low Risk,0.15,421.38,Very High Value,Medium,Provide premium rewards and exclusive offers
12600.0,7,12,2444.880000000001,640,35.95411764705884,32,5,5,5,15,Champions,Low Risk,0.15,3667.3200000000015,Very High Value,Medium,Provide premium rewards and exclusive offers
12601.0,40,1,104.2,45,17.366666666666667,6,3,1,1,5,At Risk,Low Risk,0.15,2.5414634146341464,Standard Value,Low,Maintain regular engagement and monitor customer activity
12605.0,12,4,1232.9499999999996,929,16.22302631578947,63,5,4,4,13,Champions,Low Risk,0.15,379.3692307692306,Very High Value,Medium,Provide premium rewards and exclusive offers
12606.0,318,1,21.0,1,21.0,1,1,1,1,3,At Risk,High Risk,0.75,0.06583072100313479,Standard Value,High,Launch retention campaign and personalized offer
12608.0,40,1,415.79,323,25.986875,16,3,1,2,6,At Risk,Low Risk,0.15,10.141219512195123,Standard Value,Low,Maintain regular engagement and monitor customer activity
12609.0,10,6,2309.0099999999984,905,20.078347826086944,84,5,4,5,14,Champions,Low Risk,0.15,1259.4599999999991,Very High Value,Medium,Provide premium rewards and exclusive offers
12613.0,24,5,3490.69,2519,20.0614367816092,132,4,4,5,13,Champions,Low Risk,0.15,698.138,Very High Value,Medium,Provide premium rewards and exclusive offers
12615.0,49,4,3449.7900000000013,1941,20.90781818181819,147,3,4,5,12,Loyal Customers,Low Risk,0.15,275.9832000000001,High Value,Medium,Maintain regular engagement and monitor customer activity
12616.0,24,1,417.8,214,18.99090909090909,22,4,1,2,7,Potential Customers,Low Risk,0.15,16.712,Standard Value,Low,Use personalized promotions to increase customer engagement
12619.0,196,1,140.14,140,14.014,10,1,1,1,3,At Risk,High Risk,0.75,0.7113705583756345,Standard Value,High,Launch retention campaign and personalized offer
12621.0,1,16,11086.14,6493,36.58792079207921,163,5,5,5,15,Champions,Low Risk,0.15,88689.12,Very High Value,Medium,Provide premium rewards and exclusive offers
12623.0,52,6,3442.74,1780,22.21122580645161,109,3,4,5,12,Loyal Customers,Low Risk,0.15,389.7441509433962,Very High Value,Medium,Provide premium rewards and exclusive offers
12625.0,145,2,2481.060000000001,1697,25.577938144329902,85,2,2,5,9,Potential Customers,High Risk,0.75,33.987123287671245,High Value,High,Launch retention campaign and personalized offer
12629.0,21,2,1558.2199999999998,722,34.627111111111105,40,4,2,4,10,Loyal Customers,Low Risk,0.15,141.6563636363636,High Value,Medium,Maintain regular engagement and monitor customer activity
12631.0,92,5,2841.069999999999,1371,18.691249999999997,105,2,4,5,11,Loyal Customers,High Risk,0.75,152.74569892473113,High Value,High,Launch retention campaign and personalized offer
12632.0,156,2,804.8799999999999,694,22.996571428571425,32,2,2,3,7,Potential Customers,High Risk,0.75,10.25324840764331,Standard Value,High,Launch retention campaign and personalized offer
12633.0,18,3,3514.1799999999994,2076,17.14234146341463,182,4,3,5,12,Loyal Customers,Low Risk,0.15,554.8705263157893,Very High Value,Medium,Provide premium rewards and exclusive offers
12634.0,171,2,490.0,337,24.5,20,2,2,2,6,At Risk,High Risk,0.75,5.6976744186046515,Standard Value,High,Launch retention campaign and personalized offer
12635.0,28,2,1241.23,777,15.913205128205128,77,4,2,4,10,Loyal Customers,Low Risk,0.15,85.60206896551725,High Value,Medium,Maintain regular engagement and monitor customer activity
12636.0,374,1,141.0,1,141.0,1,1,1,1,3,At Risk,High Risk,0.75,0.376,Standard Value,High,Launch retention campaign and personalized offer
12637.0,14,4,2318.410000000002,1282,9.462897959183682,162,5,4,5,14,Champions,Low Risk,0.15,618.2426666666672,Very High Value,Medium,Provide premium rewards and exclusive offers
12638.0,275,1,249.79999999999995,86,27.75555555555555,9,1,1,1,3,At Risk,High Risk,0.75,0.9050724637681158,Standard Value,High,Launch retention campaign and personalized offer
12639.0,70,2,826.2699999999999,430,19.67309523809524,39,3,2,3,8,Potential Customers,High Risk,0.75,23.27521126760563,Standard Value,High,Launch retention campaign and personalized offer
12643.0,21,6,5005.78,2977,178.77785714285713,14,4,4,5,13,Champions,Low Risk,0.15,1365.2127272727273,Very High Value,Medium,Provide premium rewards and exclusive offers
12644.0,66,3,1440.5800000000006,707,18.007250000000006,76,3,3,4,10,Loyal Customers,High Risk,0.75,64.50358208955227,High Value,High,Launch retention campaign and personalized offer
12645.0,45,4,1764.1200000000006,1041,20.27724137931035,72,3,4,4,11,Loyal Customers,Low Risk,0.15,153.40173913043483,High Value,Medium,Maintain regular engagement and monitor customer activity
12647.0,3,27,14201.530000000008,5447,33.10379953379955,218,5,5,5,15,Champions,Low Risk,0.15,95860.32750000006,Very High Value,Medium,Provide premium rewards and exclusive offers
12648.0,73,3,793.95,358,18.044318181818184,32,2,3,3,8,Potential Customers,High Risk,0.75,32.18716216216217,Standard Value,High,Launch retention campaign and personalized offer
12649.0,18,5,1671.14,1373,19.20850574712644,75,4,4,4,12,Loyal Customers,Low Risk,0.15,439.77368421052637,Very High Value,Medium,Provide premium rewards and exclusive offers
12651.0,14,3,263.74999999999994,187,12.559523809523808,21,5,3,2,10,Loyal Customers,Low Risk,0.15,52.749999999999986,High Value,Medium,Maintain regular engagement and monitor customer activity
12652.0,70,1,97.05,31,32.35,3,3,1,1,5,At Risk,High Risk,0.75,1.3669014084507043,Standard Value,High,Launch retention campaign and personalized offer
12653.0,162,1,1950.98,762,45.37162790697675,43,2,1,4,7,Potential Customers,High Risk,0.75,11.96920245398773,Standard Value,High,Launch retention campaign and personalized offer
12655.0,59,1,261.35,80,16.334375,16,3,1,2,6,At Risk,High Risk,0.75,4.355833333333334,Standard Value,High,Launch retention campaign and personalized offer
12656.0,61,3,2356.6600000000003,1137,19.47652892561984,108,3,3,5,11,Loyal Customers,High Risk,0.75,114.031935483871,High Value,High,Launch retention campaign and personalized offer
12661.0,72,1,162.00000000000003,216,14.72727272727273,11,2,1,1,4,At Risk,High Risk,0.75,2.2191780821917813,Standard Value,High,Launch retention campaign and personalized offer
12662.0,9,10,3138.24,1523,17.830909090909092,94,5,5,5,15,Champions,Low Risk,0.15,3138.24,Very High Value,Medium,Provide premium rewards and exclusive offers
12663.0,260,2,239.4,181,23.94,9,1,2,1,4,At Risk,High Risk,0.75,1.8344827586206898,Standard Value,High,Launch retention campaign and personalized offer
12664.0,150,2,1188.16,292,148.52,4,2,2,4,8,Potential Customers,High Risk,0.75,15.737218543046358,Standard Value,High,Launch retention campaign and personalized offer
12665.0,53,2,250.6,128,17.9,13,3,2,1,6,At Risk,Low Risk,0.15,9.281481481481482,Standard Value,Low,Maintain regular engagement and monitor customer activity
12666.0,30,1,1248.42,370,40.27161290322581,31,4,1,4,9,Potential Customers,Low Risk,0.15,40.27161290322581,High Value,Medium,Use personalized promotions to increase customer engagement
12668.0,14,6,7637.529999999998,3442,20.20510582010581,233,5,4,5,14,Champions,Low Risk,0.15,3055.0119999999993,Very High Value,Medium,Provide premium rewards and exclusive offers
12670.0,21,2,764.2400000000001,230,33.227826086956526,21,4,2,3,9,Potential Customers,Low Risk,0.15,69.47636363636364,High Value,Medium,Use personalized promotions to increase customer engagement
12671.0,242,1,2622.481000000001,1460,58.27735555555558,45,1,1,5,7,Potential Customers,High Risk,0.75,10.79210288065844,Standard Value,High,Launch retention campaign and personalized offer
12672.0,231,1,211.15000000000003,60,17.595833333333335,12,1,1,1,3,At Risk,High Risk,0.75,0.9101293103448277,Standard Value,High,Launch retention campaign and personalized offer
12673.0,37,1,619.5000000000001,349,19.359375000000004,32,3,1,3,7,Potential Customers,Low Risk,0.15,16.30263157894737,Standard Value,Low,Use personalized promotions to increase customer engagement
12675.0,189,2,958.5000000000002,337,8.482300884955754,111,1,2,3,6,At Risk,High Risk,0.75,10.089473684210528,Standard Value,High,Launch retention campaign and personalized offer
12676.0,44,5,1511.6999999999998,1197,24.38225806451613,47,3,4,4,11,Loyal Customers,Low Risk,0.15,167.96666666666664,High Value,Medium,Maintain regular engagement and monitor customer activity
12677.0,191,2,395.1,176,18.81428571428572,13,1,2,2,5,At Risk,High Risk,0.75,4.1156250000000005,Standard Value,High,Launch retention campaign and personalized offer
12678.0,11,9,16652.720000000005,11449,78.92284360189576,140,5,5,5,15,Champions,Low Risk,0.15,12489.540000000003,Very High Value,Medium,Provide premium rewards and exclusive offers
12681.0,3,24,17080.740000000027,10060,20.653857315598582,341,5,5,5,15,Champions,Low Risk,0.15,102484.44000000016,Very High Value,Medium,Provide premium rewards and exclusive offers
12682.0,1,23,11745.69000000001,5443,22.851536964980564,210,5,5,5,15,Champions,Low Risk,0.15,135075.4350000001,Very High Value,Medium,Provide premium rewards and exclusive offers
12683.0,1,8,4220.209999999999,2696,21.422385786802025,143,5,5,5,15,Champions,Low Risk,0.15,16880.839999999997,Very High Value,Medium,Provide premium rewards and exclusive offers
12686.0,7,1,89.14,107,12.734285714285717,7,5,1,1,7,Potential Customers,Low Risk,0.15,11.1425,Standard Value,Low,Use personalized promotions to increase customer engagement
12687.0,116,2,2138.9100000000003,1403,16.975476190476193,126,2,2,4,8,Potential Customers,High Risk,0.75,36.56256410256411,High Value,High,Launch retention campaign and personalized offer
12691.0,56,1,134.6,51,19.228571428571428,7,3,1,1,5,At Risk,High Risk,0.75,2.3614035087719296,Standard Value,High,Launch retention campaign and personalized offer
12692.0,273,1,110.95,36,8.534615384615385,13,1,1,1,3,At Risk,High Risk,0.75,0.40492700729927006,Standard Value,High,Launch retention campaign and personalized offer
12693.0,32,3,847.1099999999999,281,21.17775,35,4,3,3,10,Loyal Customers,Low Risk,0.15,77.00999999999999,High Value,Medium,Maintain regular engagement and monitor customer activity
12694.0,57,1,973.6800000000004,846,21.166956521739134,46,3,1,3,7,Potential Customers,High Risk,0.75,16.78758620689656,Standard Value,High,Launch retention campaign and personalized offer
12695.0,164,3,825.0200000000002,234,25.781875000000007,28,2,3,3,8,Potential Customers,High Risk,0.75,15.00036363636364,Standard Value,High,Launch retention campaign and personalized offer
12696.0,70,2,851.9100000000001,564,17.38591836734694,43,3,2,3,8,Potential Customers,High Risk,0.75,23.997464788732398,Standard Value,High,Launch retention campaign and personalized offer
12698.0,226,1,339.75000000000006,111,21.234375000000004,16,1,1,2,4,At Risk,High Risk,0.75,1.496696035242291,Standard Value,High,Launch retention campaign and personalized offer
12699.0,53,1,638.1100000000001,373,15.563658536585368,41,3,1,3,7,Potential Customers,Low Risk,0.15,11.816851851851855,Standard Value,Low,Use personalized promotions to increase customer engagement
12701.0,165,4,1648.7000000000005,1049,17.539361702127664,80,2,4,4,10,Loyal Customers,High Risk,0.75,39.72771084337351,High Value,High,Launch retention campaign and personalized offer
12703.0,269,3,722.9799999999998,431,13.641132075471694,44,1,3,3,7,Potential Customers,High Risk,0.75,8.03311111111111,Standard Value,High,Launch retention campaign and personalized offer
12705.0,19,5,4893.810000000001,3191,18.467207547169817,196,4,4,5,13,Champions,Low Risk,0.15,1223.4525000000003,Very High Value,Medium,Provide premium rewards and exclusive offers
12708.0,4,9,2601.190000000001,1214,17.001241830065364,80,5,5,5,15,Champions,Low Risk,0.15,4682.142000000002,Very High Value,Medium,Provide premium rewards and exclusive offers
12709.0,2,20,21356.819999999992,10047,73.13979452054792,152,5,5,5,15,Champions,Low Risk,0.15,142378.79999999996,Very High Value,Medium,Provide premium rewards and exclusive offers
12711.0,247,2,1339.0499999999993,770,22.31749999999999,56,1,2,4,7,Potential Customers,High Risk,0.75,10.79879032258064,Standard Value,High,Launch retention campaign and personalized offer
12712.0,1,10,2797.5299999999997,1287,19.563146853146847,99,5,5,5,15,Champions,Low Risk,0.15,13987.649999999998,Very High Value,Medium,Provide premium rewards and exclusive offers
12714.0,24,7,9384.850000000004,5705,21.475629290617857,324,4,5,5,14,Champions,Low Risk,0.15,2627.758000000001,Very High Value,Medium,Provide premium rewards and exclusive offers
12717.0,226,1,277.93,94,17.370625,16,1,1,2,4,At Risk,High Risk,0.75,1.2243612334801763,Standard Value,High,Launch retention campaign and personalized offer
12720.0,5,6,2478.94,1645,15.993161290322575,129,5,4,5,14,Champions,Low Risk,0.15,2478.94,Very High Value,Medium,Provide premium rewards and exclusive offers
12721.0,21,2,1356.9499999999998,696,17.39679487179487,73,4,2,4,10,Loyal Customers,Low Risk,0.15,123.3590909090909,High Value,Medium,Maintain regular engagement and monitor customer activity
12724.0,19,3,1286.11,934,16.9225,66,4,3,4,11,Loyal Customers,Low Risk,0.15,192.91649999999998,High Value,Medium,Maintain regular engagement and monitor customer activity
12725.0,7,4,2266.7600000000007,1142,21.3845283018868,92,5,4,5,14,Champions,Low Risk,0.15,1133.3800000000003,Very High Value,Medium,Provide premium rewards and exclusive offers
12726.0,23,4,1405.5000000000002,1475,25.55454545454546,30,4,4,4,12,Loyal Customers,Low Risk,0.15,234.25000000000003,High Value,Medium,Maintain regular engagement and monitor customer activity
12727.0,78,3,1698.8300000000006,734,26.54421875000001,44,2,3,4,9,Potential Customers,High Risk,0.75,64.51253164556964,High Value,High,Launch retention campaign and personalized offer
12728.0,19,1,233.84,124,15.589333333333334,15,4,1,1,6,At Risk,Low Risk,0.15,11.692,Standard Value,Low,Maintain regular engagement and monitor customer activity
12730.0,157,1,829.2500000000001,234,17.643617021276597,47,2,1,3,6,At Risk,High Risk,0.75,5.248417721518988,Standard Value,High,Launch retention campaign and personalized offer
12731.0,78,5,6879.800000000001,3204,57.81344537815127,72,2,4,5,11,Loyal Customers,High Risk,0.75,435.4303797468355,Very High Value,High,Launch retention campaign and personalized offer
12733.0,25,3,2040.92,759,15.117925925925924,106,4,3,4,11,Loyal Customers,Low Risk,0.15,235.49076923076925,High Value,Medium,Maintain regular engagement and monitor customer activity
12734.0,10,2,529.25,177,35.28333333333333,13,5,2,3,10,Loyal Customers,Low Risk,0.15,96.22727272727273,High Value,Medium,Maintain regular engagement and monitor customer activity
12737.0,134,2,3710.5,2,1855.25,2,2,2,5,9,Potential Customers,High Risk,0.75,54.97037037037037,High Value,High,Launch retention campaign and personalized offer
12738.0,8,1,155.35,148,14.122727272727271,11,5,1,1,7,Potential Customers,Low Risk,0.15,17.26111111111111,Standard Value,Low,Use personalized promotions to increase customer engagement
12739.0,21,2,1713.6899999999996,465,33.601764705882346,51,4,2,4,10,Loyal Customers,Low Risk,0.15,155.78999999999996,High Value,Medium,Maintain regular engagement and monitor customer activity
12741.0,165,2,406.0700000000001,214,25.379375000000003,16,2,2,2,6,At Risk,High Risk,0.75,4.892409638554218,Standard Value,High,Launch retention campaign and personalized offer
12742.0,261,1,1201.52,1359,17.933134328358207,67,1,1,4,6,At Risk,High Risk,0.75,4.585954198473282,Standard Value,High,Launch retention campaign and personalized offer
12744.0,95,4,4037.77,1753,34.5108547008547,110,2,4,5,11,Loyal Customers,High Risk,0.75,168.24041666666668,High Value,High,Launch retention campaign and personalized offer
12745.0,122,3,925.4100000000002,468,40.23521739130435,21,2,3,3,8,Potential Customers,High Risk,0.75,22.5709756097561,Standard Value,High,Launch retention campaign and personalized offer
12746.0,176,1,254.55,97,14.973529411764703,17,2,1,2,5,At Risk,High Risk,0.75,1.438135593220339,Standard Value,High,Launch retention campaign and personalized offer
12747.0,5,16,5080.530000000002,1483,32.990454545454554,67,5,5,5,15,Champions,Low Risk,0.15,13548.080000000004,Very High Value,Medium,Provide premium rewards and exclusive offers
12748.0,1,144,22879.66000000009,13361,8.689578427649105,1342,5,5,5,15,Champions,Low Risk,0.15,1647335.5200000065,Very High Value,Medium,Provide premium rewards and exclusive offers
12749.0,35,4,2806.4800000000005,889,20.190503597122305,121,4,4,5,13,Champions,Low Risk,0.15,311.83111111111117,Very High Value,Medium,Provide premium rewards and exclusive offers
12751.0,80,1,268.27,189,4.326935483870967,61,2,1,2,5,At Risk,High Risk,0.75,3.311975308641975,Standard Value,High,Launch retention campaign and personalized offer
12755.0,1,10,5218.709999999999,2290,86.97849999999998,31,5,5,5,15,Champions,Low Risk,0.15,26093.549999999996,Very High Value,Medium,Provide premium rewards and exclusive offers
12758.0,95,5,7111.649999999999,4020,32.92430555555555,146,2,4,5,11,Loyal Customers,High Risk,0.75,370.39843749999994,Very High Value,High,Launch retention campaign and personalized offer
12759.0,22,5,3489.299999999997,2300,16.85652173913042,151,4,4,5,13,Champions,Low Risk,0.15,758.5434782608689,Very High Value,Medium,Provide premium rewards and exclusive offers
12760.0,91,1,347.8,198,16.561904761904763,21,2,1,2,5,At Risk,High Risk,0.75,3.7804347826086957,Standard Value,High,Launch retention campaign and personalized offer
12761.0,93,2,782.95,281,28.99814814814815,27,2,2,3,7,Potential Customers,High Risk,0.75,16.658510638297873,Standard Value,High,Launch retention campaign and personalized offer
12763.0,5,1,320.08,196,20.005,16,5,1,2,8,Potential Customers,Low Risk,0.15,53.346666666666664,High Value,Medium,Use personalized promotions to increase customer engagement
12765.0,108,6,1404.58,1009,20.65558823529412,49,2,4,4,10,Loyal Customers,High Risk,0.75,77.31633027522935,High Value,High,Launch retention campaign and personalized offer
12766.0,2,3,3078.6500000000005,1800,21.232068965517247,132,5,3,5,13,Champions,Low Risk,0.15,3078.65,Very High Value,Medium,Provide premium rewards and exclusive offers
12767.0,11,1,949.82,598,22.088837209302323,43,5,1,3,9,Potential Customers,Low Risk,0.15,79.15166666666667,High Value,Medium,Use personalized promotions to increase customer engagement
12768.0,86,1,168.69000000000003,102,16.869000000000003,10,2,1,1,4,At Risk,High Risk,0.75,1.9389655172413796,Standard Value,High,Launch retention campaign and personalized offer
12770.0,92,1,1895.0,1100,118.4375,16,2,1,4,7,Potential Customers,High Risk,0.75,20.376344086021504,Standard Value,High,Launch retention campaign and personalized offer
12771.0,121,1,282.3,104,18.82,15,2,1,2,5,At Risk,High Risk,0.75,2.3139344262295083,Standard Value,High,Launch retention campaign and personalized offer
12773.0,200,1,124.25,109,20.70833333333333,6,1,1,1,3,At Risk,High Risk,0.75,0.6181592039800995,Standard Value,High,Launch retention campaign and personalized offer
12774.0,171,1,98.7,53,16.45,6,2,1,1,4,At Risk,High Risk,0.75,0.5738372093023256,Standard Value,High,Launch retention campaign and personalized offer
12775.0,24,2,300.08,206,20.005333333333333,13,4,2,2,8,Potential Customers,Low Risk,0.15,24.0064,Standard Value,Low,Use personalized promotions to increase customer engagement
12776.0,303,1,55.5,46,13.875,4,1,1,1,3,At Risk,High Risk,0.75,0.1825657894736842,Standard Value,High,Launch retention campaign and personalized offer
12777.0,93,1,519.4499999999999,458,19.978846153846156,26,2,1,3,6,At Risk,High Risk,0.75,5.526063829787233,Standard Value,High,Launch retention campaign and personalized offer
12778.0,32,3,953.45,910,14.89765625,55,4,3,3,10,Loyal Customers,Low Risk,0.15,86.67727272727274,High Value,Medium,Maintain regular engagement and monitor customer activity
12779.0,7,7,2740.91,1617,21.413359375,84,5,5,5,15,Champions,Low Risk,0.15,2398.29625,Very High Value,Medium,Provide premium rewards and exclusive offers
12780.0,234,1,337.39999999999986,285,16.869999999999994,20,1,1,2,4,At Risk,High Risk,0.75,1.4357446808510632,Standard Value,High,Launch retention campaign and personalized offer
12782.0,10,6,2287.3199999999997,931,18.44612903225806,94,5,4,5,14,Champions,Low Risk,0.15,1247.6290909090908,Very High Value,Medium,Provide premium rewards and exclusive offers
12784.0,165,1,1230.3300000000004,582,17.087916666666672,72,2,1,4,7,Potential Customers,High Risk,0.75,7.411626506024099,Standard Value,High,Launch retention campaign and personalized offer
12785.0,171,2,788.4499999999999,322,18.772619047619045,36,2,2,3,7,Potential Customers,High Risk,0.75,9.168023255813953,Standard Value,High,Launch retention campaign and personalized offer
12786.0,245,1,728.4999999999999,324,40.47222222222221,18,1,1,3,5,At Risk,High Risk,0.75,2.961382113821138,Standard Value,High,Launch retention campaign and personalized offer
12787.0,49,1,398.52,249,16.605,24,3,1,2,6,At Risk,Low Risk,0.15,7.9704,Standard Value,Low,Maintain regular engagement and monitor customer activity
12788.0,99,4,444.9,194,17.111538461538462,20,2,4,2,8,Potential Customers,High Risk,0.75,17.796,Standard Value,High,Launch retention campaign and personalized offer
12789.0,148,2,181.5,32,45.375,2,2,2,1,5,At Risk,High Risk,0.75,2.436241610738255,Standard Value,High,Launch retention campaign and personalized offer
12790.0,46,1,266.93,140,16.683125,16,3,1,2,6,At Risk,Low Risk,0.15,5.67936170212766,Standard Value,Low,Maintain regular engagement and monitor customer activity
12791.0,9,6,863.5100000000001,353,30.83964285714286,17,5,4,3,12,Loyal Customers,Low Risk,0.15,518.106,Very High Value,Medium,Provide premium rewards and exclusive offers
12792.0,170,1,426.47,177,19.385,22,2,1,2,5,At Risk,High Risk,0.75,2.493976608187135,Standard Value,High,Launch retention campaign and personalized offer
12793.0,7,2,471.85,231,17.475925925925928,23,5,2,2,9,Potential Customers,Low Risk,0.15,117.9625,High Value,Medium,Use personalized promotions to increase customer engagement
12796.0,264,1,381.0,182,54.42857142857143,7,1,1,2,4,At Risk,High Risk,0.75,1.4377358490566037,Standard Value,High,Launch retention campaign and personalized offer
12797.0,1,2,552.08,215,18.40266666666667,27,5,2,3,10,Loyal Customers,Low Risk,0.15,552.08,Very High Value,Medium,Provide premium rewards and exclusive offers
12798.0,57,1,1533.8899999999996,3199,61.35559999999999,25,3,1,4,8,Potential Customers,High Risk,0.75,26.44637931034482,Standard Value,High,Launch retention campaign and personalized offer
12799.0,165,1,219.35,137,14.623333333333337,15,2,1,1,4,At Risk,High Risk,0.75,1.3213855421686747,Standard Value,High,Launch retention campaign and personalized offer
12800.0,106,3,584.2499999999999,284,17.18382352941176,31,2,3,3,8,Potential Customers,High Risk,0.75,16.380841121495322,Standard Value,High,Launch retention campaign and personalized offer
12801.0,136,1,1071.82,505,21.4364,50,2,1,4,7,Potential Customers,High Risk,0.75,7.823503649635036,Standard Value,High,Launch retention campaign and personalized offer
12802.0,78,6,1988.8400000000008,1658,17.60035398230089,89,2,4,4,10,Loyal Customers,High Risk,0.75,151.0511392405064,High Value,High,Launch retention campaign and personalized offer
12803.0,29,1,1092.81,872,19.86927272727273,55,4,1,4,9,Potential Customers,Low Risk,0.15,36.427,High Value,Medium,Use personalized promotions to increase customer engagement
12804.0,101,2,327.02,271,4.88089552238806,60,2,2,2,6,At Risk,High Risk,0.75,6.412156862745098,Standard Value,High,Launch retention campaign and personalized offer
12805.0,17,4,1434.9500000000005,593,24.74051724137932,44,4,4,4,12,Loyal Customers,Low Risk,0.15,318.8777777777779,Very High Value,Medium,Provide premium rewards and exclusive offers
12806.0,71,4,2878.959999999999,2087,42.96955223880596,58,3,4,5,12,Loyal Customers,High Risk,0.75,159.94222222222217,High Value,High,Launch retention campaign and personalized offer
12807.0,19,1,330.35,145,20.646875,16,4,1,2,7,Potential Customers,Low Risk,0.15,16.517500000000002,Standard Value,Low,Use personalized promotions to increase customer engagement
12808.0,4,3,422.44999999999993,187,16.24807692307692,26,5,3,2,10,Loyal Customers,Low Risk,0.15,253.46999999999997,High Value,Medium,Maintain regular engagement and monitor customer activity
12809.0,201,2,1266.63,298,22.618392857142855,52,1,2,4,7,Potential Customers,High Risk,0.75,12.540891089108912,Standard Value,High,Launch retention campaign and personalized offer
12810.0,170,2,534.99,389,16.7184375,32,2,2,3,7,Potential Customers,High Risk,0.75,6.25719298245614,Standard Value,High,Launch retention campaign and personalized offer
12811.0,14,2,519.0500000000001,205,20.762000000000004,23,5,2,3,10,Loyal Customers,Low Risk,0.15,69.20666666666668,High Value,Medium,Maintain regular engagement and monitor customer activity
12813.0,137,3,1687.8000000000009,1141,37.50666666666669,37,2,3,4,9,Potential Customers,High Risk,0.75,36.691304347826105,High Value,High,Launch retention campaign and personalized offer
12817.0,35,2,524.94,166,24.997142857142855,16,4,2,3,9,Potential Customers,Low Risk,0.15,29.163333333333338,Standard Value,Low,Use personalized promotions to increase customer engagement
12819.0,94,1,540.5200000000001,344,28.448421052631584,19,2,1,3,6,At Risk,High Risk,0.75,5.689684210526317,Standard Value,High,Launch retention campaign and personalized offer
12820.0,33,7,1747.1800000000007,1242,17.47180000000001,87,4,5,4,13,Champions,Low Risk,0.15,359.71352941176485,Very High Value,Medium,Provide premium rewards and exclusive offers
12821.0,247,1,128.08,92,18.29714285714286,7,1,1,1,3,At Risk,High Risk,0.75,0.5164516129032258,Standard Value,High,Launch retention campaign and personalized offer
12823.0,30,13,4742.0,700,364.7692307692308,1,4,5,5,14,Champions,Low Risk,0.15,1988.5806451612902,Very High Value,Medium,Provide premium rewards and exclusive offers
12825.0,157,2,518.63,139,21.609583333333333,20,2,2,3,7,Potential Customers,High Risk,0.75,6.56493670886076,Standard Value,High,Launch retention campaign and personalized offer
12826.0,1,6,1481.0300000000009,937,19.74706666666668,53,5,4,4,13,Champions,Low Risk,0.15,4443.090000000003,Very High Value,Medium,Provide premium rewards and exclusive offers
12829.0,186,1,92.3,174,11.5375,8,1,1,1,3,At Risk,High Risk,0.75,0.49358288770053477,Standard Value,High,Launch retention campaign and personalized offer
12831.0,99,2,236.06,168,18.158461538461538,13,2,2,1,5,At Risk,High Risk,0.75,4.7212,Standard Value,High,Launch retention campaign and personalized offer
12835.0,63,41,6043.309999999981,2357,9.747274193548355,138,3,5,5,13,Champions,High Risk,0.75,3871.495468749988,Very High Value,High,Launch retention campaign and personalized offer
12836.0,25,11,3972.760000000001,1172,16.622426778242684,173,4,5,5,14,Champions,Low Risk,0.15,1680.7830769230775,Very High Value,Medium,Provide premium rewards and exclusive offers
12837.0,205,1,554.3099999999998,185,6.928874999999998,73,1,1,3,5,At Risk,High Risk,0.75,2.6908252427184456,Standard Value,High,Launch retention campaign and personalized offer
12838.0,9,9,2715.3499999999995,1486,9.051166666666663,177,5,5,5,15,Champions,Low Risk,0.15,2443.8149999999996,Very High Value,Medium,Provide premium rewards and exclusive offers
12839.0,3,13,4480.310000000002,3042,17.100419847328254,112,5,5,5,15,Champions,Low Risk,0.15,14561.007500000007,Very High Value,Medium,Provide premium rewards and exclusive offers
12840.0,73,3,1315.1999999999998,747,20.876190476190477,57,2,3,4,9,Potential Customers,High Risk,0.75,53.31891891891891,High Value,High,Launch retention campaign and personalized offer
12841.0,5,17,3518.329999999997,2657,12.476347517730488,154,5,5,5,15,Champions,Low Risk,0.15,9968.601666666658,Very High Value,Medium,Provide premium rewards and exclusive offers
12842.0,40,2,799.0000000000002,340,57.07142857142859,13,3,2,3,8,Potential Customers,Low Risk,0.15,38.97560975609757,High Value,Medium,Use personalized promotions to increase customer engagement
12843.0,18,22,4886.15,2250,41.40805084745762,77,4,5,5,14,Champions,Low Risk,0.15,5657.647368421052,Very High Value,Medium,Provide premium rewards and exclusive offers
12844.0,78,2,322.64,98,6.3262745098039215,43,2,2,2,6,At Risk,High Risk,0.75,8.168101265822784,Standard Value,High,Launch retention campaign and personalized offer
12846.0,318,1,15.58,1,15.58,1,1,1,1,3,At Risk,High Risk,0.75,0.04884012539184953,Standard Value,High,Launch retention campaign and personalized offer
12847.0,23,1,765.3599999999999,624,21.86742857142857,34,4,1,3,8,Potential Customers,Low Risk,0.15,31.889999999999997,Standard Value,Low,Use personalized promotions to increase customer engagement
12848.0,311,1,208.00000000000003,58,13.000000000000002,16,1,1,1,3,At Risk,High Risk,0.75,0.6666666666666667,Standard Value,High,Launch retention campaign and personalized offer
12849.0,17,4,2039.6700000000008,1259,21.027525773195883,80,4,4,4,12,Loyal Customers,Low Risk,0.15,453.26000000000016,Very High Value,Medium,Provide premium rewards and exclusive offers
12850.0,81,1,330.0,200,165.0,2,2,1,2,5,At Risk,High Risk,0.75,4.024390243902439,Standard Value,High,Launch retention campaign and personalized offer
12851.0,113,1,148.95000000000005,51,4.965000000000002,30,2,1,1,4,At Risk,High Risk,0.75,1.3065789473684215,Standard Value,High,Launch retention campaign and personalized offer
12853.0,63,5,1950.4000000000003,868,27.862857142857152,58,3,4,4,11,Loyal Customers,High Risk,0.75,152.37500000000003,High Value,High,Launch retention campaign and personalized offer
12854.0,197,4,1669.520000000001,1008,10.771096774193552,120,1,4,4,9,Potential Customers,High Risk,0.75,33.72767676767678,High Value,High,Launch retention campaign and personalized offer
12855.0,8,4,612.8400000000004,240,9.146865671641796,65,5,4,3,12,Loyal Customers,Low Risk,0.15,272.3733333333335,High Value,Medium,Maintain regular engagement and monitor customer activity
12857.0,72,4,2581.6000000000004,1077,34.42133333333334,46,2,4,5,11,Loyal Customers,High Risk,0.75,141.45753424657536,High Value,High,Launch retention campaign and personalized offer
12858.0,19,1,177.91999999999996,63,3.631020408163264,36,4,1,1,6,At Risk,Low Risk,0.15,8.895999999999997,Standard Value,Low,Maintain regular engagement and monitor customer activity
12859.0,94,1,575.0999999999999,292,27.385714285714283,21,2,1,3,6,At Risk,High Risk,0.75,6.053684210526315,Standard Value,High,Launch retention campaign and personalized offer
12860.0,329,1,55.47,27,3.262941176470588,16,1,1,1,3,At Risk,High Risk,0.75,0.1680909090909091,Standard Value,High,Launch retention campaign and personalized offer
12861.0,255,1,68.25,27,17.0625,4,1,1,1,3,At Risk,High Risk,0.75,0.2666015625,Standard Value,High,Launch retention campaign and personalized offer
12862.0,61,2,1008.3200000000004,613,7.58135338345865,119,3,2,4,9,Potential Customers,High Risk,0.75,32.52645161290324,High Value,High,Launch retention campaign and personalized offer
12863.0,15,5,2271.35,707,52.82209302325581,23,5,4,5,14,Champions,Low Risk,0.15,709.796875,Very High Value,Medium,Provide premium rewards and exclusive offers
12864.0,144,1,152.45,231,38.1125,4,2,1,1,4,At Risk,High Risk,0.75,1.0513793103448275,Standard Value,High,Launch retention campaign and personalized offer
12865.0,14,2,1755.240000000001,1048,17.55240000000001,93,5,2,4,11,Loyal Customers,Low Risk,0.15,234.03200000000012,High Value,Medium,Maintain regular engagement and monitor customer activity
12866.0,110,2,668.23,382,18.06027027027027,34,2,2,3,7,Potential Customers,High Risk,0.75,12.040180180180181,Standard Value,High,Launch retention campaign and personalized offer
12867.0,33,6,3876.469999999999,3641,7.383752380952378,260,4,4,5,13,Champions,Low Risk,0.15,684.0829411764704,Very High Value,Medium,Provide premium rewards and exclusive offers
12868.0,9,3,640.0000000000001,354,16.410256410256412,30,5,3,3,11,Loyal Customers,Low Risk,0.15,192.00000000000006,High Value,Medium,Maintain regular engagement and monitor customer activity
12869.0,317,1,337.67,144,9.126216216216216,35,1,1,2,4,At Risk,High Risk,0.75,1.0618553459119497,Standard Value,High,Launch retention campaign and personalized offer
12870.0,11,3,1676.9500000000007,906,18.031720430107534,85,5,3,4,12,Loyal Customers,Low Risk,0.15,419.2375000000002,Very High Value,Medium,Provide premium rewards and exclusive offers
12871.0,75,1,363.38,284,51.91142857142857,7,2,1,2,5,At Risk,High Risk,0.75,4.781315789473684,Standard Value,High,Launch retention campaign and personalized offer
12872.0,1,11,3085.519999999997,1536,8.339243243243235,204,5,5,5,15,Champions,Low Risk,0.15,16970.359999999982,Very High Value,Medium,Provide premium rewards and exclusive offers
12873.0,33,2,1653.3000000000002,658,53.33225806451613,30,4,2,4,10,Loyal Customers,Low Risk,0.15,97.2529411764706,High Value,Medium,Maintain regular engagement and monitor customer activity
12874.0,21,2,948.4199999999998,623,19.75875,44,4,2,3,9,Potential Customers,Low Risk,0.15,86.21999999999998,High Value,Medium,Use personalized promotions to increase customer engagement
12875.0,107,3,1013.76,3168,168.96,2,2,3,4,9,Potential Customers,High Risk,0.75,28.159999999999997,Standard Value,High,Launch retention campaign and personalized offer
12876.0,30,2,1863.77,1106,21.926705882352945,70,4,2,4,10,Loyal Customers,Low Risk,0.15,120.2432258064516,High Value,Medium,Maintain regular engagement and monitor customer activity
12877.0,37,8,1419.4000000000003,1084,11.539837398373988,76,3,5,4,12,Loyal Customers,Low Risk,0.15,298.821052631579,High Value,Medium,Maintain regular engagement and monitor customer activity
12880.0,17,2,640.1299999999998,279,17.781388888888884,32,4,2,3,9,Potential Customers,Low Risk,0.15,71.12555555555554,High Value,Medium,Use personalized promotions to increase customer engagement
12887.0,19,1,222.4,100,17.107692307692307,13,4,1,1,6,At Risk,Low Risk,0.15,11.120000000000001,Standard Value,Low,Maintain regular engagement and monitor customer activity
12889.0,17,4,385.4600000000001,124,15.418400000000004,25,4,4,2,10,Loyal Customers,Low Risk,0.15,85.6577777777778,High Value,Medium,Maintain regular engagement and monitor customer activity
12890.0,23,1,336.79999999999984,207,5.908771929824559,56,4,1,2,7,Potential Customers,Low Risk,0.15,14.033333333333326,Standard Value,Low,Use personalized promotions to increase customer engagement
12891.0,94,8,509.5,1375,63.6875,2,2,5,3,10,Loyal Customers,High Risk,0.75,42.90526315789474,High Value,High,Launch retention campaign and personalized offer
12892.0,32,1,263.37999999999994,140,14.632222222222218,18,4,1,2,7,Potential Customers,Low Risk,0.15,7.98121212121212,Standard Value,Low,Use personalized promotions to increase customer engagement
12894.0,211,1,157.35,33,7.492857142857143,21,1,1,1,3,At Risk,High Risk,0.75,0.7422169811320755,Standard Value,High,Launch retention campaign and personalized offer
12897.0,17,2,297.75,139,29.775,9,4,2,2,8,Potential Customers,Low Risk,0.15,33.083333333333336,High Value,Medium,Use personalized promotions to increase customer engagement
12898.0,99,2,310.96000000000004,240,9.7175,27,2,2,2,6,At Risk,High Risk,0.75,6.219200000000001,Standard Value,High,Launch retention campaign and personalized offer
12899.0,49,1,366.4,108,21.552941176470583,17,3,1,2,6,At Risk,Low Risk,0.15,7.327999999999999,Standard Value,Low,Maintain regular engagement and monitor customer activity
12900.0,58,1,340.33000000000004,139,26.179230769230774,13,3,1,2,6,At Risk,High Risk,0.75,5.768305084745763,Standard Value,High,Launch retention campaign and personalized offer
12903.0,64,1,833.5300000000001,493,20.33,41,3,1,3,7,Potential Customers,High Risk,0.75,12.823538461538464,Standard Value,High,Launch retention campaign and personalized offer
12905.0,212,2,1018.4200000000004,532,18.859629629629637,52,1,2,4,7,Potential Customers,High Risk,0.75,9.562629107981225,Standard Value,High,Launch retention campaign and personalized offer
12907.0,31,2,508.9099999999999,177,20.3564,23,4,2,3,9,Potential Customers,Low Risk,0.15,31.806874999999994,Standard Value,Low,Use personalized promotions to increase customer engagement
12908.0,16,3,1026.0,1800,342.0,1,4,3,4,11,Loyal Customers,Low Risk,0.15,181.05882352941177,High Value,Medium,Maintain regular engagement and monitor customer activity
12909.0,60,3,924.5199999999998,668,13.79880597014925,49,3,3,3,9,Potential Customers,High Risk,0.75,45.468196721311465,High Value,High,Launch retention campaign and personalized offer
12910.0,15,5,2721.48,1940,43.89483870967742,38,5,4,5,14,Champions,Low Risk,0.15,850.4625,Very High Value,Medium,Provide premium rewards and exclusive offers
12911.0,187,1,1680.4700000000005,820,6.7760887096774205,220,1,1,4,6,At Risk,High Risk,0.75,8.93867021276596,Standard Value,High,Launch retention campaign and personalized offer
12913.0,4,9,4217.230000000001,1813,91.67891304347827,26,5,5,5,15,Champions,Low Risk,0.15,7591.014000000003,Very High Value,Medium,Provide premium rewards and exclusive offers
12914.0,36,1,223.98,336,24.886666666666667,9,4,1,1,6,At Risk,Low Risk,0.15,6.053513513513513,Standard Value,Low,Maintain regular engagement and monitor customer activity
12915.0,8,3,811.1000000000004,359,15.903921568627458,40,5,3,3,11,Loyal Customers,Low Risk,0.15,270.3666666666668,High Value,Medium,Maintain regular engagement and monitor customer activity
12916.0,78,3,1647.87,655,21.40090909090909,51,2,3,4,9,Potential Customers,High Risk,0.75,62.5773417721519,High Value,High,Launch retention campaign and personalized offer
12917.0,36,5,3765.2000000000007,984,78.44166666666668,44,4,4,5,13,Champions,Low Risk,0.15,508.8108108108109,Very High Value,Medium,Provide premium rewards and exclusive offers
12918.0,262,1,10953.5,1,10953.5,1,1,1,5,7,Potential Customers,High Risk,0.75,41.648288973384034,High Value,High,Launch retention campaign and personalized offer
12920.0,207,3,323.8600000000002,292,10.120625000000006,32,1,3,2,6,At Risk,High Risk,0.75,4.671057692307695,Standard Value,High,Launch retention campaign and personalized offer
12921.0,2,39,19333.95000000004,12182,23.751781326781376,200,5,5,5,15,Champions,Low Risk,0.15,251341.35000000053,Very High Value,Medium,Provide premium rewards and exclusive offers
12923.0,26,2,612.8999999999999,168,18.572727272727267,28,4,2,3,9,Potential Customers,Low Risk,0.15,45.39999999999999,High Value,Medium,Use personalized promotions to increase customer engagement
12924.0,29,8,1535.7000000000005,942,34.90227272727273,37,4,5,4,13,Champions,Low Risk,0.15,409.52000000000015,Very High Value,Medium,Provide premium rewards and exclusive offers
12925.0,228,1,35.28,108,7.056,5,1,1,1,3,At Risk,High Risk,0.75,0.15406113537117905,Standard Value,High,Launch retention campaign and personalized offer
12926.0,47,4,1548.4600000000007,766,5.651313868613141,202,3,4,4,11,Loyal Customers,Low Risk,0.15,129.03833333333338,High Value,Medium,Maintain regular engagement and monitor customer activity
12927.0,30,1,197.31,145,17.937272727272727,11,4,1,1,6,At Risk,Low Risk,0.15,6.36483870967742,Standard Value,Low,Maintain regular engagement and monitor customer activity
12928.0,14,7,2242.19,1427,23.602,62,5,5,5,15,Champions,Low Risk,0.15,1046.3553333333334,Very High Value,Medium,Provide premium rewards and exclusive offers
12931.0,16,42,50291.38,34902,369.7895588235294,21,4,5,5,14,Champions,Low Risk,0.15,124249.29176470588,Very High Value,Medium,Provide premium rewards and exclusive offers
12932.0,175,8,1698.5600000000004,1609,17.879578947368426,69,2,5,4,11,Loyal Customers,High Risk,0.75,77.20727272727275,High Value,High,Launch retention campaign and personalized offer
12933.0,16,5,1079.500000000001,460,5.681578947368425,152,4,4,4,12,Loyal Customers,Low Risk,0.15,317.5000000000003,Very High Value,Medium,Provide premium rewards and exclusive offers
12934.0,372,1,181.65,31,90.825,2,1,1,1,3,At Risk,High Risk,0.75,0.48699731903485255,Standard Value,High,Launch retention campaign and personalized offer
12935.0,11,8,2083.1600000000017,1348,16.665280000000013,61,5,5,4,14,Champions,Low Risk,0.15,1388.7733333333344,Very High Value,Medium,Provide premium rewards and exclusive offers
12937.0,99,5,1593.3400000000004,976,16.426185567010315,71,2,4,4,10,Loyal Customers,High Risk,0.75,79.66700000000002,High Value,High,Launch retention campaign and personalized offer
12939.0,15,12,13683.000000000002,5452,350.84615384615387,12,5,5,5,15,Champions,Low Risk,0.15,10262.250000000002,Very High Value,Medium,Provide premium rewards and exclusive offers
12941.0,360,1,377.4900000000002,381,13.981111111111115,27,1,1,2,4,At Risk,High Risk,0.75,1.0456786703601113,Standard Value,High,Launch retention campaign and personalized offer
12942.0,1,1,258.75,69,16.171875,16,5,1,2,8,Potential Customers,Low Risk,0.15,129.375,High Value,Medium,Use personalized promotions to increase customer engagement
12943.0,194,2,496.4999999999999,222,19.86,22,1,2,2,5,At Risk,High Risk,0.75,5.092307692307691,Standard Value,High,Launch retention campaign and personalized offer
12945.0,292,1,437.16,281,15.612857142857145,28,1,1,2,4,At Risk,High Risk,0.75,1.4920136518771332,Standard Value,High,Launch retention campaign and personalized offer
12946.0,72,1,324.45,149,16.2225,20,2,1,2,5,At Risk,High Risk,0.75,4.4445205479452055,Standard Value,High,Launch retention campaign and personalized offer
12947.0,9,1,304.04,184,17.88470588235294,17,5,1,2,8,Potential Customers,Low Risk,0.15,30.404000000000003,Standard Value,Low,Use personalized promotions to increase customer engagement
12948.0,366,2,252.48,224,28.05333333333333,7,1,2,1,4,At Risk,High Risk,0.75,1.3759128065395094,Standard Value,High,Launch retention campaign and personalized offer
12949.0,18,14,11359.480000000016,5852,22.71896000000003,262,4,5,5,14,Champions,Low Risk,0.15,8370.143157894749,Very High Value,Medium,Provide premium rewards and exclusive offers
12951.0,22,9,2149.650000000001,1159,16.409541984732837,83,4,5,5,14,Champions,Low Risk,0.15,841.1673913043483,Very High Value,Medium,Provide premium rewards and exclusive offers
12953.0,158,1,498.9599999999999,280,16.09548387096774,31,2,1,2,5,At Risk,High Risk,0.75,3.1381132075471694,Standard Value,High,Launch retention campaign and personalized offer
12954.0,274,1,162.45,83,16.244999999999997,10,1,1,1,3,At Risk,High Risk,0.75,0.5907272727272727,Standard Value,High,Launch retention campaign and personalized offer
12956.0,320,3,413.8199999999999,306,17.992173913043473,23,1,3,2,6,At Risk,High Risk,0.75,3.8674766355140173,Standard Value,High,Launch retention campaign and personalized offer
12957.0,177,5,4689.43,2137,18.60884920634921,221,1,4,5,10,Loyal Customers,High Risk,0.75,131.72556179775282,High Value,High,Launch retention campaign and personalized offer
12958.0,36,2,539.4899999999999,131,9.46473684210526,45,4,2,3,9,Potential Customers,Low Risk,0.15,29.161621621621617,Standard Value,Low,Use personalized promotions to increase customer engagement
12959.0,120,1,150.95000000000002,109,18.86875,8,2,1,1,4,At Risk,High Risk,0.75,1.2475206611570249,Standard Value,High,Launch retention campaign and personalized offer
12960.0,49,4,1322.0700000000002,1379,18.886714285714287,49,3,4,4,11,Loyal Customers,Low Risk,0.15,105.7656,High Value,Medium,Maintain regular engagement and monitor customer activity
12961.0,15,1,211.99,180,5.29975,37,5,1,1,7,Potential Customers,Low Risk,0.15,13.249375,Standard Value,Low,Use personalized promotions to increase customer engagement
12963.0,1,5,1744.96,928,18.368,74,5,4,4,13,Champions,Low Risk,0.15,4362.4,Very High Value,Medium,Provide premium rewards and exclusive offers
12964.0,73,1,132.24,56,5.086153846153847,26,2,1,1,4,At Risk,High Risk,0.75,1.7870270270270272,Standard Value,High,Launch retention campaign and personalized offer
12967.0,7,2,2646.0200000000004,834,43.37737704918033,47,5,2,5,12,Loyal Customers,Low Risk,0.15,661.5050000000001,Very High Value,Medium,Provide premium rewards and exclusive offers
12969.0,238,1,122.45,55,24.49,5,1,1,1,3,At Risk,High Risk,0.75,0.5123430962343096,Standard Value,High,Launch retention campaign and personalized offer
12970.0,16,6,1072.7300000000005,704,4.623836206896554,174,4,4,4,12,Loyal Customers,Low Risk,0.15,378.6105882352943,Very High Value,Medium,Provide premium rewards and exclusive offers
12971.0,2,33,4782.879999999997,5298,39.85733333333331,46,5,5,5,15,Champions,Low Risk,0.15,52611.67999999997,Very High Value,Medium,Provide premium rewards and exclusive offers
12972.0,49,4,1161.1999999999998,844,15.080519480519476,69,3,4,4,11,Loyal Customers,Low Risk,0.15,92.89599999999999,High Value,Medium,Maintain regular engagement and monitor customer activity
12973.0,49,1,385.55,31,64.25833333333334,6,3,1,2,6,At Risk,Low Risk,0.15,7.711,Standard Value,Low,Maintain regular engagement and monitor customer activity
12974.0,201,1,264.15000000000003,80,11.00625,24,1,1,2,4,At Risk,High Risk,0.75,1.3076732673267328,Standard Value,High,Launch retention campaign and personalized offer
12975.0,72,6,2100.0900000000006,911,18.750803571428577,92,2,4,4,10,Loyal Customers,High Risk,0.75,172.61013698630143,High Value,High,Launch retention campaign and personalized offer
12976.0,14,7,2417.779999999999,2123,18.316515151515144,94,5,5,5,15,Champions,Low Risk,0.15,1128.2973333333327,Very High Value,Medium,Provide premium rewards and exclusive offers
12977.0,137,3,478.38999999999993,119,9.567799999999998,45,2,3,2,7,Potential Customers,High Risk,0.75,10.39978260869565,Standard Value,High,Launch retention campaign and personalized offer
12978.0,21,5,2502.819999999999,1394,15.35472392638036,126,4,4,5,13,Champions,Low Risk,0.15,568.8227272727271,Very High Value,Medium,Provide premium rewards and exclusive offers
12979.0,365,1,517.7000000000002,520,9.24464285714286,56,1,1,3,5,At Risk,High Risk,0.75,1.4144808743169404,Standard Value,High,Launch retention campaign and personalized offer
12980.0,22,12,8870.880000000001,1024,277.21500000000003,7,4,5,5,14,Champions,Low Risk,0.15,4628.285217391305,Very High Value,Medium,Provide premium rewards and exclusive offers
12982.0,30,7,2354.2699999999995,1441,15.695133333333333,117,4,5,5,14,Champions,Low Risk,0.15,531.6093548387096,Very High Value,Medium,Provide premium rewards and exclusive offers
12983.0,234,1,490.08,638,16.336,30,1,1,2,4,At Risk,High Risk,0.75,2.085446808510638,Standard Value,High,Launch retention campaign and personalized offer
12986.0,64,10,2729.840000000002,1164,26.76313725490198,61,3,5,5,13,Champions,High Risk,0.75,419.97538461538494,Very High Value,High,Launch retention campaign and personalized offer
12987.0,56,3,753.51,366,19.82921052631579,35,3,3,3,9,Potential Customers,High Risk,0.75,39.658421052631574,High Value,High,Launch retention campaign and personalized offer
12989.0,60,18,6627.639999999999,3992,200.8375757575757,11,3,5,5,13,Champions,High Risk,0.75,1955.6970491803277,Very High Value,High,Launch retention campaign and personalized offer
12990.0,53,4,546.0,280,39.0,6,3,4,3,10,Loyal Customers,Low Risk,0.15,40.44444444444444,High Value,Medium,Maintain regular engagement and monitor customer activity
12991.0,25,1,261.05999999999995,78,18.647142857142853,14,4,1,2,7,Potential Customers,Low Risk,0.15,10.040769230769229,Standard Value,Low,Use personalized promotions to increase customer engagement
12992.0,361,1,93.35,21,15.558333333333335,6,1,1,1,3,At Risk,High Risk,0.75,0.2578729281767956,Standard Value,High,Launch retention campaign and personalized offer
12993.0,81,4,844.87,511,17.242244897959182,44,2,4,3,9,Potential Customers,High Risk,0.75,41.213170731707315,High Value,High,Launch retention campaign and personalized offer
12996.0,11,1,355.5,122,16.15909090909091,22,5,1,2,8,Potential Customers,Low Risk,0.15,29.625,Standard Value,Low,Use personalized promotions to increase customer engagement
12997.0,30,4,884.02,522,18.41708333333333,32,4,4,3,11,Loyal Customers,Low Risk,0.15,114.06709677419354,High Value,Medium,Maintain regular engagement and monitor customer activity
12998.0,128,3,920.08,1124,15.863448275862067,58,2,3,3,8,Potential Customers,High Risk,0.75,21.39720930232558,Standard Value,High,Launch retention campaign and personalized offer
13000.0,361,1,497.65000000000015,169,16.053225806451618,31,1,1,2,4,At Risk,High Risk,0.75,1.3747237569060777,Standard Value,High,Launch retention campaign and personalized offer
13001.0,40,20,14353.280000000012,8034,20.89269286754005,261,3,5,5,13,Champions,Low Risk,0.15,7001.600000000005,Very High Value,Medium,Provide premium rewards and exclusive offers
13002.0,52,2,293.18,128,18.32375,14,3,2,2,7,Potential Customers,Low Risk,0.15,11.063396226415094,Standard Value,Low,Use personalized promotions to increase customer engagement
13004.0,22,18,5994.939999999991,3946,14.586228710462263,230,4,5,5,14,Champions,Low Risk,0.15,4691.692173913037,Very High Value,Medium,Provide premium rewards and exclusive offers
13005.0,67,2,485.98,290,16.199333333333335,27,3,2,2,7,Potential Customers,High Risk,0.75,14.293529411764707,Standard Value,High,Launch retention campaign and personalized offer
13007.0,215,1,175.25,59,15.931818181818182,11,1,1,1,3,At Risk,High Risk,0.75,0.8113425925925926,Standard Value,High,Launch retention campaign and personalized offer
13008.0,33,2,382.66,204,18.221904761904764,20,4,2,2,8,Potential Customers,Low Risk,0.15,22.509411764705884,Standard Value,Low,Use personalized promotions to increase customer engagement
13009.0,308,1,234.0,120,58.5,4,1,1,1,3,At Risk,High Risk,0.75,0.7572815533980582,Standard Value,High,Launch retention campaign and personalized offer
13010.0,10,2,330.12,323,27.51,10,5,2,2,9,Potential Customers,Low Risk,0.15,60.02181818181818,High Value,Medium,Use personalized promotions to increase customer engagement
13011.0,8,1,50.55,13,16.85,3,5,1,1,7,Potential Customers,Low Risk,0.15,5.616666666666666,Standard Value,Low,Use personalized promotions to increase customer engagement
13012.0,65,3,1310.9900000000005,739,20.16907692307693,54,3,3,4,10,Loyal Customers,High Risk,0.75,59.59045454545456,High Value,High,Launch retention campaign and personalized offer
13013.0,7,18,7814.829999999991,4239,23.32785074626863,224,5,5,5,15,Champions,Low Risk,0.15,17583.36749999998,Very High Value,Medium,Provide premium rewards and exclusive offers
13014.0,68,1,1914.8000000000009,1074,16.650434782608702,115,3,1,4,8,Potential Customers,High Risk,0.75,27.750724637681174,Standard Value,High,Launch retention campaign and personalized offer
13015.0,74,6,3240.139999999999,1918,18.729132947976872,156,2,4,5,11,Loyal Customers,High Risk,0.75,259.2111999999999,High Value,High,Launch retention campaign and personalized offer
13018.0,49,7,2485.4600000000005,1311,17.141103448275864,117,3,5,5,13,Champions,Low Risk,0.15,347.96440000000007,Very High Value,Medium,Provide premium rewards and exclusive offers
13019.0,15,6,1229.9500000000005,397,22.36272727272728,46,5,4,4,13,Champions,Low Risk,0.15,461.23125000000016,Very High Value,Medium,Provide premium rewards and exclusive offers
13020.0,198,2,618.9600000000002,278,15.870769230769234,38,1,2,3,6,At Risk,High Risk,0.75,6.220703517587941,Standard Value,High,Launch retention campaign and personalized offer
13021.0,10,8,2270.86,1194,18.02269841269841,87,5,5,5,15,Champions,Low Risk,0.15,1651.5345454545457,Very High Value,Medium,Provide premium rewards and exclusive offers
13022.0,65,1,65.3,35,13.06,5,3,1,1,5,At Risk,High Risk,0.75,0.9893939393939394,Standard Value,High,Launch retention campaign and personalized offer
13023.0,164,1,759.1300000000003,299,21.086944444444452,36,2,1,3,6,At Risk,High Risk,0.75,4.600787878787881,Standard Value,High,Launch retention campaign and personalized offer
13024.0,106,2,555.8699999999999,181,17.93129032258064,26,2,2,3,7,Potential Customers,High Risk,0.75,10.390093457943923,Standard Value,High,Launch retention campaign and personalized offer
13025.0,367,1,323.39,241,24.876153846153844,13,1,1,2,4,At Risk,High Risk,0.75,0.8787771739130434,Standard Value,High,Launch retention campaign and personalized offer
13026.0,124,4,757.7200000000001,846,18.040952380952383,24,2,4,3,9,Potential Customers,High Risk,0.75,24.247040000000005,Standard Value,High,Launch retention campaign and personalized offer
13027.0,21,13,10423.2,25800,173.71999999999997,7,4,5,5,14,Champions,Low Risk,0.15,6159.163636363636,Very High Value,Medium,Provide premium rewards and exclusive offers
13029.0,10,2,679.8,60,97.11428571428571,6,5,2,3,10,Loyal Customers,Low Risk,0.15,123.6,High Value,Medium,Maintain regular engagement and monitor customer activity
13030.0,4,1,427.74,204,7.129,50,5,1,2,8,Potential Customers,Low Risk,0.15,85.548,High Value,Medium,Use personalized promotions to increase customer engagement
13031.0,43,5,3419.2699999999973,2399,7.860390804597695,275,3,4,5,12,Loyal Customers,Low Risk,0.15,388.5534090909088,Very High Value,Medium,Provide premium rewards and exclusive offers
13032.0,28,7,1833.3700000000008,906,13.002624113475182,110,4,5,4,13,Champions,Low Risk,0.15,442.5375862068967,Very High Value,Medium,Provide premium rewards and exclusive offers
13033.0,65,1,30.0,15,15.0,2,3,1,1,5,At Risk,High Risk,0.75,0.45454545454545453,Standard Value,High,Launch retention campaign and personalized offer
13034.0,5,2,279.91,153,15.550555555555556,16,5,2,2,9,Potential Customers,Low Risk,0.15,93.30333333333334,High Value,Medium,Use personalized promotions to increase customer engagement
13035.0,67,1,442.32,282,29.488,15,3,1,2,6,At Risk,High Risk,0.75,6.504705882352941,Standard Value,High,Launch retention campaign and personalized offer
13036.0,320,1,307.1,38,51.18333333333334,6,1,1,2,4,At Risk,High Risk,0.75,0.9566978193146418,Standard Value,High,Launch retention campaign and personalized offer
13037.0,35,9,3033.8799999999987,1699,16.48847826086956,155,4,5,5,14,Champions,Low Risk,0.15,758.4699999999997,Very High Value,Medium,Provide premium rewards and exclusive offers
13039.0,220,4,1010.73,290,18.376909090909088,37,1,4,4,9,Potential Customers,High Risk,0.75,18.293755656108598,Standard Value,High,Launch retention campaign and personalized offer
13041.0,86,4,799.13,335,22.832285714285717,23,2,4,3,9,Potential Customers,High Risk,0.75,36.7416091954023,High Value,High,Launch retention campaign and personalized offer
13042.0,234,3,1556.5400000000009,830,7.821809045226135,164,1,3,4,8,Potential Customers,High Risk,0.75,19.87072340425533,Standard Value,High,Launch retention campaign and personalized offer
13044.0,128,10,4293.430000000002,2124,11.1228756476684,327,2,5,5,12,Loyal Customers,High Risk,0.75,332.82403100775207,Very High Value,High,Launch retention campaign and personalized offer
13045.0,37,2,503.63999999999993,184,18.65333333333333,25,3,2,2,7,Potential Customers,Low Risk,0.15,26.50736842105263,Standard Value,Low,Use personalized promotions to increase customer engagement
13046.0,92,1,319.94000000000005,241,15.235238095238095,21,2,1,2,5,At Risk,High Risk,0.75,3.4402150537634415,Standard Value,High,Launch retention campaign and personalized offer
13047.0,9,17,5557.620000000004,2038,24.922062780269076,119,5,5,5,15,Champions,Low Risk,0.15,9447.954000000009,Very High Value,Medium,Provide premium rewards and exclusive offers
13048.0,72,5,2248.299999999999,1467,17.03257575757575,85,2,4,5,11,Loyal Customers,High Risk,0.75,153.99315068493144,High Value,High,Launch retention campaign and personalized offer
13049.0,25,2,751.5600000000001,352,62.63,10,4,2,3,9,Potential Customers,Low Risk,0.15,57.8123076923077,High Value,Medium,Use personalized promotions to increase customer engagement
13050.0,2,19,6507.669999999998,3458,10.738729372937293,408,5,5,5,15,Champions,Low Risk,0.15,41215.243333333325,Very High Value,Medium,Provide premium rewards and exclusive offers
13051.0,214,2,155.8,72,38.95,4,1,2,1,4,At Risk,High Risk,0.75,1.4493023255813955,Standard Value,High,Launch retention campaign and personalized offer
13052.0,56,6,2820.380000000001,1232,12.0016170212766,150,3,4,5,12,Loyal Customers,High Risk,0.75,296.882105263158,High Value,High,Launch retention campaign and personalized offer
13053.0,257,1,127.65,47,7.508823529411765,17,1,1,1,3,At Risk,High Risk,0.75,0.4947674418604651,Standard Value,High,Launch retention campaign and personalized offer
13055.0,65,1,1106.7000000000005,927,14.188461538461542,78,3,1,4,8,Potential Customers,High Risk,0.75,16.768181818181827,Standard Value,High,Launch retention campaign and personalized offer
13056.0,187,1,209.48,158,11.025263157894738,18,1,1,1,3,At Risk,High Risk,0.75,1.1142553191489362,Standard Value,High,Launch retention campaign and personalized offer
13057.0,166,3,722.09,466,17.611951219512196,34,2,3,3,8,Potential Customers,High Risk,0.75,12.971676646706587,Standard Value,High,Launch retention campaign and personalized offer
13059.0,49,9,2119.770000000001,829,10.926649484536089,152,3,5,4,12,Loyal Customers,Low Risk,0.15,381.5586000000001,Very High Value,Medium,Provide premium rewards and exclusive offers
13063.0,116,1,188.4,116,15.699999999999998,12,2,1,1,4,At Risk,High Risk,0.75,1.6102564102564103,Standard Value,High,Launch retention campaign and personalized offer
13064.0,186,2,561.25,154,22.45,19,1,2,3,6,At Risk,High Risk,0.75,6.002673796791444,Standard Value,High,Launch retention campaign and personalized offer
13065.0,9,5,1055.0500000000006,381,17.016935483870977,49,5,4,4,13,Champions,Low Risk,0.15,527.5250000000003,Very High Value,Medium,Provide premium rewards and exclusive offers
13067.0,45,2,393.05,99,23.12058823529412,13,3,2,2,7,Potential Customers,Low Risk,0.15,17.08913043478261,Standard Value,Low,Use personalized promotions to increase customer engagement
13069.0,5,16,5247.009999999991,9519,7.5933574529667025,421,5,5,5,15,Champions,Low Risk,0.15,13992.026666666643,Very High Value,Medium,Provide premium rewards and exclusive offers
13070.0,95,3,522.9,262,21.7875,11,2,3,3,8,Potential Customers,High Risk,0.75,16.340625,Standard Value,High,Launch retention campaign and personalized offer
13071.0,248,1,129.22,30,10.768333333333333,12,1,1,1,3,At Risk,High Risk,0.75,0.5189558232931727,Standard Value,High,Launch retention campaign and personalized offer
13073.0,47,2,418.08,261,15.484444444444444,25,3,2,2,7,Potential Customers,Low Risk,0.15,17.419999999999998,Standard Value,Low,Use personalized promotions to increase customer engagement
13074.0,147,4,1378.74,826,47.54275862068965,26,2,4,4,10,Loyal Customers,High Risk,0.75,37.263243243243245,High Value,High,Launch retention campaign and personalized offer
13076.0,93,1,135.4,44,15.044444444444444,9,2,1,1,4,At Risk,High Risk,0.75,1.4404255319148938,Standard Value,High,Launch retention campaign and personalized offer
13077.0,2,8,2335.399999999999,1922,9.937872340425528,144,5,5,5,15,Champions,Low Risk,0.15,6227.733333333331,Very High Value,Medium,Provide premium rewards and exclusive offers
13078.0,2,32,16904.510000000006,6553,38.15916478555306,108,5,5,5,15,Champions,Low Risk,0.15,180314.7733333334,Very High Value,Medium,Provide premium rewards and exclusive offers
13079.0,53,1,199.08,96,18.098181818181818,11,3,1,1,5,At Risk,Low Risk,0.15,3.686666666666667,Standard Value,Low,Maintain regular engagement and monitor customer activity
13080.0,37,3,222.65,73,17.126923076923077,11,3,3,1,7,Potential Customers,Low Risk,0.15,17.57763157894737,Standard Value,Low,Use personalized promotions to increase customer engagement
13081.0,7,19,30867.770000000157,22355,23.208849624060267,506,5,5,5,15,Champions,Low Risk,0.15,73310.95375000038,Very High Value,Medium,Provide premium rewards and exclusive offers
13082.0,60,12,3722.12,4142,66.46642857142857,48,3,5,5,13,Champions,High Risk,0.75,732.2203278688525,Very High Value,High,Launch retention campaign and personalized offer
13083.0,61,1,91.68,120,22.92,4,3,1,1,5,At Risk,High Risk,0.75,1.4787096774193549,Standard Value,High,Launch retention campaign and personalized offer
13084.0,127,1,122.4,144,61.2,2,2,1,1,4,At Risk,High Risk,0.75,0.95625,Standard Value,High,Launch retention campaign and personalized offer
13085.0,315,6,2017.2000000000007,728,32.53548387096775,33,1,4,4,9,Potential Customers,High Risk,0.75,38.30126582278482,High Value,High,Launch retention campaign and personalized offer
13086.0,18,1,439.3299999999999,155,9.347446808510636,47,4,1,2,7,Potential Customers,Low Risk,0.15,23.122631578947363,Standard Value,Low,Use personalized promotions to increase customer engagement
13087.0,362,1,313.64,86,20.909333333333333,15,1,1,2,4,At Risk,High Risk,0.75,0.864022038567493,Standard Value,High,Launch retention campaign and personalized offer
13088.0,53,1,236.11000000000004,76,11.805500000000002,19,3,1,1,5,At Risk,Low Risk,0.15,4.372407407407408,Standard Value,Low,Maintain regular engagement and monitor customer activity
13089.0,4,109,57912.03000000009,29159,37.50779145077726,474,5,5,5,15,Champions,Low Risk,0.15,1262482.254000002,Very High Value,Medium,Provide premium rewards and exclusive offers
13090.0,1,13,5192.270000000001,1182,40.56460937500001,92,5,5,5,15,Champions,Low Risk,0.15,33749.75500000001,Very High Value,Medium,Provide premium rewards and exclusive offers
13091.0,365,2,1976.0000000000005,873,82.33333333333336,24,1,2,4,7,Potential Customers,High Risk,0.75,10.797814207650276,Standard Value,High,Launch retention campaign and personalized offer
13092.0,50,7,1662.45,385,20.780625,43,3,5,4,12,Loyal Customers,Low Risk,0.15,228.17941176470586,High Value,Medium,Maintain regular engagement and monitor customer activity
13093.0,9,48,47111.18000000004,22266,52.87450056116727,172,5,5,5,15,Champions,Low Risk,0.15,226133.66400000016,Very High Value,Medium,Provide premium rewards and exclusive offers
13094.0,4,2,505.8,372,63.225,5,5,2,2,9,Potential Customers,Low Risk,0.15,202.32,High Value,Medium,Use personalized promotions to increase customer engagement
13096.0,30,1,419.7000000000001,6,419.7000000000001,1,4,1,2,7,Potential Customers,Low Risk,0.15,13.538709677419359,Standard Value,Low,Use personalized promotions to increase customer engagement
13097.0,24,18,7378.799999999988,3033,12.422222222222205,278,4,5,5,14,Champions,Low Risk,0.15,5312.735999999992,Very High Value,Medium,Provide premium rewards and exclusive offers
13101.0,134,3,594.21,365,13.818837209302329,41,2,3,3,8,Potential Customers,High Risk,0.75,13.204666666666668,Standard Value,High,Launch retention campaign and personalized offer
13102.0,1,14,5272.829999999997,2372,28.046968085106368,114,5,5,5,15,Champions,Low Risk,0.15,36909.80999999998,Very High Value,Medium,Provide premium rewards and exclusive offers
13103.0,73,2,465.7000000000001,344,18.628,21,2,2,2,6,At Risk,High Risk,0.75,12.58648648648649,Standard Value,High,Launch retention campaign and personalized offer
13104.0,51,3,610.62,330,61.062,5,3,3,3,9,Potential Customers,Low Risk,0.15,35.22807692307693,High Value,Medium,Use personalized promotions to increase customer engagement
13105.0,72,1,72.0,100,72.0,1,2,1,1,4,At Risk,High Risk,0.75,0.9863013698630136,Standard Value,High,Launch retention campaign and personalized offer
13106.0,49,1,526.96,213,35.13066666666667,15,3,1,3,7,Potential Customers,Low Risk,0.15,10.539200000000001,Standard Value,Low,Use personalized promotions to increase customer engagement
13107.0,49,5,3721.45,3023,31.01208333333333,102,3,4,5,12,Loyal Customers,Low Risk,0.15,372.145,Very High Value,Medium,Provide premium rewards and exclusive offers
13108.0,8,2,748.46,745,21.38457142857143,27,5,2,3,10,Loyal Customers,Low Risk,0.15,166.32444444444445,High Value,Medium,Maintain regular engagement and monitor customer activity
13109.0,187,1,347.49,237,15.108260869565218,23,1,1,2,4,At Risk,High Risk,0.75,1.8483510638297873,Standard Value,High,Launch retention campaign and personalized offer
13110.0,73,5,1468.8000000000002,375,13.72710280373832,77,2,4,4,10,Loyal Customers,High Risk,0.75,99.24324324324326,High Value,High,Launch retention campaign and personalized offer
13111.0,354,1,321.88000000000005,180,26.823333333333338,12,1,1,2,4,At Risk,High Risk,0.75,0.9067042253521128,Standard Value,High,Launch retention campaign and personalized offer
13112.0,177,1,20.6,11,10.3,2,1,1,1,3,At Risk,High Risk,0.75,0.1157303370786517,Standard Value,High,Launch retention campaign and personalized offer
13113.0,2,14,6379.769999999995,1500,33.227968749999974,107,5,5,5,15,Champions,Low Risk,0.15,29772.259999999977,Very High Value,Medium,Provide premium rewards and exclusive offers
13114.0,366,1,234.38,74,14.648749999999998,16,1,1,1,3,At Risk,High Risk,0.75,0.6386376021798364,Standard Value,High,Launch retention campaign and personalized offer
13115.0,15,6,3199.92,2367,16.49443298969072,136,5,4,5,14,Champions,Low Risk,0.15,1199.97,Very High Value,Medium,Provide premium rewards and exclusive offers
13117.0,1,12,1658.9000000000003,1122,14.811607142857143,90,5,5,4,14,Champions,Low Risk,0.15,9953.400000000001,Very High Value,Medium,Provide premium rewards and exclusive offers
13118.0,12,4,1217.6,424,17.646376811594205,57,5,4,4,13,Champions,Low Risk,0.15,374.6461538461538,Very High Value,Medium,Provide premium rewards and exclusive offers
13119.0,304,1,134.9,110,12.263636363636364,11,1,1,1,3,At Risk,High Risk,0.75,0.4422950819672131,Standard Value,High,Launch retention campaign and personalized offer
13123.0,108,2,506.75,268,11.26111111111111,36,2,2,3,7,Potential Customers,High Risk,0.75,9.29816513761468,Standard Value,High,Launch retention campaign and personalized offer
13124.0,21,1,916.12,636,14.541587301587304,56,4,1,3,8,Potential Customers,Low Risk,0.15,41.64181818181818,High Value,Medium,Use personalized promotions to increase customer engagement
13125.0,159,1,158.57,54,7.55095238095238,20,2,1,1,4,At Risk,High Risk,0.75,0.9910625,Standard Value,High,Launch retention campaign and personalized offer
13126.0,2,7,1898.6100000000013,1266,17.104594594594605,79,5,5,4,14,Champions,Low Risk,0.15,4430.090000000003,Very High Value,Medium,Provide premium rewards and exclusive offers
13128.0,267,1,263.5,31,263.5,1,1,1,2,4,At Risk,High Risk,0.75,0.9832089552238806,Standard Value,High,Launch retention campaign and personalized offer
13129.0,88,2,233.25,296,21.204545454545453,10,2,2,1,5,At Risk,High Risk,0.75,5.241573033707865,Standard Value,High,Launch retention campaign and personalized offer
13131.0,54,4,2240.47,1076,21.33780952380952,94,3,4,5,12,Loyal Customers,High Risk,0.75,162.9432727272727,High Value,High,Launch retention campaign and personalized offer
13133.0,95,1,90.65,23,18.130000000000003,5,2,1,1,4,At Risk,High Risk,0.75,0.9442708333333334,Standard Value,High,Launch retention campaign and personalized offer
13134.0,38,2,681.65,305,29.63695652173913,21,3,2,3,8,Potential Customers,Low Risk,0.15,34.95641025641026,High Value,Medium,Use personalized promotions to increase customer engagement
13135.0,127,1,275.45000000000005,123,16.202941176470592,17,2,1,2,5,At Risk,High Risk,0.75,2.1519531250000004,Standard Value,High,Launch retention campaign and personalized offer
13136.0,11,8,3666.9499999999994,1781,19.505053191489356,140,5,5,5,15,Champions,Low Risk,0.15,2444.6333333333328,Very High Value,Medium,Provide premium rewards and exclusive offers
13137.0,22,8,4062.29,2068,5.511926729986431,406,4,5,5,14,Champions,Low Risk,0.15,1412.9704347826087,Very High Value,Medium,Provide premium rewards and exclusive offers
13138.0,8,2,504.85,245,14.023611111111112,29,5,2,2,9,Potential Customers,Low Risk,0.15,112.1888888888889,High Value,Medium,Use personalized promotions to increase customer engagement
13139.0,73,1,3138.04,2189,33.032,95,2,1,5,8,Potential Customers,High Risk,0.75,42.405945945945945,High Value,High,Launch retention campaign and personalized offer
13140.0,2,3,791.9599999999998,462,10.420526315789472,68,5,3,3,11,Loyal Customers,Low Risk,0.15,791.9599999999997,Very High Value,Medium,Provide premium rewards and exclusive offers
13141.0,21,12,5279.829999999997,3621,18.20631034482758,231,4,5,5,14,Champions,Low Risk,0.15,2879.907272727271,Very High Value,Medium,Provide premium rewards and exclusive offers
13143.0,220,1,405.1,198,17.61304347826087,23,1,1,2,4,At Risk,High Risk,0.75,1.833031674208145,Standard Value,High,Launch retention campaign and personalized offer
13144.0,67,1,24.4,8,8.133333333333333,3,3,1,1,5,At Risk,High Risk,0.75,0.3588235294117647,Standard Value,High,Launch retention campaign and personalized offer
13145.0,8,4,805.0,121,201.25,2,5,4,3,12,Loyal Customers,Low Risk,0.15,357.77777777777777,Very High Value,Medium,Provide premium rewards and exclusive offers
13148.0,25,14,4914.689999999984,2596,10.368544303797435,297,4,5,5,14,Champions,Low Risk,0.15,2646.37153846153,Very High Value,Medium,Provide premium rewards and exclusive offers
13150.0,120,3,449.9699999999999,171,56.24624999999999,7,2,3,2,7,Potential Customers,High Risk,0.75,11.156280991735535,Standard Value,High,Launch retention campaign and personalized offer
13151.0,261,2,1322.8700000000006,469,12.9693137254902,71,1,2,4,7,Potential Customers,High Risk,0.75,10.098244274809165,Standard Value,High,Launch retention campaign and personalized offer
13152.0,53,7,2146.380000000001,977,15.899111111111118,114,3,5,5,13,Champions,Low Risk,0.15,278.2344444444446,High Value,Medium,Maintain regular engagement and monitor customer activity
13154.0,35,3,1624.8400000000008,976,17.471397849462374,78,4,3,4,11,Loyal Customers,Low Risk,0.15,135.4033333333334,High Value,Medium,Maintain regular engagement and monitor customer activity
13155.0,4,3,778.4200000000002,412,9.853417721518989,68,5,3,3,11,Loyal Customers,Low Risk,0.15,467.05200000000013,Very High Value,Medium,Provide premium rewards and exclusive offers
13156.0,21,3,1586.540000000001,914,15.25519230769232,94,4,3,4,11,Loyal Customers,Low Risk,0.15,216.3463636363638,High Value,Medium,Maintain regular engagement and monitor customer activity
13157.0,45,5,3946.14,3323,24.061829268292684,121,3,4,5,12,Loyal Customers,Low Risk,0.15,428.92826086956524,Very High Value,Medium,Provide premium rewards and exclusive offers
13158.0,24,1,307.12000000000006,208,14.624761904761908,21,4,1,2,7,Potential Customers,Low Risk,0.15,12.284800000000002,Standard Value,Low,Use personalized promotions to increase customer engagement
13161.0,136,1,366.13,77,14.081923076923076,25,2,1,2,5,At Risk,High Risk,0.75,2.6724817518248174,Standard Value,High,Launch retention campaign and personalized offer
13162.0,16,12,7587.199999999996,4042,47.71823899371067,124,4,5,5,14,Champions,Low Risk,0.15,5355.670588235291,Very High Value,Medium,Provide premium rewards and exclusive offers
13163.0,246,1,17.65,3,8.825,2,1,1,1,3,At Risk,High Risk,0.75,0.0714574898785425,Standard Value,High,Launch retention campaign and personalized offer
13164.0,205,2,372.2000000000001,120,37.220000000000006,7,1,2,2,5,At Risk,High Risk,0.75,3.61359223300971,Standard Value,High,Launch retention campaign and personalized offer
13165.0,49,1,429.68,360,61.38285714285714,7,3,1,2,6,At Risk,Low Risk,0.15,8.5936,Standard Value,Low,Maintain regular engagement and monitor customer activity
13166.0,50,1,466.9800000000001,311,16.677857142857146,27,3,1,2,6,At Risk,Low Risk,0.15,9.156470588235296,Standard Value,Low,Maintain regular engagement and monitor customer activity
13167.0,26,1,333.8200000000001,222,20.863750000000007,16,4,1,2,7,Potential Customers,Low Risk,0.15,12.363703703703708,Standard Value,Low,Use personalized promotions to increase customer engagement
13168.0,178,1,556.1200000000001,230,11.349387755102043,45,1,1,3,5,At Risk,High Risk,0.75,3.106815642458101,Standard Value,High,Launch retention campaign and personalized offer
13169.0,198,1,127.20000000000002,24,25.440000000000005,5,1,1,1,3,At Risk,High Risk,0.75,0.6391959798994976,Standard Value,High,Launch retention campaign and personalized offer
13172.0,36,1,69.6,48,69.6,1,4,1,1,6,At Risk,Low Risk,0.15,1.881081081081081,Standard Value,Low,Maintain regular engagement and monitor customer activity
13173.0,3,10,2285.700000000002,1343,11.042028985507256,147,5,5,5,15,Champions,Low Risk,0.15,5714.2500000000055,Very High Value,Medium,Provide premium rewards and exclusive offers
13174.0,5,10,6677.809999999987,3146,8.163581907090448,538,5,5,5,15,Champions,Low Risk,0.15,11129.68333333331,Very High Value,Medium,Provide premium rewards and exclusive offers
13175.0,218,2,831.45,423,18.075,40,1,2,3,6,At Risk,High Risk,0.75,7.593150684931508,Standard Value,High,Launch retention campaign and personalized offer
13177.0,66,1,229.75,89,17.673076923076923,13,3,1,1,5,At Risk,High Risk,0.75,3.4291044776119404,Standard Value,High,Launch retention campaign and personalized offer
13178.0,33,10,8333.72,5208,19.74815165876777,160,4,5,5,14,Champions,Low Risk,0.15,2451.0941176470587,Very High Value,Medium,Provide premium rewards and exclusive offers
13179.0,254,1,572.3100000000001,368,16.832647058823532,34,1,1,3,5,At Risk,High Risk,0.75,2.2443529411764707,Standard Value,High,Launch retention campaign and personalized offer
13180.0,243,1,86.10000000000001,42,21.525,4,1,1,1,3,At Risk,High Risk,0.75,0.35286885245901645,Standard Value,High,Launch retention campaign and personalized offer
13181.0,17,1,359.69,171,18.931052631578947,19,4,1,2,7,Potential Customers,Low Risk,0.15,19.982777777777777,Standard Value,Low,Use personalized promotions to increase customer engagement
13183.0,30,6,3078.4,1819,49.65161290322581,31,4,4,5,13,Champions,Low Risk,0.15,595.8193548387097,Very High Value,Medium,Provide premium rewards and exclusive offers
13187.0,260,3,130.98999999999998,280,4.851481481481481,14,1,3,1,5,At Risk,High Risk,0.75,1.5056321839080455,Standard Value,High,Launch retention campaign and personalized offer
13190.0,180,3,570.66,308,33.56823529411764,16,1,3,3,7,Potential Customers,High Risk,0.75,9.458453038674033,Standard Value,High,Launch retention campaign and personalized offer
13191.0,294,1,164.69000000000003,115,2.7913559322033903,58,1,1,1,3,At Risk,High Risk,0.75,0.5582711864406781,Standard Value,High,Launch retention campaign and personalized offer
13192.0,171,4,1646.6400000000003,1034,16.632727272727276,92,2,4,4,10,Loyal Customers,High Risk,0.75,38.293953488372104,High Value,High,Launch retention campaign and personalized offer
13194.0,57,1,412.08,300,58.86857142857143,7,3,1,2,6,At Risk,High Risk,0.75,7.104827586206897,Standard Value,High,Launch retention campaign and personalized offer
13195.0,50,1,172.38,83,3.315,43,3,1,1,5,At Risk,Low Risk,0.15,3.38,Standard Value,Low,Maintain regular engagement and monitor customer activity
13196.0,79,3,1271.0600000000002,782,16.29564102564103,74,2,3,4,9,Potential Customers,High Risk,0.75,47.664750000000005,High Value,High,Launch retention campaign and personalized offer
13197.0,245,1,373.0100000000001,204,19.6321052631579,19,1,1,2,4,At Risk,High Risk,0.75,1.5163008130081306,Standard Value,High,Launch retention campaign and personalized offer
13198.0,23,2,1572.9900000000002,801,17.874886363636367,81,4,2,4,10,Loyal Customers,Low Risk,0.15,131.0825,High Value,Medium,Maintain regular engagement and monitor customer activity
13199.0,2,30,6615.770000000001,5843,75.17920454545457,26,5,5,5,15,Champions,Low Risk,0.15,66157.70000000001,Very High Value,Medium,Provide premium rewards and exclusive offers
13201.0,138,4,1240.61,1039,14.09784090909091,65,2,4,4,10,Loyal Customers,High Risk,0.75,35.7010071942446,High Value,High,Launch retention campaign and personalized offer
13202.0,30,7,1580.3000000000004,572,22.902898550724643,55,4,5,4,13,Champions,Low Risk,0.15,356.84193548387105,Very High Value,Medium,Provide premium rewards and exclusive offers
13203.0,22,6,1778.7900000000006,1613,15.882053571428576,106,4,4,4,12,Loyal Customers,Low Risk,0.15,464.0321739130436,Very High Value,Medium,Provide premium rewards and exclusive offers
13204.0,367,1,966.66,428,16.95894736842105,57,1,1,3,5,At Risk,High Risk,0.75,2.6267934782608693,Standard Value,High,Launch retention campaign and personalized offer
13205.0,79,1,2803.2,256,2803.2,1,2,1,5,8,Potential Customers,High Risk,0.75,35.04,High Value,High,Launch retention campaign and personalized offer
13206.0,36,13,8377.319999999996,7155,14.418795180722883,393,4,5,5,14,Champions,Low Risk,0.15,2943.3827027027014,Very High Value,Medium,Provide premium rewards and exclusive offers
13207.0,87,2,285.6,48,57.120000000000005,4,2,2,2,6,At Risk,High Risk,0.75,6.490909090909091,Standard Value,High,Launch retention campaign and personalized offer
13208.0,85,3,764.5999999999997,541,7.281904761904759,92,2,3,3,8,Potential Customers,High Risk,0.75,26.672093023255805,Standard Value,High,Launch retention campaign and personalized offer
13209.0,150,5,2617.9000000000005,1528,58.17555555555557,42,2,4,5,11,Loyal Customers,High Risk,0.75,86.68543046357618,High Value,High,Launch retention campaign and personalized offer
13211.0,17,7,1531.8999999999996,1016,10.212666666666664,75,4,5,4,13,Champions,Low Risk,0.15,595.7388888888887,Very High Value,Medium,Provide premium rewards and exclusive offers
13213.0,19,6,2330.9400000000005,1602,20.44684210526316,109,4,4,5,13,Champions,Low Risk,0.15,699.2820000000002,Very High Value,Medium,Provide premium rewards and exclusive offers
13214.0,53,7,3264.229999999994,2966,14.254279475982509,207,3,5,5,13,Champions,Low Risk,0.15,423.1409259259251,Very High Value,Medium,Provide premium rewards and exclusive offers
13215.0,38,1,81.6,96,81.6,1,3,1,1,5,At Risk,Low Risk,0.15,2.092307692307692,Standard Value,Low,Maintain regular engagement and monitor customer activity
13217.0,291,1,132.5,250,132.5,1,1,1,1,3,At Risk,High Risk,0.75,0.4537671232876712,Standard Value,High,Launch retention campaign and personalized offer
13219.0,254,1,76.23,11,6.930000000000001,11,1,1,1,3,At Risk,High Risk,0.75,0.29894117647058827,Standard Value,High,Launch retention campaign and personalized offer
13220.0,211,1,516.8000000000001,200,16.150000000000002,32,1,1,3,5,At Risk,High Risk,0.75,2.437735849056604,Standard Value,High,Launch retention campaign and personalized offer
13222.0,213,1,88.5,30,88.5,1,1,1,1,3,At Risk,High Risk,0.75,0.4135514018691589,Standard Value,High,Launch retention campaign and personalized offer
13223.0,59,4,805.9200000000002,480,100.74000000000002,4,3,4,3,10,Loyal Customers,High Risk,0.75,53.728000000000016,High Value,High,Launch retention campaign and personalized offer
13225.0,57,9,9796.23,3985,105.33580645161292,50,3,5,5,13,Champions,High Risk,0.75,1520.1046551724137,Very High Value,High,Launch retention campaign and personalized offer
13226.0,29,1,204.25,99,17.020833333333332,12,4,1,1,6,At Risk,Low Risk,0.15,6.808333333333334,Standard Value,Low,Maintain regular engagement and monitor customer activity
13230.0,1,17,3553.8100000000004,1970,4.881607142857144,406,5,5,5,15,Champions,Low Risk,0.15,30207.385000000002,Very High Value,Medium,Provide premium rewards and exclusive offers
13233.0,56,2,571.3400000000001,600,17.313333333333336,33,3,2,3,8,Potential Customers,High Risk,0.75,20.047017543859653,Standard Value,High,Launch retention campaign and personalized offer
13234.0,308,2,356.94999999999993,162,5.665873015873014,56,1,2,2,5,At Risk,High Risk,0.75,2.310355987055016,Standard Value,High,Launch retention campaign and personalized offer
13237.0,23,1,642.9999999999999,128,26.79166666666666,24,4,1,3,8,Potential Customers,Low Risk,0.15,26.79166666666666,Standard Value,Low,Use personalized promotions to increase customer engagement
13238.0,66,2,305.9,144,19.11875,11,3,2,2,7,Potential Customers,High Risk,0.75,9.131343283582089,Standard Value,High,Launch retention campaign and personalized offer
13239.0,73,4,1265.1300000000003,824,17.571250000000006,69,2,4,4,10,Loyal Customers,High Risk,0.75,68.38540540540542,High Value,High,Launch retention campaign and personalized offer
13240.0,1,5,1074.8700000000003,561,6.554085365853661,133,5,4,4,13,Champions,Low Risk,0.15,2687.175000000001,Very High Value,Medium,Provide premium rewards and exclusive offers
13241.0,47,1,115.58000000000004,48,2.751904761904763,40,3,1,1,5,At Risk,Low Risk,0.15,2.4079166666666674,Standard Value,Low,Maintain regular engagement and monitor customer activity
13242.0,87,4,429.0,220,19.5,12,2,4,2,8,Potential Customers,High Risk,0.75,19.5,Standard Value,High,Launch retention campaign and personalized offer
13243.0,85,4,677.9699999999998,346,4.184999999999999,121,2,4,3,9,Potential Customers,High Risk,0.75,31.533488372093014,Standard Value,High,Launch retention campaign and personalized offer
13245.0,68,1,558.72,246,19.26620689655173,29,3,1,3,7,Potential Customers,High Risk,0.75,8.097391304347827,Standard Value,High,Launch retention campaign and personalized offer
13246.0,29,5,1400.13,1213,5.882899159663866,166,4,4,4,12,Loyal Customers,Low Risk,0.15,233.35500000000002,High Value,Medium,Maintain regular engagement and monitor customer activity
13249.0,37,6,897.52,700,74.79333333333334,2,3,4,3,10,Loyal Customers,Low Risk,0.15,141.7136842105263,High Value,Medium,Maintain regular engagement and monitor customer activity
13250.0,96,2,256.04,108,12.802,17,2,2,2,6,At Risk,High Risk,0.75,5.279175257731959,Standard Value,High,Launch retention campaign and personalized offer
13251.0,38,1,252.68000000000004,215,10.1072,25,3,1,2,6,At Risk,Low Risk,0.15,6.47897435897436,Standard Value,Low,Maintain regular engagement and monitor customer activity
13252.0,30,2,399.3,134,21.01578947368421,19,4,2,2,8,Potential Customers,Low Risk,0.15,25.761290322580646,Standard Value,Low,Use personalized promotions to increase customer engagement
13253.0,66,2,1920.71,1443,49.24897435897435,39,3,2,4,9,Potential Customers,High Risk,0.75,57.334626865671645,High Value,High,Launch retention campaign and personalized offer
13254.0,12,1,51.41,43,12.8525,4,5,1,1,7,Potential Customers,Low Risk,0.15,3.9546153846153844,Standard Value,Low,Use personalized promotions to increase customer engagement
13255.0,9,2,504.94999999999993,340,26.57631578947368,19,5,2,2,9,Potential Customers,Low Risk,0.15,100.98999999999998,High Value,Medium,Use personalized promotions to increase customer engagement
13257.0,72,1,149.75,33,21.392857142857142,7,2,1,1,4,At Risk,High Risk,0.75,2.0513698630136985,Standard Value,High,Launch retention campaign and personalized offer
13258.0,15,2,336.6,164,42.075,5,5,2,2,9,Potential Customers,Low Risk,0.15,42.075,High Value,Medium,Use personalized promotions to increase customer engagement
13259.0,33,8,1141.060000000003,385,4.814599156118155,181,4,5,4,13,Champions,Low Risk,0.15,268.48470588235364,High Value,Medium,Maintain regular engagement and monitor customer activity
13262.0,25,2,373.1599999999999,122,9.568205128205124,38,4,2,2,8,Potential Customers,Low Risk,0.15,28.704615384615376,Standard Value,Low,Use personalized promotions to increase customer engagement
13263.0,29,4,1250.6200000000024,610,5.146584362139928,137,4,4,4,12,Loyal Customers,Low Risk,0.15,166.74933333333365,High Value,Medium,Maintain regular engagement and monitor customer activity
13264.0,78,1,722.56,375,19.01473684210526,38,2,1,3,6,At Risk,High Risk,0.75,9.14632911392405,Standard Value,High,Launch retention campaign and personalized offer
13266.0,49,7,2300.78,2409,19.173166666666667,83,3,5,5,13,Champions,Low Risk,0.15,322.10920000000004,Very High Value,Medium,Provide premium rewards and exclusive offers
13267.0,2,18,5236.769999999999,2135,24.357069767441853,106,5,5,5,15,Champions,Low Risk,0.15,31420.61999999999,Very High Value,Medium,Provide premium rewards and exclusive offers
13269.0,5,14,3545.47,3050,19.37415300546448,107,5,5,5,15,Champions,Low Risk,0.15,8272.763333333332,Very High Value,Medium,Provide premium rewards and exclusive offers
13270.0,2,1,590.0,200,590.0,1,5,1,3,9,Potential Customers,Low Risk,0.15,196.66666666666666,High Value,Medium,Use personalized promotions to increase customer engagement
13274.0,45,1,360.85,199,18.992105263157896,19,3,1,2,6,At Risk,Low Risk,0.15,7.844565217391305,Standard Value,Low,Maintain regular engagement and monitor customer activity
13275.0,19,2,241.65999999999997,140,4.833199999999999,48,4,2,1,7,Potential Customers,Low Risk,0.15,24.165999999999997,Standard Value,Low,Use personalized promotions to increase customer engagement
13276.0,33,3,1348.33,694,6.15675799086758,184,4,3,4,11,Loyal Customers,Low Risk,0.15,118.97029411764706,High Value,Medium,Maintain regular engagement and monitor customer activity
13277.0,16,3,264.9,206,17.66,7,4,3,2,9,Potential Customers,Low Risk,0.15,46.74705882352941,High Value,Medium,Use personalized promotions to increase customer engagement
13278.0,35,3,893.12,821,14.40516129032258,48,4,3,3,10,Loyal Customers,Low Risk,0.15,74.42666666666668,High Value,Medium,Maintain regular engagement and monitor customer activity
13280.0,15,4,1507.7700000000016,973,12.062160000000013,113,5,4,4,13,Champions,Low Risk,0.15,376.9425000000004,Very High Value,Medium,Provide premium rewards and exclusive offers
13281.0,75,1,350.85,201,15.94772727272727,22,2,1,2,5,At Risk,High Risk,0.75,4.616447368421053,Standard Value,High,Launch retention campaign and personalized offer
13282.0,42,1,181.05,103,12.93214285714286,14,3,1,1,5,At Risk,Low Risk,0.15,4.21046511627907,Standard Value,Low,Maintain regular engagement and monitor customer activity
13283.0,203,2,279.7,114,21.515384615384612,13,1,2,2,5,At Risk,High Risk,0.75,2.742156862745098,Standard Value,High,Launch retention campaign and personalized offer
13285.0,236,2,655.47,406,14.897045454545456,42,1,2,3,6,At Risk,High Risk,0.75,5.531392405063292,Standard Value,High,Launch retention campaign and personalized offer
13286.0,236,1,734.9100000000001,274,14.998163265306124,46,1,1,3,5,At Risk,High Risk,0.75,3.1008860759493673,Standard Value,High,Launch retention campaign and personalized offer
13287.0,239,3,781.5900000000001,429,14.746981132075474,46,1,3,3,7,Potential Customers,High Risk,0.75,9.769875000000003,Standard Value,High,Launch retention campaign and personalized offer
13288.0,79,5,927.61,379,92.761,7,2,4,3,9,Potential Customers,High Risk,0.75,57.975625,High Value,High,Launch retention campaign and personalized offer
13289.0,359,1,307.95,119,19.246875,16,1,1,2,4,At Risk,High Risk,0.75,0.8554166666666666,Standard Value,High,Launch retention campaign and personalized offer
13290.0,74,1,208.63,1,208.63,1,2,1,1,4,At Risk,High Risk,0.75,2.7817333333333334,Standard Value,High,Launch retention campaign and personalized offer
13291.0,50,10,2959.729999999996,1386,10.34870629370628,134,3,5,5,13,Champions,Low Risk,0.15,580.3392156862737,Very High Value,Medium,Provide premium rewards and exclusive offers
13292.0,51,3,415.5699999999999,183,14.84178571428571,28,3,3,2,8,Potential Customers,Low Risk,0.15,23.9751923076923,Standard Value,Low,Use personalized promotions to increase customer engagement
13293.0,28,6,1192.9399999999998,555,16.56861111111111,51,4,4,4,12,Loyal Customers,Low Risk,0.15,246.81517241379308,High Value,Medium,Maintain regular engagement and monitor customer activity
13294.0,282,1,815.7899999999998,543,16.995624999999997,48,1,1,3,5,At Risk,High Risk,0.75,2.8826501766784447,Standard Value,High,Launch retention campaign and personalized offer
13295.0,12,3,900.7700000000002,651,15.802982456140354,49,5,3,3,11,Loyal Customers,Low Risk,0.15,207.87000000000003,High Value,Medium,Maintain regular engagement and monitor customer activity
13296.0,59,5,705.1099999999999,575,14.689791666666665,46,3,4,3,10,Loyal Customers,High Risk,0.75,58.75916666666665,High Value,High,Launch retention campaign and personalized offer
13297.0,21,3,2278.770000000001,1731,35.605781250000014,58,4,3,5,12,Loyal Customers,Low Risk,0.15,310.74136363636376,Very High Value,Medium,Provide premium rewards and exclusive offers
13299.0,59,2,1076.2000000000005,386,18.88070175438597,56,3,2,4,9,Potential Customers,High Risk,0.75,35.87333333333335,High Value,High,Launch retention campaign and personalized offer
13300.0,24,2,913.62,252,26.10342857142857,29,4,2,3,9,Potential Customers,Low Risk,0.15,73.0896,High Value,Medium,Use personalized promotions to increase customer engagement
13302.0,162,1,95.45,7,47.725,2,2,1,1,4,At Risk,High Risk,0.75,0.5855828220858896,Standard Value,High,Launch retention campaign and personalized offer
13303.0,36,1,61.72,26,15.43,4,4,1,1,6,At Risk,Low Risk,0.15,1.6681081081081082,Standard Value,Low,Maintain regular engagement and monitor customer activity
13304.0,91,3,917.5700000000002,478,16.097719298245618,48,2,3,3,8,Potential Customers,High Risk,0.75,29.92076086956522,Standard Value,High,Launch retention campaign and personalized offer
13305.0,8,7,1753.8500000000008,1129,14.030800000000006,110,5,5,4,14,Champions,Low Risk,0.15,1364.1055555555563,Very High Value,Medium,Provide premium rewards and exclusive offers
13306.0,66,1,53.65,74,13.4125,4,3,1,1,5,At Risk,High Risk,0.75,0.8007462686567164,Standard Value,High,Launch retention campaign and personalized offer
13307.0,123,2,258.34,136,18.45285714285714,14,2,2,2,6,At Risk,High Risk,0.75,4.166774193548386,Standard Value,High,Launch retention campaign and personalized offer
13308.0,232,1,284.86000000000007,230,16.7564705882353,17,1,1,2,4,At Risk,High Risk,0.75,1.2225751072961377,Standard Value,High,Launch retention campaign and personalized offer
13309.0,28,1,249.58,370,10.851304347826083,23,4,1,1,6,At Risk,Low Risk,0.15,8.606206896551724,Standard Value,Low,Maintain regular engagement and monitor customer activity
13310.0,16,2,409.17,229,17.79,23,4,2,2,8,Potential Customers,Low Risk,0.15,48.13764705882353,High Value,Medium,Use personalized promotions to increase customer engagement
13312.0,87,1,124.75,41,24.95,5,2,1,1,4,At Risk,High Risk,0.75,1.4176136363636365,Standard Value,High,Launch retention campaign and personalized offer
13313.0,115,7,1890.0,1457,17.339449541284402,78,2,5,4,11,Loyal Customers,High Risk,0.75,114.05172413793103,High Value,High,Launch retention campaign and personalized offer
13315.0,325,1,310.26,232,14.102727272727272,22,1,1,2,4,At Risk,High Risk,0.75,0.951717791411043,Standard Value,High,Launch retention campaign and personalized offer
13316.0,28,6,7213.839999999999,14424,81.97545454545454,69,4,4,5,13,Champions,Low Risk,0.15,1492.5186206896549,Very High Value,Medium,Provide premium rewards and exclusive offers
13317.0,21,13,4212.410999999999,2114,19.147322727272723,151,4,5,5,14,Champions,Low Risk,0.15,2489.151954545454,Very High Value,Medium,Provide premium rewards and exclusive offers
13319.0,1,34,11236.949999999995,4546,23.459185803757823,221,5,5,5,15,Champions,Low Risk,0.15,191028.1499999999,Very High Value,Medium,Provide premium rewards and exclusive offers
13320.0,70,2,679.4,423,15.44090909090909,37,3,2,3,8,Potential Customers,High Risk,0.75,19.138028169014085,Standard Value,High,Launch retention campaign and personalized offer
13324.0,64,8,3391.519999999999,3243,59.500350877192965,23,3,5,5,13,Champions,High Risk,0.75,417.417846153846,Very High Value,High,Launch retention campaign and personalized offer
13326.0,68,1,281.76,140,21.673846153846156,13,3,1,2,6,At Risk,High Risk,0.75,4.0834782608695654,Standard Value,High,Launch retention campaign and personalized offer
13327.0,1,14,6251.709999999993,2879,26.71670940170937,132,5,5,5,15,Champions,Low Risk,0.15,43761.96999999995,Very High Value,Medium,Provide premium rewards and exclusive offers
13329.0,2,7,4323.970000000001,3023,40.03675925925927,60,5,5,5,15,Champions,Low Risk,0.15,10089.263333333336,Very High Value,Medium,Provide premium rewards and exclusive offers
13330.0,91,3,1665.2500000000002,1224,25.61923076923077,53,2,3,4,9,Potential Customers,High Risk,0.75,54.301630434782616,High Value,High,Launch retention campaign and personalized offer
13331.0,37,1,262.40000000000003,54,21.86666666666667,12,3,1,2,6,At Risk,Low Risk,0.15,6.905263157894738,Standard Value,Low,Maintain regular engagement and monitor customer activity
13333.0,47,3,1015.74,685,18.468,54,3,3,4,10,Loyal Customers,Low Risk,0.15,63.48375000000001,High Value,Medium,Maintain regular engagement and monitor customer activity
13334.0,172,2,2726.9299999999994,1453,12.862877358490564,177,2,2,5,9,Potential Customers,High Risk,0.75,31.52520231213872,Standard Value,High,Launch retention campaign and personalized offer
13337.0,182,1,1575.26,980,18.106436781609197,87,1,1,4,6,At Risk,High Risk,0.75,8.607978142076503,Standard Value,High,Launch retention campaign and personalized offer
13338.0,177,3,1958.6000000000008,895,17.968807339449548,101,1,3,4,8,Potential Customers,High Risk,0.75,33.010112359550575,High Value,High,Launch retention campaign and personalized offer
13340.0,53,5,11364.079999999996,3866,140.29728395061724,77,3,4,5,12,Loyal Customers,Low Risk,0.15,1052.2296296296292,Very High Value,Medium,Provide premium rewards and exclusive offers
13346.0,98,6,299.40000000000003,180,49.900000000000006,4,2,4,2,8,Potential Customers,High Risk,0.75,18.145454545454545,Standard Value,High,Launch retention campaign and personalized offer
13357.0,130,4,3228.4099999999985,1820,10.447928802588992,240,2,4,5,11,Loyal Customers,High Risk,0.75,98.57740458015263,High Value,High,Launch retention campaign and personalized offer
13359.0,39,1,603.75,220,18.295454545454547,33,3,1,3,7,Potential Customers,Low Risk,0.15,15.09375,Standard Value,Low,Use personalized promotions to increase customer engagement
13360.0,67,4,1553.6500000000003,942,23.540151515151525,58,3,4,4,11,Loyal Customers,High Risk,0.75,91.39117647058825,High Value,High,Launch retention campaign and personalized offer
13361.0,108,2,1450.5000000000002,324,42.66176470588236,29,2,2,4,8,Potential Customers,High Risk,0.75,26.614678899082573,Standard Value,High,Launch retention campaign and personalized offer
13362.0,14,3,2303.3300000000004,1099,17.4494696969697,106,5,3,5,13,Champions,Low Risk,0.15,460.6660000000001,Very High Value,Medium,Provide premium rewards and exclusive offers
13363.0,45,1,731.3600000000001,436,17.413333333333338,42,3,1,3,7,Potential Customers,Low Risk,0.15,15.899130434782611,Standard Value,Low,Use personalized promotions to increase customer engagement
13367.0,67,1,510.2,253,25.51,20,3,1,3,7,Potential Customers,High Risk,0.75,7.502941176470588,Standard Value,High,Launch retention campaign and personalized offer
13368.0,50,2,498.1,279,21.65652173913044,22,3,2,2,7,Potential Customers,Low Risk,0.15,19.533333333333335,Standard Value,Low,Use personalized promotions to increase customer engagement
13369.0,1,1,308.28000000000003,149,22.020000000000003,14,5,1,2,8,Potential Customers,Low Risk,0.15,154.14000000000001,High Value,Medium,Use personalized promotions to increase customer engagement
13370.0,7,1,754.8700000000003,343,19.355641025641035,39,5,1,3,9,Potential Customers,Low Risk,0.15,94.35875000000004,High Value,Medium,Use personalized promotions to increase customer engagement
13371.0,141,2,2297.6600000000008,1019,24.974565217391312,75,2,2,5,9,Potential Customers,High Risk,0.75,32.36140845070424,High Value,High,Launch retention campaign and personalized offer
13373.0,51,3,4274.94,2612,21.3747,184,3,3,5,11,Loyal Customers,Low Risk,0.15,246.63115384615384,High Value,Medium,Maintain regular engagement and monitor customer activity
13374.0,50,2,422.80000000000007,135,24.87058823529412,17,3,2,2,7,Potential Customers,Low Risk,0.15,16.580392156862747,Standard Value,Low,Use personalized promotions to increase customer engagement
13375.0,80,1,1013.58,682,29.811176470588236,34,2,1,4,7,Potential Customers,High Risk,0.75,12.513333333333334,Standard Value,High,Launch retention campaign and personalized offer
13377.0,32,2,1552.8800000000003,748,19.908717948717957,71,4,2,4,10,Loyal Customers,Low Risk,0.15,94.11393939393942,High Value,Medium,Maintain regular engagement and monitor customer activity
13380.0,68,1,62.4,48,20.8,3,3,1,1,5,At Risk,High Risk,0.75,0.9043478260869565,Standard Value,High,Launch retention campaign and personalized offer
13381.0,15,6,4585.059999999999,3096,24.91880434782608,112,5,4,5,14,Champions,Low Risk,0.15,1719.3974999999996,Very High Value,Medium,Provide premium rewards and exclusive offers
13382.0,64,4,1164.59,732,16.402676056338027,61,3,4,4,11,Loyal Customers,High Risk,0.75,71.66707692307692,High Value,High,Launch retention campaign and personalized offer
13383.0,179,1,305.28000000000003,288,305.28000000000003,1,1,1,2,4,At Risk,High Risk,0.75,1.6960000000000002,Standard Value,High,Launch retention campaign and personalized offer
13384.0,26,4,2528.9000000000005,1720,22.57946428571429,81,4,4,5,13,Champions,Low Risk,0.15,374.6518518518519,Very High Value,Medium,Provide premium rewards and exclusive offers
13386.0,50,2,835.46,514,26.950322580645164,24,3,2,3,8,Potential Customers,Low Risk,0.15,32.76313725490196,High Value,Medium,Use personalized promotions to increase customer engagement
13387.0,53,1,189.44,125,2.5950684931506847,71,3,1,1,5,At Risk,Low Risk,0.15,3.5081481481481482,Standard Value,Low,Maintain regular engagement and monitor customer activity
13388.0,239,1,508.55000000000007,419,14.957352941176472,34,1,1,3,5,At Risk,High Risk,0.75,2.1189583333333335,Standard Value,High,Launch retention campaign and personalized offer
13392.0,313,1,91.14,82,11.3925,8,1,1,1,3,At Risk,High Risk,0.75,0.2902547770700637,Standard Value,High,Launch retention campaign and personalized offer
13393.0,219,4,1131.45,662,16.397826086956524,53,1,4,4,9,Potential Customers,High Risk,0.75,20.571818181818184,Standard Value,High,Launch retention campaign and personalized offer
13394.0,15,11,4101.679999999997,2962,16.1483464566929,167,5,5,5,15,Champions,Low Risk,0.15,2819.904999999998,Very High Value,Medium,Provide premium rewards and exclusive offers
13395.0,36,2,872.5100000000001,1324,14.541833333333336,56,4,2,3,9,Potential Customers,Low Risk,0.15,47.16270270270271,High Value,Medium,Use personalized promotions to increase customer engagement
13397.0,73,5,1647.7399999999996,906,32.30862745098038,47,2,4,4,10,Loyal Customers,High Risk,0.75,111.33378378378374,High Value,High,Launch retention campaign and personalized offer
13398.0,84,1,213.00000000000003,60,16.384615384615387,13,2,1,1,4,At Risk,High Risk,0.75,2.505882352941177,Standard Value,High,Launch retention campaign and personalized offer
13399.0,100,3,275.4,120,18.36,10,2,3,2,7,Potential Customers,High Risk,0.75,8.18019801980198,Standard Value,High,Launch retention campaign and personalized offer
13400.0,218,1,310.83000000000004,284,13.514347826086958,23,1,1,2,4,At Risk,High Risk,0.75,1.4193150684931508,Standard Value,High,Launch retention campaign and personalized offer
13402.0,8,3,913.9,628,16.033333333333335,43,5,3,3,11,Loyal Customers,Low Risk,0.15,304.6333333333333,Very High Value,Medium,Provide premium rewards and exclusive offers
13403.0,23,2,154.5,70,25.75,6,4,2,1,7,Potential Customers,Low Risk,0.15,12.875,Standard Value,Low,Use personalized promotions to increase customer engagement
13405.0,117,3,641.36,690,40.085,14,2,3,3,8,Potential Customers,High Risk,0.75,16.305762711864407,Standard Value,High,Launch retention campaign and personalized offer
13406.0,63,2,568.9200000000001,292,63.21333333333334,7,3,2,3,8,Potential Customers,High Risk,0.75,17.778750000000002,Standard Value,High,Launch retention campaign and personalized offer
13407.0,214,3,2244.7000000000003,1690,26.40823529411765,85,1,3,5,9,Potential Customers,High Risk,0.75,31.32139534883721,Standard Value,High,Launch retention campaign and personalized offer
13408.0,7,46,23616.42200000001,13267,65.23873480662985,172,5,5,5,15,Champions,Low Risk,0.15,135794.42650000006,Very High Value,Medium,Provide premium rewards and exclusive offers
13410.0,29,4,1198.9,726,54.49545454545454,18,4,4,4,12,Loyal Customers,Low Risk,0.15,159.85333333333335,High Value,Medium,Maintain regular engagement and monitor customer activity
13412.0,256,1,487.35,176,14.333823529411765,33,1,1,2,4,At Risk,High Risk,0.75,1.8963035019455254,Standard Value,High,Launch retention campaign and personalized offer
13413.0,275,6,429.44000000000005,455,9.986976744186048,38,1,4,2,7,Potential Customers,High Risk,0.75,9.335652173913045,Standard Value,High,Launch retention campaign and personalized offer
13414.0,99,3,1103.64,1128,35.601290322580645,27,2,3,4,9,Potential Customers,High Risk,0.75,33.1092,High Value,High,Launch retention campaign and personalized offer
13415.0,108,4,800.6700000000001,502,7.69875,85,2,4,3,9,Potential Customers,High Risk,0.75,29.38238532110092,Standard Value,High,Launch retention campaign and personalized offer
13416.0,372,1,228.3,66,32.614285714285714,7,1,1,1,3,At Risk,High Risk,0.75,0.6120643431635389,Standard Value,High,Launch retention campaign and personalized offer
13417.0,183,4,1028.66,370,20.993061224489797,35,1,4,4,9,Potential Customers,High Risk,0.75,22.36217391304348,Standard Value,High,Launch retention campaign and personalized offer
13418.0,8,15,6106.169999999997,3688,23.575945945945936,167,5,5,5,15,Champions,Low Risk,0.15,10176.949999999995,Very High Value,Medium,Provide premium rewards and exclusive offers
13421.0,42,6,2252.0399999999995,1239,13.404999999999998,124,3,4,5,12,Loyal Customers,Low Risk,0.15,314.23813953488366,Very High Value,Medium,Provide premium rewards and exclusive offers
13423.0,64,1,217.03,141,18.08583333333333,12,3,1,1,5,At Risk,High Risk,0.75,3.338923076923077,Standard Value,High,Launch retention campaign and personalized offer
13424.0,85,1,572.7699999999999,529,14.319249999999997,40,2,1,3,6,At Risk,High Risk,0.75,6.660116279069766,Standard Value,High,Launch retention campaign and personalized offer
13425.0,144,2,1779.42,1259,17.7942,86,2,2,4,8,Potential Customers,High Risk,0.75,24.543724137931036,Standard Value,High,Launch retention campaign and personalized offer
13426.0,18,12,4526.059999999996,2623,24.333655913978472,106,4,5,5,14,Champions,Low Risk,0.15,2858.564210526313,Very High Value,Medium,Provide premium rewards and exclusive offers
13427.0,113,3,423.93,335,18.43173913043478,18,2,3,2,7,Potential Customers,High Risk,0.75,11.156052631578946,Standard Value,High,Launch retention campaign and personalized offer
13428.0,150,2,281.51000000000005,210,4.02157142857143,66,2,2,2,6,At Risk,High Risk,0.75,3.7286092715231796,Standard Value,High,Launch retention campaign and personalized offer
13431.0,42,6,2047.14,898,24.66433734939759,74,3,4,4,11,Loyal Customers,Low Risk,0.15,285.6474418604651,High Value,Medium,Maintain regular engagement and monitor customer activity
13432.0,207,2,439.1000000000001,217,3.955855855855857,98,1,2,2,5,At Risk,High Risk,0.75,4.222115384615385,Standard Value,High,Launch retention campaign and personalized offer
13433.0,137,4,658.3200000000002,190,27.430000000000007,22,2,4,3,9,Potential Customers,High Risk,0.75,19.081739130434787,Standard Value,High,Launch retention campaign and personalized offer
13434.0,21,3,1132.6200000000003,564,45.304800000000014,14,4,3,4,11,Loyal Customers,Low Risk,0.15,154.44818181818187,High Value,Medium,Maintain regular engagement and monitor customer activity
13435.0,12,2,665.3400000000003,662,13.04588235294118,40,5,2,3,10,Loyal Customers,Low Risk,0.15,102.36000000000004,High Value,Medium,Maintain regular engagement and monitor customer activity
13438.0,183,1,46.5,10,46.5,1,1,1,1,3,At Risk,High Risk,0.75,0.25271739130434784,Standard Value,High,Launch retention campaign and personalized offer
13439.0,24,2,702.9000000000001,710,6.220353982300885,101,4,2,3,9,Potential Customers,Low Risk,0.15,56.232000000000006,High Value,Medium,Use personalized promotions to increase customer engagement
13440.0,59,7,1295.250000000001,573,21.953389830508485,49,3,5,4,12,Loyal Customers,High Risk,0.75,151.11250000000013,High Value,High,Launch retention campaign and personalized offer
13441.0,67,1,424.2599999999999,316,16.970399999999994,25,3,1,2,6,At Risk,High Risk,0.75,6.239117647058822,Standard Value,High,Launch retention campaign and personalized offer
13442.0,303,3,419.87,115,11.04921052631579,33,1,3,2,6,At Risk,High Risk,0.75,4.143453947368421,Standard Value,High,Launch retention campaign and personalized offer
13443.0,84,6,1280.1600000000003,809,6.275294117647062,176,2,4,4,10,Loyal Customers,High Risk,0.75,90.36423529411766,High Value,High,Launch retention campaign and personalized offer
13444.0,10,2,631.68,337,10.89103448275862,51,5,2,3,10,Loyal Customers,Low Risk,0.15,114.85090909090908,High Value,Medium,Maintain regular engagement and monitor customer activity
13445.0,262,1,241.9,198,34.55714285714286,7,1,1,1,3,At Risk,High Risk,0.75,0.9197718631178707,Standard Value,High,Launch retention campaign and personalized offer
13446.0,66,11,3881.889999999999,2403,20.218177083333327,113,3,5,5,13,Champions,High Risk,0.75,637.3252238805968,Very High Value,High,Launch retention campaign and personalized offer
13448.0,9,9,5701.499999999996,2744,15.706611570247924,249,5,5,5,15,Champions,Low Risk,0.15,5131.349999999997,Very High Value,Medium,Provide premium rewards and exclusive offers
13450.0,10,7,2076.32,2336,27.320000000000004,39,5,5,4,14,Champions,Low Risk,0.15,1321.2945454545456,Very High Value,Medium,Provide premium rewards and exclusive offers
13451.0,17,6,4214.769999999997,3119,7.036343906510846,363,4,4,5,13,Champions,Low Risk,0.15,1404.9233333333323,Very High Value,Medium,Provide premium rewards and exclusive offers
13452.0,108,1,139.8,4,139.8,1,2,1,1,4,At Risk,High Risk,0.75,1.2825688073394497,Standard Value,High,Launch retention campaign and personalized offer
13453.0,38,1,424.71,207,18.46565217391305,23,3,1,2,6,At Risk,Low Risk,0.15,10.889999999999999,Standard Value,Low,Maintain regular engagement and monitor customer activity
13454.0,277,1,219.87,198,9.559565217391304,23,1,1,1,3,At Risk,High Risk,0.75,0.7908992805755396,Standard Value,High,Launch retention campaign and personalized offer
13455.0,2,5,1847.59,631,18.85295918367347,70,5,4,4,13,Champions,Low Risk,0.15,3079.316666666666,Very High Value,Medium,Provide premium rewards and exclusive offers
13457.0,324,2,148.22,96,16.468888888888888,9,1,2,1,4,At Risk,High Risk,0.75,0.9121230769230769,Standard Value,High,Launch retention campaign and personalized offer
13458.0,15,2,2312.7,1252,22.453398058252425,94,5,2,5,12,Loyal Customers,Low Risk,0.15,289.0875,High Value,Medium,Maintain regular engagement and monitor customer activity
13459.0,260,2,1160.4099999999996,986,15.89602739726027,57,1,2,4,7,Potential Customers,High Risk,0.75,8.892030651340994,Standard Value,High,Launch retention campaign and personalized offer
13461.0,43,3,2715.0000000000005,1962,77.57142857142858,25,3,3,5,11,Loyal Customers,Low Risk,0.15,185.1136363636364,High Value,Medium,Maintain regular engagement and monitor customer activity
13462.0,46,4,1002.35,635,16.16693548387097,55,3,4,4,11,Loyal Customers,Low Risk,0.15,85.3063829787234,High Value,Medium,Maintain regular engagement and monitor customer activity
13464.0,30,5,2422.96,1037,22.02690909090909,95,4,4,5,13,Champions,Low Risk,0.15,390.79999999999995,Very High Value,Medium,Provide premium rewards and exclusive offers
13465.0,82,2,931.12,584,27.385882352941174,34,2,2,3,7,Potential Customers,High Risk,0.75,22.436626506024098,Standard Value,High,Launch retention campaign and personalized offer
13466.0,44,4,705.4499999999999,401,18.56447368421053,34,3,4,3,10,Loyal Customers,Low Risk,0.15,62.70666666666666,High Value,Medium,Maintain regular engagement and monitor customer activity
13468.0,4,38,7685.539999999997,3235,18.04117370892018,208,5,5,5,15,Champions,Low Risk,0.15,58410.10399999998,Very High Value,Medium,Provide premium rewards and exclusive offers
13469.0,289,1,82.4,52,13.733333333333334,6,1,1,1,3,At Risk,High Risk,0.75,0.28413793103448276,Standard Value,High,Launch retention campaign and personalized offer
13472.0,99,2,592.24,310,21.15142857142857,24,2,2,3,7,Potential Customers,High Risk,0.75,11.8448,Standard Value,High,Launch retention campaign and personalized offer
13473.0,210,6,2235.1200000000013,734,45.61469387755105,44,1,4,5,10,Loyal Customers,High Risk,0.75,63.55791469194317,High Value,High,Launch retention campaign and personalized offer
13474.0,79,2,434.2,202,6.578787878787878,62,2,2,2,6,At Risk,High Risk,0.75,10.855,Standard Value,High,Launch retention campaign and personalized offer
13476.0,42,3,823.0000000000003,296,17.14583333333334,38,3,3,3,9,Potential Customers,Low Risk,0.15,57.41860465116281,High Value,Medium,Use personalized promotions to increase customer engagement
13477.0,91,5,1379.59,1074,17.463164556962024,65,2,4,4,10,Loyal Customers,High Risk,0.75,74.97771739130435,High Value,High,Launch retention campaign and personalized offer
13478.0,105,5,2215.7800000000007,1189,17.726240000000004,114,2,4,5,11,Loyal Customers,High Risk,0.75,104.51792452830192,High Value,High,Launch retention campaign and personalized offer
13479.0,88,2,550.42,582,14.484736842105262,34,2,2,3,7,Potential Customers,High Risk,0.75,12.368988764044943,Standard Value,High,Launch retention campaign and personalized offer
13480.0,52,2,627.82,362,15.31268292682927,40,3,2,3,8,Potential Customers,Low Risk,0.15,23.691320754716983,Standard Value,Low,Use personalized promotions to increase customer engagement
13481.0,10,6,2026.2800000000009,913,17.61982608695653,87,5,4,4,13,Champions,Low Risk,0.15,1105.2436363636368,Very High Value,Medium,Provide premium rewards and exclusive offers
13482.0,263,1,151.45,71,16.827777777777776,9,1,1,1,3,At Risk,High Risk,0.75,0.5736742424242424,Standard Value,High,Launch retention campaign and personalized offer
13484.0,19,2,476.92,180,15.384516129032258,31,4,2,2,8,Potential Customers,Low Risk,0.15,47.692,High Value,Medium,Use personalized promotions to increase customer engagement
13485.0,12,10,2564.979999999999,1521,18.999851851851844,118,5,5,5,15,Champions,Low Risk,0.15,1973.0615384615378,Very High Value,Medium,Provide premium rewards and exclusive offers
13487.0,141,2,271.47,97,18.098,11,2,2,2,6,At Risk,High Risk,0.75,3.8235211267605638,Standard Value,High,Launch retention campaign and personalized offer
13488.0,3,11,6619.570000000001,3373,21.919105960264904,186,5,5,5,15,Champions,Low Risk,0.15,18203.8175,Very High Value,Medium,Provide premium rewards and exclusive offers
13490.0,290,1,154.25,25,19.28125,8,1,1,1,3,At Risk,High Risk,0.75,0.5300687285223368,Standard Value,High,Launch retention campaign and personalized offer
13491.0,8,18,3350.74,1482,18.410659340659336,102,5,5,5,15,Champions,Low Risk,0.15,6701.48,Very High Value,Medium,Provide premium rewards and exclusive offers
13495.0,4,6,3329.3899999999976,1845,33.630202020202,49,5,4,5,14,Champions,Low Risk,0.15,3995.2679999999973,Very High Value,Medium,Provide premium rewards and exclusive offers
13497.0,4,5,972.2800000000004,416,20.25583333333334,45,5,4,3,12,Loyal Customers,Low Risk,0.15,972.2800000000004,Very High Value,Medium,Provide premium rewards and exclusive offers
13498.0,366,1,327.37999999999994,362,19.25764705882353,17,1,1,2,4,At Risk,High Risk,0.75,0.892043596730245,Standard Value,High,Launch retention campaign and personalized offer
13500.0,37,1,299.53,229,14.976499999999998,20,3,1,2,6,At Risk,Low Risk,0.15,7.882368421052631,Standard Value,Low,Maintain regular engagement and monitor customer activity
13501.0,122,2,1544.79,693,24.91596774193548,52,2,2,4,8,Potential Customers,High Risk,0.75,25.118536585365852,Standard Value,High,Launch retention campaign and personalized offer
13502.0,51,2,488.5,226,32.56666666666667,14,3,2,2,7,Potential Customers,Low Risk,0.15,18.78846153846154,Standard Value,Low,Use personalized promotions to increase customer engagement
13503.0,115,5,1688.5399999999993,870,9.32895027624309,148,2,4,4,10,Loyal Customers,High Risk,0.75,72.78189655172412,High Value,High,Launch retention campaign and personalized offer
13506.0,5,4,1180.6799999999998,850,16.39833333333333,48,5,4,4,13,Champions,Low Risk,0.15,787.1199999999999,Very High Value,Medium,Provide premium rewards and exclusive offers
13508.0,278,1,176.07999999999998,156,11.005,16,1,1,1,3,At Risk,High Risk,0.75,0.6311111111111111,Standard Value,High,Launch retention campaign and personalized offer
13509.0,143,1,135.0,108,27.0,5,2,1,1,4,At Risk,High Risk,0.75,0.9375,Standard Value,High,Launch retention campaign and personalized offer
13510.0,11,7,2766.729999999999,1658,15.900747126436777,126,5,5,5,15,Champions,Low Risk,0.15,1613.9258333333328,Very High Value,Medium,Provide premium rewards and exclusive offers
13511.0,312,1,282.76,60,56.552,5,1,1,2,4,At Risk,High Risk,0.75,0.9033865814696486,Standard Value,High,Launch retention campaign and personalized offer
13512.0,23,3,462.18,276,19.2575,20,4,3,2,9,Potential Customers,Low Risk,0.15,57.7725,High Value,Medium,Use personalized promotions to increase customer engagement
13513.0,77,2,619.4900000000002,255,20.649666666666675,24,2,2,3,7,Potential Customers,High Risk,0.75,15.88435897435898,Standard Value,High,Launch retention campaign and personalized offer
13514.0,64,3,663.7,248,39.04117647058824,13,3,3,3,9,Potential Customers,High Risk,0.75,30.632307692307695,Standard Value,High,Launch retention campaign and personalized offer
13515.0,85,2,374.6999999999999,138,22.041176470588223,17,2,2,2,6,At Risk,High Risk,0.75,8.71395348837209,Standard Value,High,Launch retention campaign and personalized offer
13516.0,53,1,295.85,129,17.402941176470588,17,3,1,2,6,At Risk,Low Risk,0.15,5.4787037037037045,Standard Value,Low,Maintain regular engagement and monitor customer activity
13519.0,78,1,220.46,110,20.04181818181818,11,2,1,1,4,At Risk,High Risk,0.75,2.790632911392405,Standard Value,High,Launch retention campaign and personalized offer
13520.0,7,6,3285.050000000001,1640,29.330803571428586,62,5,4,5,14,Champions,Low Risk,0.15,2463.787500000001,Very High Value,Medium,Provide premium rewards and exclusive offers
13523.0,2,2,1136.64,602,19.265084745762717,57,5,2,4,11,Loyal Customers,Low Risk,0.15,757.7600000000001,Very High Value,Medium,Provide premium rewards and exclusive offers
13526.0,374,2,1182.0000000000005,1911,26.86363636363637,29,1,2,4,7,Potential Customers,High Risk,0.75,6.304000000000002,Standard Value,High,Launch retention campaign and personalized offer
13527.0,54,5,2396.230000000001,1070,10.240299145299147,152,3,4,5,12,Loyal Customers,High Risk,0.75,217.839090909091,High Value,High,Launch retention campaign and personalized offer
13530.0,270,1,402.98,272,22.387777777777774,18,1,1,2,4,At Risk,High Risk,0.75,1.487011070110701,Standard Value,High,Launch retention campaign and personalized offer
13531.0,2,5,1254.7200000000005,426,18.45176470588236,42,5,4,4,13,Champions,Low Risk,0.15,2091.2000000000007,Very High Value,Medium,Provide premium rewards and exclusive offers
13534.0,15,10,1850.8200000000004,908,19.279375000000005,59,5,5,4,14,Champions,Low Risk,0.15,1156.7625000000003,Very High Value,Medium,Provide premium rewards and exclusive offers
13535.0,38,1,89.5,10,89.5,1,3,1,1,5,At Risk,Low Risk,0.15,2.2948717948717947,Standard Value,Low,Maintain regular engagement and monitor customer activity
13537.0,61,2,717.85,337,17.09166666666667,38,3,2,3,8,Potential Customers,High Risk,0.75,23.156451612903226,Standard Value,High,Launch retention campaign and personalized offer
13538.0,32,5,1831.880000000001,788,15.393949579831942,102,4,4,4,12,Loyal Customers,Low Risk,0.15,277.55757575757593,High Value,Medium,Maintain regular engagement and monitor customer activity
13539.0,56,4,938.0200000000004,390,19.14326530612246,45,3,4,3,10,Loyal Customers,High Risk,0.75,65.82596491228074,High Value,High,Launch retention campaign and personalized offer
13540.0,103,3,632.3900000000001,189,19.762187500000003,26,2,3,3,8,Potential Customers,High Risk,0.75,18.242019230769234,Standard Value,High,Launch retention campaign and personalized offer
13541.0,63,2,785.25,279,78.525,10,3,2,3,8,Potential Customers,High Risk,0.75,24.5390625,Standard Value,High,Launch retention campaign and personalized offer
13542.0,12,17,4006.169999999993,815,11.887744807121642,98,5,5,5,15,Champions,Low Risk,0.15,5238.837692307683,Very High Value,Medium,Provide premium rewards and exclusive offers
13543.0,270,2,1439.6099999999997,329,30.629999999999992,37,1,2,4,7,Potential Customers,High Risk,0.75,10.62442804428044,Standard Value,High,Launch retention campaign and personalized offer
13544.0,47,4,537.5899999999998,231,3.1438011695906423,152,3,4,3,10,Loyal Customers,Low Risk,0.15,44.79916666666665,High Value,Medium,Maintain regular engagement and monitor customer activity
13545.0,26,2,374.6399999999999,257,6.572631578947366,54,4,2,2,8,Potential Customers,Low Risk,0.15,27.7511111111111,Standard Value,Low,Use personalized promotions to increase customer engagement
13546.0,18,2,465.1499999999999,230,8.457272727272725,47,4,2,2,8,Potential Customers,Low Risk,0.15,48.96315789473683,High Value,Medium,Use personalized promotions to increase customer engagement
13547.0,44,1,175.52999999999994,82,3.7346808510638287,44,3,1,1,5,At Risk,Low Risk,0.15,3.9006666666666656,Standard Value,Low,Maintain regular engagement and monitor customer activity
13548.0,107,1,226.58,124,3.5965079365079364,61,2,1,1,4,At Risk,High Risk,0.75,2.097962962962963,Standard Value,High,Launch retention campaign and personalized offer
13549.0,23,1,87.6,96,10.95,8,4,1,1,6,At Risk,Low Risk,0.15,3.65,Standard Value,Low,Maintain regular engagement and monitor customer activity
13550.0,19,1,349.51,454,7.943409090909091,40,4,1,2,7,Potential Customers,Low Risk,0.15,17.4755,Standard Value,Low,Use personalized promotions to increase customer engagement
13551.0,302,1,152.39999999999998,24,152.39999999999998,1,1,1,1,3,At Risk,High Risk,0.75,0.5029702970297029,Standard Value,High,Launch retention campaign and personalized offer
13552.0,64,10,3238.849999999999,1237,32.71565656565656,87,3,5,5,13,Champions,High Risk,0.75,498.2846153846152,Very High Value,High,Launch retention campaign and personalized offer
13553.0,310,1,517.7999999999998,206,5.508510638297871,85,1,1,3,5,At Risk,High Risk,0.75,1.6649517684887454,Standard Value,High,Launch retention campaign and personalized offer
13554.0,16,7,1638.2800000000022,581,8.232562814070363,156,4,5,4,13,Champions,Low Risk,0.15,674.5858823529421,Very High Value,Medium,Provide premium rewards and exclusive offers
13555.0,14,9,4849.909999999998,2167,17.896346863468626,175,5,5,5,15,Champions,Low Risk,0.15,2909.9459999999985,Very High Value,Medium,Provide premium rewards and exclusive offers
13556.0,65,2,200.82,134,22.313333333333336,8,3,2,1,6,At Risk,High Risk,0.75,6.085454545454545,Standard Value,High,Launch retention campaign and personalized offer
13557.0,51,11,2448.2,1852,16.76849315068493,107,3,5,5,13,Champions,Low Risk,0.15,517.8884615384615,Very High Value,Medium,Provide premium rewards and exclusive offers
13559.0,148,2,990.0,360,495.0,1,2,2,3,7,Potential Customers,High Risk,0.75,13.288590604026846,Standard Value,High,Launch retention campaign and personalized offer
13561.0,33,10,1678.8600000000013,1053,7.666027397260279,120,4,5,4,13,Champions,Low Risk,0.15,493.78235294117684,Very High Value,Medium,Provide premium rewards and exclusive offers
13562.0,37,5,3038.849999999999,846,26.656578947368413,65,3,4,5,12,Loyal Customers,Low Risk,0.15,399.8486842105262,Very High Value,Medium,Provide premium rewards and exclusive offers
13564.0,4,35,15500.530000000032,8590,13.047584175084202,479,5,5,5,15,Champions,Low Risk,0.15,108503.71000000022,Very High Value,Medium,Provide premium rewards and exclusive offers
13565.0,47,1,174.57999999999998,88,7.935454545454545,22,3,1,1,5,At Risk,Low Risk,0.15,3.637083333333333,Standard Value,Low,Maintain regular engagement and monitor customer activity
13566.0,70,3,833.4100000000003,691,4.209141414141416,159,3,3,3,9,Potential Customers,High Risk,0.75,35.21450704225354,High Value,High,Launch retention campaign and personalized offer
13567.0,64,4,1083.6900000000005,645,5.338374384236454,180,3,4,4,11,Loyal Customers,High Risk,0.75,66.68861538461542,High Value,High,Launch retention campaign and personalized offer
13569.0,3,3,520.0299999999999,238,4.031240310077519,103,5,3,3,11,Loyal Customers,Low Risk,0.15,390.0224999999999,Very High Value,Medium,Provide premium rewards and exclusive offers
13571.0,18,14,2454.2200000000016,1438,7.3260298507462736,158,4,5,5,14,Champions,Low Risk,0.15,1808.3726315789486,Very High Value,Medium,Provide premium rewards and exclusive offers
13573.0,15,4,622.0700000000003,357,9.874126984126988,52,5,4,3,12,Loyal Customers,Low Risk,0.15,155.51750000000007,High Value,Medium,Maintain regular engagement and monitor customer activity
13574.0,47,1,421.2500000000001,316,4.08980582524272,84,3,1,2,6,At Risk,Low Risk,0.15,8.77604166666667,Standard Value,Low,Maintain regular engagement and monitor customer activity
13576.0,9,11,4834.4,1968,31.59738562091503,98,5,5,5,15,Champions,Low Risk,0.15,5317.839999999999,Very High Value,Medium,Provide premium rewards and exclusive offers
13577.0,18,7,1801.6800000000007,870,21.196235294117656,58,4,5,4,13,Champions,Low Risk,0.15,663.7768421052634,Very High Value,Medium,Provide premium rewards and exclusive offers
13578.0,45,1,147.66,127,16.406666666666666,9,3,1,1,5,At Risk,Low Risk,0.15,3.21,Standard Value,Low,Maintain regular engagement and monitor customer activity
13579.0,5,4,1071.9999999999998,588,15.999999999999996,62,5,4,4,13,Champions,Low Risk,0.15,714.6666666666665,Very High Value,Medium,Provide premium rewards and exclusive offers
13580.0,42,1,107.75,45,21.55,5,3,1,1,5,At Risk,Low Risk,0.15,2.505813953488372,Standard Value,Low,Maintain regular engagement and monitor customer activity
13581.0,50,1,162.53,89,7.066521739130435,23,3,1,1,5,At Risk,Low Risk,0.15,3.1868627450980394,Standard Value,Low,Maintain regular engagement and monitor customer activity
13582.0,25,2,241.68,106,21.97090909090909,10,4,2,1,7,Potential Customers,Low Risk,0.15,18.590769230769233,Standard Value,Low,Use personalized promotions to increase customer engagement
13583.0,315,1,664.001,372,15.441883720930232,43,1,1,3,5,At Risk,High Risk,0.75,2.101268987341772,Standard Value,High,Launch retention campaign and personalized offer
13584.0,134,2,250.05000000000004,326,4.238135593220339,55,2,2,1,5,At Risk,High Risk,0.75,3.704444444444445,Standard Value,High,Launch retention campaign and personalized offer
13585.0,166,3,684.54,1386,17.552307692307693,29,2,3,3,8,Potential Customers,High Risk,0.75,12.297125748502994,Standard Value,High,Launch retention campaign and personalized offer
13586.0,177,1,131.52999999999997,39,6.263333333333332,20,1,1,1,3,At Risk,High Risk,0.75,0.7389325842696628,Standard Value,High,Launch retention campaign and personalized offer
13587.0,85,3,961.1,484,43.68636363636364,20,2,3,3,8,Potential Customers,High Risk,0.75,33.526744186046514,High Value,High,Launch retention campaign and personalized offer
13589.0,85,4,741.0900000000001,179,23.906129032258068,29,2,4,3,9,Potential Customers,High Risk,0.75,34.4693023255814,High Value,High,Launch retention campaign and personalized offer
13590.0,11,12,4367.669999999996,3428,13.522198142414847,225,5,5,5,15,Champions,Low Risk,0.15,4367.669999999996,Very High Value,Medium,Provide premium rewards and exclusive offers
13591.0,71,4,976.81,365,22.71651162790698,42,3,4,3,10,Loyal Customers,High Risk,0.75,54.267222222222216,High Value,High,Launch retention campaign and personalized offer
13593.0,23,9,3486.6100000000006,1459,12.363865248226952,174,4,5,5,14,Champions,Low Risk,0.15,1307.4787500000002,Very High Value,Medium,Provide premium rewards and exclusive offers
13594.0,121,1,136.35000000000002,37,19.47857142857143,7,2,1,1,4,At Risk,High Risk,0.75,1.1176229508196722,Standard Value,High,Launch retention campaign and personalized offer
13595.0,152,3,818.2200000000008,353,5.383026315789479,114,2,3,3,8,Potential Customers,High Risk,0.75,16.043529411764723,Standard Value,High,Launch retention campaign and personalized offer
13597.0,36,2,396.71,231,23.335882352941177,17,4,2,2,8,Potential Customers,Low Risk,0.15,21.443783783783783,Standard Value,Low,Use personalized promotions to increase customer engagement
13598.0,131,4,609.42,343,10.32915254237288,46,2,4,3,9,Potential Customers,High Risk,0.75,18.467272727272725,Standard Value,High,Launch retention campaign and personalized offer
13599.0,2,14,5013.96,3200,30.76049079754601,108,5,5,5,15,Champions,Low Risk,0.15,23398.48,Very High Value,Medium,Provide premium rewards and exclusive offers
13600.0,270,1,298.9000000000001,275,13.58636363636364,22,1,1,2,4,At Risk,High Risk,0.75,1.1029520295202955,Standard Value,High,Launch retention campaign and personalized offer
13601.0,28,2,491.82,424,5.123125,77,4,2,2,8,Potential Customers,Low Risk,0.15,33.91862068965517,High Value,Medium,Use personalized promotions to increase customer engagement
13602.0,17,3,596.2800000000001,271,17.03657142857143,29,4,3,3,10,Loyal Customers,Low Risk,0.15,99.38000000000001,High Value,Medium,Maintain regular engagement and monitor customer activity
13604.0,294,1,717.6199999999999,242,34.17238095238095,21,1,1,3,5,At Risk,High Risk,0.75,2.432610169491525,Standard Value,High,Launch retention campaign and personalized offer
13605.0,23,2,522.67,425,9.861698113207549,50,4,2,3,9,Potential Customers,Low Risk,0.15,43.55583333333333,High Value,Medium,Use personalized promotions to increase customer engagement
13607.0,38,1,400.3,178,16.679166666666667,24,3,1,2,6,At Risk,Low Risk,0.15,10.264102564102565,Standard Value,Low,Maintain regular engagement and monitor customer activity
13608.0,176,1,236.20000000000007,113,6.561111111111114,31,2,1,1,4,At Risk,High Risk,0.75,1.3344632768361586,Standard Value,High,Launch retention campaign and personalized offer
13609.0,229,1,167.35000000000002,19,23.907142857142865,7,1,1,1,3,At Risk,High Risk,0.75,0.727608695652174,Standard Value,High,Launch retention campaign and personalized offer
13610.0,23,7,1044.0000000000011,393,5.49473684210527,157,4,5,4,13,Champions,Low Risk,0.15,304.50000000000034,Very High Value,Medium,Provide premium rewards and exclusive offers
13611.0,10,7,2147.730000000001,1236,13.856322580645168,122,5,5,5,15,Champions,Low Risk,0.15,1366.7372727272732,Very High Value,Medium,Provide premium rewards and exclusive offers
13612.0,268,1,818.29,444,16.3658,50,1,1,3,5,At Risk,High Risk,0.75,3.041970260223048,Standard Value,High,Launch retention campaign and personalized offer
13613.0,88,5,1039.8500000000004,445,17.624576271186445,50,2,4,4,10,Loyal Customers,High Risk,0.75,58.418539325842715,High Value,High,Launch retention campaign and personalized offer
13614.0,29,2,748.7299999999999,258,10.696142857142856,67,4,2,3,9,Potential Customers,Low Risk,0.15,49.91533333333333,High Value,Medium,Use personalized promotions to increase customer engagement
13615.0,35,7,5854.839999999997,2721,17.019883720930224,244,4,5,5,14,Champions,Low Risk,0.15,1138.4411111111106,Very High Value,Medium,Provide premium rewards and exclusive offers
13616.0,204,2,288.1,175,7.786486486486487,31,1,2,2,5,At Risk,High Risk,0.75,2.8107317073170734,Standard Value,High,Launch retention campaign and personalized offer
13617.0,44,5,734.57,293,11.659841269841271,31,3,4,3,10,Loyal Customers,Low Risk,0.15,81.6188888888889,High Value,Medium,Maintain regular engagement and monitor customer activity
13619.0,180,2,231.69,84,4.728367346938775,39,1,2,1,4,At Risk,High Risk,0.75,2.5601104972375692,Standard Value,High,Launch retention campaign and personalized offer
13620.0,164,1,112.34000000000002,74,22.468000000000004,5,2,1,1,4,At Risk,High Risk,0.75,0.6808484848484849,Standard Value,High,Launch retention campaign and personalized offer
13622.0,332,1,658.95,379,20.5921875,32,1,1,3,5,At Risk,High Risk,0.75,1.978828828828829,Standard Value,High,Launch retention campaign and personalized offer
13623.0,16,5,1818.7099999999996,729,8.619478672985778,152,4,4,4,12,Loyal Customers,Low Risk,0.15,534.9147058823528,Very High Value,Medium,Provide premium rewards and exclusive offers
13624.0,24,1,462.0800000000001,820,21.003636363636367,22,4,1,2,7,Potential Customers,Low Risk,0.15,18.483200000000004,Standard Value,Low,Use personalized promotions to increase customer engagement
13625.0,232,1,301.26,144,14.345714285714283,21,1,1,2,4,At Risk,High Risk,0.75,1.2929613733905578,Standard Value,High,Launch retention campaign and personalized offer
13626.0,15,1,449.81,189,17.992399999999996,25,5,1,2,8,Potential Customers,Low Risk,0.15,28.113125,Standard Value,Low,Use personalized promotions to increase customer engagement
13627.0,124,2,607.43,363,16.417027027027025,37,2,2,3,7,Potential Customers,High Risk,0.75,9.718879999999999,Standard Value,High,Launch retention campaign and personalized offer
13628.0,312,1,310.14000000000004,106,19.383750000000003,16,1,1,2,4,At Risk,High Risk,0.75,0.9908626198083068,Standard Value,High,Launch retention campaign and personalized offer
13629.0,49,8,5578.5,3350,199.2321428571429,7,3,5,5,13,Champions,Low Risk,0.15,892.56,Very High Value,Medium,Provide premium rewards and exclusive offers
13632.0,30,3,1526.88,602,20.358400000000003,63,4,3,4,11,Loyal Customers,Low Risk,0.15,147.7625806451613,High Value,Medium,Maintain regular engagement and monitor customer activity
13634.0,10,11,3498.3099999999995,1392,13.352328244274808,153,5,5,5,15,Champions,Low Risk,0.15,3498.3099999999995,Very High Value,Medium,Provide premium rewards and exclusive offers
13635.0,78,3,1928.13,1207,19.2813,89,2,3,4,9,Potential Customers,High Risk,0.75,73.22012658227848,High Value,High,Launch retention campaign and personalized offer
13639.0,72,1,312.93,197,16.47,19,2,1,2,5,At Risk,High Risk,0.75,4.286712328767123,Standard Value,High,Launch retention campaign and personalized offer
13640.0,247,1,405.0,108,101.25,4,1,1,2,4,At Risk,High Risk,0.75,1.6330645161290323,Standard Value,High,Launch retention campaign and personalized offer
13641.0,276,5,1016.4700000000004,1098,23.10159090909092,41,1,4,4,9,Potential Customers,High Risk,0.75,18.34783393501806,Standard Value,High,Launch retention campaign and personalized offer
13642.0,68,3,159.92000000000002,80,3.331666666666667,41,3,3,1,7,Potential Customers,High Risk,0.75,6.95304347826087,Standard Value,High,Launch retention campaign and personalized offer
13643.0,18,7,1637.3300000000002,629,22.12608108108108,57,4,5,4,13,Champions,Low Risk,0.15,603.2268421052632,Very High Value,Medium,Provide premium rewards and exclusive offers
13646.0,35,2,326.24999999999983,79,5.624999999999997,58,4,2,2,8,Potential Customers,Low Risk,0.15,18.12499999999999,Standard Value,Low,Use personalized promotions to increase customer engagement
13647.0,130,4,1393.5600000000004,908,22.845245901639352,50,2,4,4,10,Loyal Customers,High Risk,0.75,42.5514503816794,High Value,High,Launch retention campaign and personalized offer
13648.0,36,8,1764.0200000000002,960,16.64169811320755,95,4,5,4,13,Champions,Low Risk,0.15,381.40972972972975,Very High Value,Medium,Provide premium rewards and exclusive offers
13649.0,2,5,1332.2800000000009,724,12.934757281553404,90,5,4,4,13,Champions,Low Risk,0.15,2220.466666666668,Very High Value,Medium,Provide premium rewards and exclusive offers
13650.0,10,4,1451.66,824,19.100789473684213,62,5,4,4,13,Champions,Low Risk,0.15,527.8763636363636,Very High Value,Medium,Provide premium rewards and exclusive offers
13651.0,17,1,132.65,29,16.58125,8,4,1,1,6,At Risk,Low Risk,0.15,7.3694444444444445,Standard Value,Low,Maintain regular engagement and monitor customer activity
13652.0,4,3,1475.770000000001,992,15.372604166666676,91,5,3,4,12,Loyal Customers,Low Risk,0.15,885.4620000000007,Very High Value,Medium,Provide premium rewards and exclusive offers
13653.0,123,1,152.2,72,16.91111111111111,9,2,1,1,4,At Risk,High Risk,0.75,1.2274193548387096,Standard Value,High,Launch retention campaign and personalized offer
13654.0,16,5,3600.669999999999,2580,22.09,133,4,4,5,13,Champions,Low Risk,0.15,1059.0205882352939,Very High Value,Medium,Provide premium rewards and exclusive offers
13655.0,10,4,1347.5400000000002,620,21.38952380952381,55,5,4,4,13,Champions,Low Risk,0.15,490.0145454545455,Very High Value,Medium,Provide premium rewards and exclusive offers
13656.0,135,2,699.2000000000002,372,18.40000000000001,38,2,2,3,7,Potential Customers,High Risk,0.75,10.282352941176473,Standard Value,High,Launch retention campaign and personalized offer
13658.0,19,4,3386.3300000000017,1152,26.25062015503877,92,4,4,5,13,Champions,Low Risk,0.15,677.2660000000003,Very High Value,Medium,Provide premium rewards and exclusive offers
13659.0,52,10,3321.6799999999994,1645,19.42502923976608,137,3,5,5,13,Champions,Low Risk,0.15,626.7320754716981,Very High Value,Medium,Provide premium rewards and exclusive offers
13660.0,36,1,314.58999999999986,137,7.672926829268289,39,4,1,2,7,Potential Customers,Low Risk,0.15,8.502432432432428,Standard Value,Low,Use personalized promotions to increase customer engagement
13661.0,239,1,325.24000000000007,118,19.13176470588236,17,1,1,2,4,At Risk,High Risk,0.75,1.3551666666666669,Standard Value,High,Launch retention campaign and personalized offer
13662.0,21,8,1352.35,636,16.09940476190476,77,4,5,4,13,Champions,Low Risk,0.15,491.76363636363635,Very High Value,Medium,Provide premium rewards and exclusive offers
13663.0,16,4,1858.0400000000009,802,21.605116279069776,75,4,4,4,12,Loyal Customers,Low Risk,0.15,437.1858823529414,Very High Value,Medium,Provide premium rewards and exclusive offers
13665.0,22,3,1711.6600000000003,1652,16.147735849056605,97,4,3,4,11,Loyal Customers,Low Risk,0.15,223.26000000000005,High Value,Medium,Maintain regular engagement and monitor customer activity
13666.0,56,2,43.25,13,6.178571428571429,7,3,2,1,6,At Risk,High Risk,0.75,1.5175438596491229,Standard Value,High,Launch retention campaign and personalized offer
13668.0,19,14,6726.350000000003,2391,22.42116666666668,192,4,5,5,14,Champions,Low Risk,0.15,4708.4450000000015,Very High Value,Medium,Provide premium rewards and exclusive offers
13669.0,43,1,195.0,156,39.0,5,3,1,1,5,At Risk,Low Risk,0.15,4.431818181818182,Standard Value,Low,Maintain regular engagement and monitor customer activity
13671.0,30,1,194.95,107,2.565131578947368,61,4,1,1,6,At Risk,Low Risk,0.15,6.288709677419354,Standard Value,Low,Maintain regular engagement and monitor customer activity
13672.0,366,1,233.53,81,19.460833333333333,12,1,1,1,3,At Risk,High Risk,0.75,0.6363215258855586,Standard Value,High,Launch retention campaign and personalized offer
13674.0,68,1,240.68,102,17.19142857142857,14,3,1,1,5,At Risk,High Risk,0.75,3.4881159420289856,Standard Value,High,Launch retention campaign and personalized offer
13676.0,175,2,243.9,104,18.76153846153846,13,2,2,1,5,At Risk,High Risk,0.75,2.771590909090909,Standard Value,High,Launch retention campaign and personalized offer
13677.0,40,2,556.1900000000002,218,5.198037383177572,98,3,2,3,8,Potential Customers,Low Risk,0.15,27.13121951219513,Standard Value,Low,Use personalized promotions to increase customer engagement
13679.0,129,3,281.25999999999993,102,5.625199999999999,44,2,3,2,7,Potential Customers,High Risk,0.75,6.490615384615382,Standard Value,High,Launch retention campaign and personalized offer
13680.0,107,8,7713.249999999983,3316,16.87800875273519,244,2,5,5,12,Loyal Customers,High Risk,0.75,571.3518518518506,Very High Value,High,Launch retention campaign and personalized offer
13683.0,93,1,258.6,180,25.860000000000003,10,2,1,2,5,At Risk,High Risk,0.75,2.7510638297872343,Standard Value,High,Launch retention campaign and personalized offer
13684.0,26,3,529.75,196,6.705696202531645,58,4,3,3,10,Loyal Customers,Low Risk,0.15,58.861111111111114,High Value,Medium,Maintain regular engagement and monitor customer activity
13686.0,16,2,337.0400000000001,308,12.963076923076926,23,4,2,2,8,Potential Customers,Low Risk,0.15,39.651764705882364,High Value,Medium,Use personalized promotions to increase customer engagement
13687.0,74,1,11880.839999999998,87167,264.0186666666666,45,2,1,5,8,Potential Customers,High Risk,0.75,158.41119999999998,High Value,High,Launch retention campaign and personalized offer
13688.0,271,1,375.5,130,75.1,5,1,1,2,4,At Risk,High Risk,0.75,1.380514705882353,Standard Value,High,Launch retention campaign and personalized offer
13689.0,80,1,349.5,210,116.5,3,2,1,2,5,At Risk,High Risk,0.75,4.314814814814815,Standard Value,High,Launch retention campaign and personalized offer
13691.0,32,1,212.77999999999997,145,3.940370370370369,54,4,1,1,6,At Risk,Low Risk,0.15,6.447878787878787,Standard Value,Low,Maintain regular engagement and monitor customer activity
13692.0,44,2,1626.08,875,37.81581395348837,43,3,2,4,9,Potential Customers,Low Risk,0.15,72.27022222222222,High Value,Medium,Use personalized promotions to increase customer engagement
13693.0,10,9,2011.82,880,18.979433962264157,78,5,5,4,14,Champions,Low Risk,0.15,1646.0345454545457,Very High Value,Medium,Provide premium rewards and exclusive offers
13694.0,9,94,131443.1900000002,125893,137.34920585161987,654,5,5,5,15,Champions,Low Risk,0.15,1235565.986000002,Very High Value,Medium,Provide premium rewards and exclusive offers
13695.0,213,1,266.6,188,44.43333333333333,6,1,1,2,4,At Risk,High Risk,0.75,1.2457943925233645,Standard Value,High,Launch retention campaign and personalized offer
13696.0,57,3,2020.4,552,84.18333333333332,24,3,3,4,10,Loyal Customers,High Risk,0.75,104.50344827586208,High Value,High,Launch retention campaign and personalized offer
13698.0,232,2,465.53,231,11.63825,31,1,2,2,5,At Risk,High Risk,0.75,3.995965665236051,Standard Value,High,Launch retention campaign and personalized offer
13699.0,186,1,455.57,153,19.807391304347824,23,1,1,2,4,At Risk,High Risk,0.75,2.4362032085561496,Standard Value,High,Launch retention campaign and personalized offer
13700.0,53,3,348.34,505,7.572608695652173,41,3,3,2,8,Potential Customers,Low Risk,0.15,19.35222222222222,Standard Value,Low,Use personalized promotions to increase customer engagement
13701.0,82,1,161.00000000000003,80,17.888888888888893,9,2,1,1,4,At Risk,High Risk,0.75,1.9397590361445787,Standard Value,High,Launch retention campaign and personalized offer
13702.0,81,1,135.18,74,27.036,5,2,1,1,4,At Risk,High Risk,0.75,1.6485365853658538,Standard Value,High,Launch retention campaign and personalized offer
13703.0,51,1,326.06,118,9.057222222222222,35,3,1,2,6,At Risk,Low Risk,0.15,6.270384615384615,Standard Value,Low,Maintain regular engagement and monitor customer activity
13705.0,9,5,1323.4699999999996,646,23.633392857142848,43,5,4,4,13,Champions,Low Risk,0.15,661.7349999999998,Very High Value,Medium,Provide premium rewards and exclusive offers
13706.0,262,1,300.37999999999994,112,16.687777777777775,18,1,1,2,4,At Risk,High Risk,0.75,1.1421292775665397,Standard Value,High,Launch retention campaign and personalized offer
13707.0,65,3,2559.449999999999,1859,23.920093457943917,102,3,3,5,11,Loyal Customers,High Risk,0.75,116.33863636363631,High Value,High,Launch retention campaign and personalized offer
13709.0,82,5,1263.7000000000005,614,17.551388888888894,64,2,4,4,10,Loyal Customers,High Risk,0.75,76.12650602409641,High Value,High,Launch retention campaign and personalized offer
13710.0,59,2,329.04,160,47.00571428571429,7,3,2,2,7,Potential Customers,High Risk,0.75,10.968,Standard Value,High,Launch retention campaign and personalized offer
13711.0,42,7,1540.2000000000005,679,19.49620253164557,71,3,5,4,12,Loyal Customers,Low Risk,0.15,250.73023255813962,High Value,Medium,Maintain regular engagement and monitor customer activity
13712.0,246,1,537.5800000000002,776,23.373043478260875,23,1,1,3,5,At Risk,High Risk,0.75,2.1764372469635633,Standard Value,High,Launch retention campaign and personalized offer
13713.0,44,3,743.26,286,9.064146341463417,70,3,3,3,9,Potential Customers,Low Risk,0.15,49.55066666666666,High Value,Medium,Use personalized promotions to increase customer engagement
13714.0,101,1,161.35,50,5.378333333333333,30,2,1,1,4,At Risk,High Risk,0.75,1.5818627450980391,Standard Value,High,Launch retention campaign and personalized offer
13715.0,8,13,7403.949999999996,4371,17.2586247086247,233,5,5,5,15,Champions,Low Risk,0.15,10694.59444444444,Very High Value,Medium,Provide premium rewards and exclusive offers
13717.0,93,2,318.29,185,14.467727272727272,21,2,2,2,6,At Risk,High Risk,0.75,6.772127659574468,Standard Value,High,Launch retention campaign and personalized offer
13719.0,29,6,1773.570000000001,990,9.285706806282729,149,4,4,4,12,Loyal Customers,Low Risk,0.15,354.71400000000017,Very High Value,Medium,Provide premium rewards and exclusive offers
13721.0,31,1,217.39999999999992,196,15.528571428571423,14,4,1,1,6,At Risk,Low Risk,0.15,6.7937499999999975,Standard Value,Low,Maintain regular engagement and monitor customer activity
13722.0,56,7,3260.0000000000005,1658,31.34615384615385,84,3,5,5,13,Champions,High Risk,0.75,400.3508771929825,Very High Value,High,Launch retention campaign and personalized offer
13723.0,28,5,1009.35,586,19.04433962264151,46,4,4,4,12,Loyal Customers,Low Risk,0.15,174.02586206896552,High Value,Medium,Maintain regular engagement and monitor customer activity
13724.0,273,1,213.00999999999996,130,5.071666666666665,39,1,1,1,3,At Risk,High Risk,0.75,0.7774087591240875,Standard Value,High,Launch retention campaign and personalized offer
13727.0,247,6,746.57,208,11.66515625,55,1,4,3,8,Potential Customers,High Risk,0.75,18.06217741935484,Standard Value,High,Launch retention campaign and personalized offer
13728.0,23,10,1839.0300000000016,811,18.208217821782192,56,4,5,4,13,Champions,Low Risk,0.15,766.2625000000007,Very High Value,Medium,Provide premium rewards and exclusive offers
13729.0,71,3,724.7300000000001,419,18.582820512820515,36,3,3,3,9,Potential Customers,High Risk,0.75,30.19708333333334,Standard Value,High,Launch retention campaign and personalized offer
13733.0,46,2,487.03,335,16.79413793103448,28,3,2,2,7,Potential Customers,Low Risk,0.15,20.72468085106383,Standard Value,Low,Use personalized promotions to increase customer engagement
13734.0,144,4,6701.639999999998,303,239.34428571428563,24,2,4,5,11,Loyal Customers,High Risk,0.75,184.87282758620682,High Value,High,Launch retention campaign and personalized offer
13735.0,12,9,6927.980000000001,3028,15.060826086956524,272,5,5,5,15,Champions,Low Risk,0.15,4796.293846153847,Very High Value,Medium,Provide premium rewards and exclusive offers
13736.0,61,5,2034.3100000000013,1055,5.5582240437158505,225,3,4,4,11,Loyal Customers,High Risk,0.75,164.05725806451625,High Value,High,Launch retention campaign and personalized offer
13738.0,32,1,440.9299999999999,240,4.792717391304347,88,4,1,2,7,Potential Customers,Low Risk,0.15,13.361515151515148,Standard Value,Low,Use personalized promotions to increase customer engagement
13739.0,163,1,75.3,22,25.1,3,2,1,1,4,At Risk,High Risk,0.75,0.4591463414634146,Standard Value,High,Launch retention campaign and personalized offer
13740.0,51,4,1247.0200000000002,566,17.319722222222225,62,3,4,4,11,Loyal Customers,Low Risk,0.15,95.92461538461541,High Value,Medium,Maintain regular engagement and monitor customer activity
13745.0,182,1,477.3200000000001,650,15.397419354838712,31,1,1,2,4,At Risk,High Risk,0.75,2.6083060109289624,Standard Value,High,Launch retention campaign and personalized offer
13746.0,49,1,176.69,83,19.63222222222222,9,3,1,1,5,At Risk,Low Risk,0.15,3.5338,Standard Value,Low,Maintain regular engagement and monitor customer activity
13747.0,9,2,169.79999999999998,60,33.959999999999994,4,5,2,1,8,Potential Customers,Low Risk,0.15,33.959999999999994,High Value,Medium,Use personalized promotions to increase customer engagement
13748.0,9,5,1320.1,669,42.58387096774194,22,5,4,4,13,Champions,Low Risk,0.15,660.05,Very High Value,Medium,Provide premium rewards and exclusive offers
13750.0,16,6,1954.92,854,38.33176470588236,34,4,4,4,12,Loyal Customers,Low Risk,0.15,689.9717647058824,Very High Value,Medium,Provide premium rewards and exclusive offers
13752.0,163,1,404.45,131,21.28684210526316,19,2,1,2,5,At Risk,High Risk,0.75,2.466158536585366,Standard Value,High,Launch retention campaign and personalized offer
13753.0,234,3,1353.3100000000004,938,30.073555555555565,37,1,3,4,8,Potential Customers,High Risk,0.75,17.276297872340432,Standard Value,High,Launch retention campaign and personalized offer
13754.0,73,1,164.45,101,18.272222222222226,9,2,1,1,4,At Risk,High Risk,0.75,2.222297297297297,Standard Value,High,Launch retention campaign and personalized offer
13756.0,3,10,4017.9799999999977,2253,19.50475728155339,103,5,5,5,15,Champions,Low Risk,0.15,10044.949999999993,Very High Value,Medium,Provide premium rewards and exclusive offers
13757.0,310,1,195.55,54,24.44375,8,1,1,1,3,At Risk,High Risk,0.75,0.6287781350482315,Standard Value,High,Launch retention campaign and personalized offer
13758.0,2,10,6226.429999999998,3224,32.429322916666656,147,5,5,5,15,Champions,Low Risk,0.15,20754.76666666666,Very High Value,Medium,Provide premium rewards and exclusive offers
13760.0,40,3,1076.8499999999997,426,17.36854838709677,53,3,3,4,10,Loyal Customers,Low Risk,0.15,78.79390243902438,High Value,Medium,Maintain regular engagement and monitor customer activity
13761.0,138,4,881.5199999999998,437,16.952307692307688,50,2,4,3,9,Potential Customers,High Risk,0.75,25.367482014388482,Standard Value,High,Launch retention campaign and personalized offer
13762.0,229,4,2165.76,2336,77.34857142857143,21,1,4,5,10,Loyal Customers,High Risk,0.75,37.66539130434783,High Value,High,Launch retention campaign and personalized offer
13763.0,53,2,3502.48,2496,100.07085714285714,35,3,2,5,10,Loyal Customers,Low Risk,0.15,129.72148148148148,High Value,Medium,Maintain regular engagement and monitor customer activity
13764.0,205,3,1431.499999999999,1167,8.520833333333329,141,1,3,4,8,Potential Customers,High Risk,0.75,20.847087378640765,Standard Value,High,Launch retention campaign and personalized offer
13765.0,289,1,352.821,297,20.754176470588234,17,1,1,2,4,At Risk,High Risk,0.75,1.2166241379310345,Standard Value,High,Launch retention campaign and personalized offer
13766.0,131,1,190.35,137,11.19705882352941,16,2,1,1,4,At Risk,High Risk,0.75,1.4420454545454544,Standard Value,High,Launch retention campaign and personalized offer
13767.0,5,39,18320.169999999995,7913,42.90437939110069,101,5,5,5,15,Champions,Low Risk,0.15,119081.10499999997,Very High Value,Medium,Provide premium rewards and exclusive offers
13768.0,362,2,875.97,373,26.544545454545457,30,1,2,3,6,At Risk,High Risk,0.75,4.826280991735537,Standard Value,High,Launch retention campaign and personalized offer
13769.0,3,11,3003.9099999999985,1411,20.026066666666654,81,5,5,5,15,Champions,Low Risk,0.15,8260.752499999995,Very High Value,Medium,Provide premium rewards and exclusive offers
13770.0,58,4,785.3699999999999,468,16.361874999999998,48,3,4,3,10,Loyal Customers,High Risk,0.75,53.24542372881355,High Value,High,Launch retention campaign and personalized offer
13771.0,169,5,3094.3700000000003,1663,31.900721649484534,85,2,4,5,11,Loyal Customers,High Risk,0.75,91.0108823529412,High Value,High,Launch retention campaign and personalized offer
13772.0,36,5,1982.0900000000013,910,4.980125628140707,290,4,4,4,12,Loyal Customers,Low Risk,0.15,267.8500000000002,High Value,Medium,Maintain regular engagement and monitor customer activity
13773.0,32,2,301.54,174,15.870526315789474,19,4,2,2,8,Potential Customers,Low Risk,0.15,18.275151515151517,Standard Value,Low,Use personalized promotions to increase customer engagement
13775.0,226,1,1049.66,455,16.661269841269842,63,1,1,4,6,At Risk,High Risk,0.75,4.624052863436123,Standard Value,High,Launch retention campaign and personalized offer
13776.0,64,2,623.98,2,311.99,1,3,2,3,8,Potential Customers,High Risk,0.75,19.199384615384616,Standard Value,High,Launch retention campaign and personalized offer
13777.0,2,37,30501.26,13845,157.22298969072165,36,5,5,5,15,Champions,Low Risk,0.15,376182.2066666666,Very High Value,Medium,Provide premium rewards and exclusive offers
13778.0,127,3,945.79,441,27.022571428571432,27,2,3,3,8,Potential Customers,High Risk,0.75,22.166953125,Standard Value,High,Launch retention campaign and personalized offer
13779.0,151,1,161.12999999999997,53,5.967777777777776,27,2,1,1,4,At Risk,High Risk,0.75,1.060065789473684,Standard Value,High,Launch retention campaign and personalized offer
13780.0,43,1,375.81000000000006,163,8.739767441860467,35,3,1,2,6,At Risk,Low Risk,0.15,8.541136363636365,Standard Value,Low,Maintain regular engagement and monitor customer activity
13781.0,228,2,650.9900000000001,270,16.274750000000004,39,1,2,3,6,At Risk,High Risk,0.75,5.685502183406115,Standard Value,High,Launch retention campaign and personalized offer
13782.0,89,7,881.7200000000003,278,6.835038759689924,106,2,5,3,10,Loyal Customers,High Risk,0.75,68.57822222222224,High Value,High,Launch retention campaign and personalized offer
13783.0,123,4,1542.09,3437,154.209,4,2,4,4,10,Loyal Customers,High Risk,0.75,49.74483870967742,High Value,High,Launch retention campaign and personalized offer
13784.0,70,3,447.44,334,37.28666666666666,9,3,3,2,8,Potential Customers,High Risk,0.75,18.905915492957746,Standard Value,High,Launch retention campaign and personalized offer
13785.0,64,4,542.49,151,18.083,26,3,4,3,10,Loyal Customers,High Risk,0.75,33.384,High Value,High,Launch retention campaign and personalized offer
13786.0,3,6,3128.54,1516,26.73965811965812,80,5,4,5,14,Champions,Low Risk,0.15,4692.8099999999995,Very High Value,Medium,Provide premium rewards and exclusive offers
13787.0,94,4,913.4599999999998,661,16.608363636363634,50,2,4,3,9,Potential Customers,High Risk,0.75,38.46147368421052,High Value,High,Launch retention campaign and personalized offer
13788.0,141,1,3.75,1,3.75,1,2,1,1,4,At Risk,High Risk,0.75,0.02640845070422535,Standard Value,High,Launch retention campaign and personalized offer
13789.0,24,1,239.46,258,13.303333333333333,18,4,1,1,6,At Risk,Low Risk,0.15,9.5784,Standard Value,Low,Maintain regular engagement and monitor customer activity
13792.0,58,1,188.4,64,18.84,10,3,1,1,5,At Risk,High Risk,0.75,3.193220338983051,Standard Value,High,Launch retention campaign and personalized offer
13793.0,282,1,96.0,52,13.714285714285714,7,1,1,1,3,At Risk,High Risk,0.75,0.3392226148409894,Standard Value,High,Launch retention campaign and personalized offer
13794.0,182,1,126.03000000000002,63,14.003333333333336,9,1,1,1,3,At Risk,High Risk,0.75,0.688688524590164,Standard Value,High,Launch retention campaign and personalized offer
13795.0,24,4,836.2999999999998,1250,28.837931034482757,23,4,4,3,11,Loyal Customers,Low Risk,0.15,133.80799999999996,High Value,Medium,Maintain regular engagement and monitor customer activity
13796.0,135,1,289.7,218,13.168181818181818,22,2,1,2,5,At Risk,High Risk,0.75,2.130147058823529,Standard Value,High,Launch retention campaign and personalized offer
13797.0,72,3,1179.4499999999998,573,15.121153846153844,71,2,3,4,9,Potential Customers,High Risk,0.75,48.470547945205475,High Value,High,Launch retention campaign and personalized offer
13798.0,8,54,38683.01999999998,24399,103.70782841823052,121,5,5,5,15,Champions,Low Risk,0.15,232098.1199999999,Very High Value,Medium,Provide premium rewards and exclusive offers
13799.0,80,7,2114.710000000001,1137,31.562835820895536,44,2,5,4,11,Loyal Customers,High Risk,0.75,182.7527160493828,High Value,High,Launch retention campaign and personalized offer
13800.0,66,2,1121.24,560,28.031,40,3,2,4,9,Potential Customers,High Risk,0.75,33.469850746268655,High Value,High,Launch retention campaign and personalized offer
13802.0,10,16,21659.69,11557,55.82394329896908,197,5,5,5,15,Champions,Low Risk,0.15,31505.003636363635,Very High Value,Medium,Provide premium rewards and exclusive offers
13803.0,67,2,1061.8400000000006,710,17.407213114754107,58,3,2,4,9,Potential Customers,High Risk,0.75,31.230588235294135,Standard Value,High,Launch retention campaign and personalized offer
13804.0,71,2,572.7299999999999,335,17.897812499999997,32,3,2,3,8,Potential Customers,High Risk,0.75,15.909166666666664,Standard Value,High,Launch retention campaign and personalized offer
13807.0,3,3,422.2,116,16.887999999999998,24,5,3,2,10,Loyal Customers,Low Risk,0.15,316.65,Very High Value,Medium,Provide premium rewards and exclusive offers
13809.0,30,2,524.65,252,40.357692307692304,13,4,2,3,9,Potential Customers,Low Risk,0.15,33.84838709677419,High Value,Medium,Use personalized promotions to increase customer engagement
13813.0,163,4,1398.6100000000004,740,18.90013513513514,50,2,4,4,10,Loyal Customers,High Risk,0.75,34.112439024390255,High Value,High,Launch retention campaign and personalized offer
13814.0,163,1,678.1999999999999,350,30.827272727272724,22,2,1,3,6,At Risk,High Risk,0.75,4.135365853658536,Standard Value,High,Launch retention campaign and personalized offer
13815.0,42,4,3448.379999999999,2821,19.157666666666664,124,3,4,5,12,Loyal Customers,Low Risk,0.15,320.7795348837208,Very High Value,Medium,Provide premium rewards and exclusive offers
13818.0,65,1,61.28,60,12.256,5,3,1,1,5,At Risk,High Risk,0.75,0.9284848484848485,Standard Value,High,Launch retention campaign and personalized offer
13819.0,305,3,1502.0000000000002,1200,23.10769230769231,34,1,3,4,8,Potential Customers,High Risk,0.75,14.725490196078434,Standard Value,High,Launch retention campaign and personalized offer
13820.0,54,3,660.6500000000001,287,7.340555555555556,68,3,3,3,9,Potential Customers,High Risk,0.75,36.03545454545455,High Value,High,Launch retention campaign and personalized offer
13821.0,29,4,1025.09,330,6.833933333333334,132,4,4,4,12,Loyal Customers,Low Risk,0.15,136.67866666666666,High Value,Medium,Maintain regular engagement and monitor customer activity
13823.0,16,5,2445.789999999999,1125,19.88447154471544,91,4,4,5,13,Champions,Low Risk,0.15,719.3499999999997,Very High Value,Medium,Provide premium rewards and exclusive offers
13824.0,15,7,1615.8199999999997,674,29.922592592592583,34,5,5,4,14,Champions,Low Risk,0.15,706.9212499999999,Very High Value,Medium,Provide premium rewards and exclusive offers
13825.0,257,2,255.59000000000003,182,6.389750000000001,38,1,2,2,5,At Risk,High Risk,0.75,1.9813178294573646,Standard Value,High,Launch retention campaign and personalized offer
13829.0,57,1,102.0,12,102.0,1,3,1,1,5,At Risk,High Risk,0.75,1.7586206896551724,Standard Value,High,Launch retention campaign and personalized offer
13830.0,217,1,156.85,47,14.259090909090908,11,1,1,1,3,At Risk,High Risk,0.75,0.7194954128440366,Standard Value,High,Launch retention campaign and personalized offer
13831.0,5,13,4820.590000000002,1812,42.66008849557524,78,5,5,5,15,Champions,Low Risk,0.15,10444.611666666671,Very High Value,Medium,Provide premium rewards and exclusive offers
13832.0,58,1,561.4899999999999,394,10.39796296296296,51,3,1,3,7,Potential Customers,High Risk,0.75,9.516779661016948,Standard Value,High,Launch retention campaign and personalized offer
13833.0,40,1,316.56,126,19.785,16,3,1,2,6,At Risk,Low Risk,0.15,7.720975609756097,Standard Value,Low,Maintain regular engagement and monitor customer activity
13834.0,212,2,324.19,221,20.261875,15,1,2,2,5,At Risk,High Risk,0.75,3.044037558685446,Standard Value,High,Launch retention campaign and personalized offer
13835.0,155,3,260.7,78,16.29375,15,2,3,2,7,Potential Customers,High Risk,0.75,5.013461538461538,Standard Value,High,Launch retention campaign and personalized offer
13836.0,35,2,620.37,273,20.011935483870968,29,4,2,3,9,Potential Customers,Low Risk,0.15,34.465,High Value,Medium,Use personalized promotions to increase customer engagement
13838.0,5,7,1274.3600000000035,531,4.276375838926186,242,5,5,4,14,Champions,Low Risk,0.15,1486.7533333333374,Very High Value,Medium,Provide premium rewards and exclusive offers
13839.0,122,1,139.95,25,19.99285714285714,7,2,1,1,4,At Risk,High Risk,0.75,1.1378048780487804,Standard Value,High,Launch retention campaign and personalized offer
13840.0,52,1,651.4000000000003,358,16.285000000000007,40,3,1,3,7,Potential Customers,Low Risk,0.15,12.290566037735855,Standard Value,Low,Use personalized promotions to increase customer engagement
13842.0,2,10,2244.290000000001,1111,15.062348993288596,113,5,5,5,15,Champions,Low Risk,0.15,7480.96666666667,Very High Value,Medium,Provide premium rewards and exclusive offers
13843.0,17,1,319.75000000000006,145,17.763888888888893,18,4,1,2,7,Potential Customers,Low Risk,0.15,17.763888888888893,Standard Value,Low,Use personalized promotions to increase customer engagement
13846.0,35,1,442.73,317,17.02807692307692,26,4,1,2,7,Potential Customers,Low Risk,0.15,12.298055555555557,Standard Value,Low,Use personalized promotions to increase customer engagement
13847.0,355,1,310.7199999999999,96,16.35368421052631,19,1,1,2,4,At Risk,High Risk,0.75,0.8728089887640447,Standard Value,High,Launch retention campaign and personalized offer
13848.0,2,6,2080.0,6500,346.6666666666667,1,5,4,4,13,Champions,Low Risk,0.15,4160.0,Very High Value,Medium,Provide premium rewards and exclusive offers
13849.0,33,3,1931.35,867,16.22983193277311,108,4,3,4,11,Loyal Customers,Low Risk,0.15,170.4132352941176,High Value,Medium,Maintain regular engagement and monitor customer activity
13851.0,15,5,1955.0000000000005,820,33.13559322033899,45,5,4,4,13,Champions,Low Risk,0.15,610.9375000000001,Very High Value,Medium,Provide premium rewards and exclusive offers
13852.0,246,1,187.35,85,17.031818181818185,11,1,1,1,3,At Risk,High Risk,0.75,0.7585020242914979,Standard Value,High,Launch retention campaign and personalized offer
13854.0,1,15,4144.4400000000005,1414,58.37239436619719,35,5,5,5,15,Champions,Low Risk,0.15,31083.300000000003,Very High Value,Medium,Provide premium rewards and exclusive offers
13855.0,136,4,1310.34,575,17.94986301369863,64,2,4,4,10,Loyal Customers,High Risk,0.75,38.25810218978102,High Value,High,Launch retention campaign and personalized offer
13856.0,99,8,753.5300000000001,611,18.83825,27,2,5,3,10,Loyal Customers,High Risk,0.75,60.28240000000001,High Value,High,Launch retention campaign and personalized offer
13857.0,29,6,1001.01,782,7.820390624999999,99,4,4,4,12,Loyal Customers,Low Risk,0.15,200.20199999999997,High Value,Medium,Maintain regular engagement and monitor customer activity
13859.0,165,1,314.7,38,39.3375,8,2,1,2,5,At Risk,High Risk,0.75,1.8957831325301204,Standard Value,High,Launch retention campaign and personalized offer
13861.0,65,2,273.26,225,13.012380952380951,21,3,2,2,7,Potential Customers,High Risk,0.75,8.280606060606061,Standard Value,High,Launch retention campaign and personalized offer
13862.0,25,1,346.73,239,16.51095238095238,21,4,1,2,7,Potential Customers,Low Risk,0.15,13.335769230769232,Standard Value,Low,Use personalized promotions to increase customer engagement
13863.0,101,3,933.77,329,18.6754,43,2,3,3,8,Potential Customers,High Risk,0.75,27.463823529411766,Standard Value,High,Launch retention campaign and personalized offer
13864.0,22,1,662.4000000000001,192,662.4000000000001,1,4,1,3,8,Potential Customers,Low Risk,0.15,28.800000000000004,Standard Value,Low,Use personalized promotions to increase customer engagement
13869.0,17,6,5006.619999999995,2637,9.0535623869801,359,4,4,5,13,Champions,Low Risk,0.15,1668.8733333333319,Very High Value,Medium,Provide premium rewards and exclusive offers
13870.0,23,7,2941.14,2124,23.342380952380957,86,4,5,5,14,Champions,Low Risk,0.15,857.8325,Very High Value,Medium,Provide premium rewards and exclusive offers
13871.0,64,4,1482.6000000000004,696,22.46363636363637,48,3,4,4,11,Loyal Customers,High Risk,0.75,91.2369230769231,High Value,High,Launch retention campaign and personalized offer
13872.0,163,3,919.5700000000002,339,16.13280701754386,51,2,3,3,8,Potential Customers,High Risk,0.75,16.821402439024393,Standard Value,High,Launch retention campaign and personalized offer
13873.0,19,5,649.3200000000002,332,17.549189189189192,36,4,4,3,11,Loyal Customers,Low Risk,0.15,162.33000000000004,High Value,Medium,Maintain regular engagement and monitor customer activity
13874.0,140,6,1508.7000000000005,684,29.58235294117648,33,2,4,4,10,Loyal Customers,High Risk,0.75,64.20000000000002,High Value,High,Launch retention campaign and personalized offer
13875.0,23,9,3027.5800000000017,1756,18.23843373493977,114,4,5,5,14,Champions,Low Risk,0.15,1135.3425000000007,Very High Value,Medium,Provide premium rewards and exclusive offers
13877.0,106,2,332.44000000000005,370,16.622000000000003,20,2,2,2,6,At Risk,High Risk,0.75,6.213831775700935,Standard Value,High,Launch retention campaign and personalized offer
13878.0,183,3,1191.5300000000002,484,16.78211267605634,59,1,3,4,8,Potential Customers,High Risk,0.75,19.427119565217396,Standard Value,High,Launch retention campaign and personalized offer
13879.0,281,1,395.5,204,15.82,25,1,1,2,4,At Risk,High Risk,0.75,1.4024822695035462,Standard Value,High,Launch retention campaign and personalized offer
13880.0,3,5,1171.89,747,18.31078125,50,5,4,4,13,Champions,Low Risk,0.15,1464.8625000000002,Very High Value,Medium,Provide premium rewards and exclusive offers
13881.0,11,23,28019.579999999987,19642,100.4286021505376,148,5,5,5,15,Champions,Low Risk,0.15,53704.19499999998,Very High Value,Medium,Provide premium rewards and exclusive offers
13883.0,39,10,3885.540000000001,2148,22.330689655172417,136,3,5,5,13,Champions,Low Risk,0.15,971.3850000000002,Very High Value,Medium,Provide premium rewards and exclusive offers
13884.0,12,5,1100.88,497,8.403664122137405,87,5,4,4,13,Champions,Low Risk,0.15,423.41538461538465,Very High Value,Medium,Provide premium rewards and exclusive offers
13888.0,40,5,1563.4200000000003,645,10.857083333333335,96,3,4,4,11,Loyal Customers,Low Risk,0.15,190.66097560975612,High Value,Medium,Maintain regular engagement and monitor customer activity
13889.0,18,5,1574.3300000000006,833,23.15191176470589,50,4,4,4,12,Loyal Customers,Low Risk,0.15,414.2973684210528,Very High Value,Medium,Provide premium rewards and exclusive offers
13890.0,10,4,1043.5700000000002,561,16.564603174603178,48,5,4,4,13,Champions,Low Risk,0.15,379.4800000000001,Very High Value,Medium,Provide premium rewards and exclusive offers
13891.0,14,3,863.5600000000001,479,8.6356,97,5,3,3,11,Loyal Customers,Low Risk,0.15,172.71200000000002,High Value,Medium,Maintain regular engagement and monitor customer activity
13892.0,113,2,634.6800000000001,2142,70.52000000000001,8,2,2,3,7,Potential Customers,High Risk,0.75,11.134736842105264,Standard Value,High,Launch retention campaign and personalized offer
13895.0,151,2,1415.4500000000005,695,20.815441176470596,67,2,2,4,8,Potential Customers,High Risk,0.75,18.624342105263164,Standard Value,High,Launch retention campaign and personalized offer
13896.0,261,1,388.55,149,18.502380952380957,21,1,1,2,4,At Risk,High Risk,0.75,1.4830152671755725,Standard Value,High,Launch retention campaign and personalized offer
13897.0,74,2,849.5600000000001,620,20.22761904761905,42,2,2,3,7,Potential Customers,High Risk,0.75,22.654933333333336,Standard Value,High,Launch retention campaign and personalized offer
13898.0,47,1,530.47,411,15.602058823529411,34,3,1,3,7,Potential Customers,Low Risk,0.15,11.051458333333334,Standard Value,Low,Use personalized promotions to increase customer engagement
13900.0,25,3,869.64,508,16.723846153846154,46,4,3,3,10,Loyal Customers,Low Risk,0.15,100.34307692307692,High Value,Medium,Maintain regular engagement and monitor customer activity
13901.0,10,10,2809.1400000000003,1605,17.448074534161492,148,5,5,5,15,Champions,Low Risk,0.15,2553.7636363636366,Very High Value,Medium,Provide premium rewards and exclusive offers
13902.0,268,5,34095.26,220600,541.1946031746032,58,1,4,5,10,Loyal Customers,High Risk,0.75,633.7408921933086,Very High Value,High,Launch retention campaign and personalized offer
13903.0,36,1,165.45000000000002,103,16.545,10,4,1,1,6,At Risk,Low Risk,0.15,4.4716216216216225,Standard Value,Low,Maintain regular engagement and monitor customer activity
13905.0,368,1,312.65000000000003,135,26.05416666666667,12,1,1,2,4,At Risk,High Risk,0.75,0.8472899728997291,Standard Value,High,Launch retention campaign and personalized offer
13906.0,45,1,42.0,100,42.0,1,3,1,1,5,At Risk,Low Risk,0.15,0.9130434782608695,Standard Value,Low,Maintain regular engagement and monitor customer activity
13907.0,327,1,136.8,68,34.2,4,1,1,1,3,At Risk,High Risk,0.75,0.41707317073170735,Standard Value,High,Launch retention campaign and personalized offer
13909.0,59,2,286.6,302,7.3487179487179475,35,3,2,2,7,Potential Customers,High Risk,0.75,9.553333333333335,Standard Value,High,Launch retention campaign and personalized offer
13911.0,15,11,1654.08,1756,18.378666666666668,67,5,5,4,14,Champions,Low Risk,0.15,1137.1799999999998,Very High Value,Medium,Provide premium rewards and exclusive offers
13912.0,59,1,124.95,29,17.849999999999998,7,3,1,1,5,At Risk,High Risk,0.75,2.0825,Standard Value,High,Launch retention campaign and personalized offer
13913.0,142,1,42.22,10,14.073333333333332,3,2,1,1,4,At Risk,High Risk,0.75,0.29524475524475524,Standard Value,High,Launch retention campaign and personalized offer
13915.0,30,1,70.80000000000001,24,35.400000000000006,2,4,1,1,6,At Risk,Low Risk,0.15,2.2838709677419358,Standard Value,Low,Maintain regular engagement and monitor customer activity
13916.0,99,4,1275.8100000000006,673,17.240675675675686,72,2,4,4,10,Loyal Customers,High Risk,0.75,51.032400000000024,High Value,High,Launch retention campaign and personalized offer
13919.0,60,2,975.8700000000002,659,19.91571428571429,45,3,2,3,8,Potential Customers,High Risk,0.75,31.99573770491804,Standard Value,High,Launch retention campaign and personalized offer
13920.0,67,4,1774.6800000000003,1772,20.635813953488377,81,3,4,4,11,Loyal Customers,High Risk,0.75,104.3929411764706,High Value,High,Launch retention campaign and personalized offer
13921.0,38,4,730.7000000000003,210,16.606818181818188,36,3,4,3,10,Loyal Customers,Low Risk,0.15,74.94358974358977,High Value,Medium,Maintain regular engagement and monitor customer activity
13922.0,73,2,692.9499999999999,374,30.128260869565214,23,2,2,3,7,Potential Customers,High Risk,0.75,18.728378378378377,Standard Value,High,Launch retention campaign and personalized offer
13927.0,73,1,359.27,249,17.9635,20,2,1,2,5,At Risk,High Risk,0.75,4.8549999999999995,Standard Value,High,Launch retention campaign and personalized offer
13929.0,52,9,2651.45,1423,55.23854166666666,37,3,5,5,13,Champions,Low Risk,0.15,450.2462264150943,Very High Value,Medium,Provide premium rewards and exclusive offers
13931.0,28,9,4019.849999999998,2763,18.8725352112676,170,4,5,5,14,Champions,Low Risk,0.15,1247.5396551724132,Very High Value,Medium,Provide premium rewards and exclusive offers
13935.0,232,3,6116.920000000001,2252,76.46150000000002,67,1,3,5,9,Potential Customers,High Risk,0.75,78.75862660944208,High Value,High,Launch retention campaign and personalized offer
13936.0,18,2,563.0799999999999,331,17.063030303030303,31,4,2,3,9,Potential Customers,Low Risk,0.15,59.27157894736841,High Value,Medium,Use personalized promotions to increase customer engagement
13937.0,38,1,721.2800000000003,464,16.028444444444453,45,3,1,3,7,Potential Customers,Low Risk,0.15,18.49435897435898,Standard Value,Low,Use personalized promotions to increase customer engagement
13939.0,67,4,992.41,761,15.267846153846156,52,3,4,4,11,Loyal Customers,High Risk,0.75,58.37705882352941,High Value,High,Launch retention campaign and personalized offer
13941.0,8,11,6009.34,3062,100.15566666666668,33,5,5,5,15,Champions,Low Risk,0.15,7344.748888888889,Very High Value,Medium,Provide premium rewards and exclusive offers
13942.0,170,1,320.0,1000,320.0,1,2,1,2,5,At Risk,High Risk,0.75,1.871345029239766,Standard Value,High,Launch retention campaign and personalized offer
13943.0,213,1,246.54,94,16.436,15,1,1,1,3,At Risk,High Risk,0.75,1.152056074766355,Standard Value,High,Launch retention campaign and personalized offer
13944.0,289,1,200.43000000000004,153,5.72657142857143,35,1,1,1,3,At Risk,High Risk,0.75,0.6911379310344828,Standard Value,High,Launch retention campaign and personalized offer
13945.0,30,2,854.1499999999999,413,16.748039215686273,49,4,2,3,9,Potential Customers,Low Risk,0.15,55.106451612903214,High Value,Medium,Use personalized promotions to increase customer engagement
13946.0,12,3,1314.66,2404,29.214666666666663,41,5,3,4,12,Loyal Customers,Low Risk,0.15,303.38307692307694,Very High Value,Medium,Provide premium rewards and exclusive offers
13948.0,47,3,446.7600000000001,208,21.27428571428572,20,3,3,2,8,Potential Customers,Low Risk,0.15,27.922500000000003,Standard Value,Low,Use personalized promotions to increase customer engagement
13952.0,16,12,9572.450000000004,4516,35.19283088235296,183,4,5,5,14,Champions,Low Risk,0.15,6757.023529411767,Very High Value,Medium,Provide premium rewards and exclusive offers
13953.0,45,5,3125.0,2500,625.0,1,3,4,5,12,Loyal Customers,Low Risk,0.15,339.67391304347825,Very High Value,Medium,Provide premium rewards and exclusive offers
13955.0,11,1,222.21,120,4.114999999999999,52,5,1,1,7,Potential Customers,Low Risk,0.15,18.517500000000002,Standard Value,Low,Use personalized promotions to increase customer engagement
13957.0,53,3,458.2499999999999,157,16.972222222222218,21,3,3,2,8,Potential Customers,Low Risk,0.15,25.458333333333325,Standard Value,Low,Use personalized promotions to increase customer engagement
13958.0,15,8,4709.229999999996,2264,20.745506607929496,172,5,5,5,15,Champions,Low Risk,0.15,2354.614999999998,Very High Value,Medium,Provide premium rewards and exclusive offers
13959.0,35,3,477.9799999999999,343,6.732112676056337,56,4,3,2,9,Potential Customers,Low Risk,0.15,39.831666666666656,High Value,Medium,Use personalized promotions to increase customer engagement
13961.0,28,1,538.4000000000001,226,28.33684210526316,19,4,1,3,8,Potential Customers,Low Risk,0.15,18.565517241379315,Standard Value,Low,Use personalized promotions to increase customer engagement
13962.0,71,1,193.25,73,16.104166666666668,12,3,1,1,5,At Risk,High Risk,0.75,2.6840277777777777,Standard Value,High,Launch retention campaign and personalized offer
13963.0,3,14,2347.3299999999995,1601,17.13379562043795,107,5,5,5,15,Champions,Low Risk,0.15,8215.654999999999,Very High Value,Medium,Provide premium rewards and exclusive offers
13964.0,23,2,438.9,228,18.2875,22,4,2,2,8,Potential Customers,Low Risk,0.15,36.574999999999996,High Value,Medium,Use personalized promotions to increase customer engagement
13965.0,112,3,996.6100000000002,425,41.52541666666668,23,2,3,4,9,Potential Customers,High Risk,0.75,26.45867256637169,Standard Value,High,Launch retention campaign and personalized offer
13966.0,71,1,390.86000000000007,772,17.76636363636364,21,3,1,2,6,At Risk,High Risk,0.75,5.428611111111112,Standard Value,High,Launch retention campaign and personalized offer
13967.0,32,1,85.6,24,21.4,4,4,1,1,6,At Risk,Low Risk,0.15,2.5939393939393938,Standard Value,Low,Maintain regular engagement and monitor customer activity
13968.0,59,1,123.66,174,15.4575,8,3,1,1,5,At Risk,High Risk,0.75,2.061,Standard Value,High,Launch retention campaign and personalized offer
13969.0,1,18,4311.929999999994,2275,8.983187499999987,240,5,5,5,15,Champions,Low Risk,0.15,38807.369999999944,Very High Value,Medium,Provide premium rewards and exclusive offers
13970.0,22,2,846.55,469,65.11923076923077,10,4,2,3,9,Potential Customers,Low Risk,0.15,73.61304347826086,High Value,Medium,Use personalized promotions to increase customer engagement
13971.0,59,6,1909.310000000001,1240,18.012358490566047,87,3,4,4,11,Loyal Customers,High Risk,0.75,190.9310000000001,High Value,High,Launch retention campaign and personalized offer
13974.0,218,1,264.13,107,17.608666666666668,15,1,1,2,4,At Risk,High Risk,0.75,1.2060730593607305,Standard Value,High,Launch retention campaign and personalized offer
13975.0,29,6,2832.559999999996,2202,6.841932367149749,290,4,4,5,13,Champions,Low Risk,0.15,566.5119999999991,Very High Value,Medium,Provide premium rewards and exclusive offers
13976.0,142,3,834.38,298,18.13869565217391,43,2,3,3,8,Potential Customers,High Risk,0.75,17.504475524475524,Standard Value,High,Launch retention campaign and personalized offer
13977.0,47,1,519.81,303,39.98538461538461,13,3,1,3,7,Potential Customers,Low Risk,0.15,10.829374999999999,Standard Value,Low,Use personalized promotions to increase customer engagement
13979.0,29,6,2546.360000000002,1657,7.233977272727278,309,4,4,5,13,Champions,Low Risk,0.15,509.27200000000033,Very High Value,Medium,Provide premium rewards and exclusive offers
13980.0,75,4,599.78,305,11.107037037037037,47,2,4,3,9,Potential Customers,High Risk,0.75,31.56736842105263,Standard Value,High,Launch retention campaign and personalized offer
13981.0,51,1,331.14,234,15.05181818181818,22,3,1,2,6,At Risk,Low Risk,0.15,6.368076923076923,Standard Value,Low,Maintain regular engagement and monitor customer activity
13982.0,1,6,2573.779999999999,1600,18.125211267605625,87,5,4,5,14,Champions,Low Risk,0.15,7721.3399999999965,Very High Value,Medium,Provide premium rewards and exclusive offers
13983.0,2,10,4505.019999999999,2974,19.252222222222212,186,5,5,5,15,Champions,Low Risk,0.15,15016.733333333328,Very High Value,Medium,Provide premium rewards and exclusive offers
13984.0,2,8,1128.09,742,14.650519480519485,47,5,5,4,14,Champions,Low Risk,0.15,3008.24,Very High Value,Medium,Provide premium rewards and exclusive offers
13985.0,10,7,2960.73,1491,22.60099236641221,81,5,5,5,15,Champions,Low Risk,0.15,1884.1009090909092,Very High Value,Medium,Provide premium rewards and exclusive offers
13987.0,15,2,682.5400000000001,492,14.837826086956523,46,5,2,3,10,Loyal Customers,Low Risk,0.15,85.31750000000001,High Value,Medium,Maintain regular engagement and monitor customer activity
13988.0,19,2,609.8400000000001,341,9.997377049180333,54,4,2,3,9,Potential Customers,Low Risk,0.15,60.984000000000016,High Value,Medium,Use personalized promotions to increase customer engagement
13989.0,100,3,759.9799999999999,894,16.888444444444442,34,2,3,3,8,Potential Customers,High Risk,0.75,22.57366336633663,Standard Value,High,Launch retention campaign and personalized offer
13992.0,16,2,142.7,90,23.78333333333333,5,4,2,1,7,Potential Customers,Low Risk,0.15,16.788235294117644,Standard Value,Low,Use personalized promotions to increase customer engagement
13993.0,15,10,3309.3499999999995,1235,23.63821428571428,80,5,5,5,15,Champions,Low Risk,0.15,2068.3437499999995,Very High Value,Medium,Provide premium rewards and exclusive offers
13995.0,15,9,2508.32,1480,17.41888888888889,106,5,5,5,15,Champions,Low Risk,0.15,1410.93,Very High Value,Medium,Provide premium rewards and exclusive offers
13996.0,22,2,895.7600000000001,613,27.144242424242428,29,4,2,3,9,Potential Customers,Low Risk,0.15,77.8921739130435,High Value,Medium,Use personalized promotions to increase customer engagement
13997.0,155,3,382.31,146,8.31108695652174,36,2,3,2,7,Potential Customers,High Risk,0.75,7.352115384615385,Standard Value,High,Launch retention campaign and personalized offer
13998.0,82,3,566.6999999999999,204,18.28064516129032,30,2,3,3,8,Potential Customers,High Risk,0.75,20.483132530120482,Standard Value,High,Launch retention campaign and personalized offer
13999.0,10,17,5600.449999999998,2800,21.70717054263565,132,5,5,5,15,Champions,Low Risk,0.15,8655.240909090906,Very High Value,Medium,Provide premium rewards and exclusive offers
14000.0,50,4,1410.6799999999996,1128,41.490588235294105,23,3,4,4,11,Loyal Customers,Low Risk,0.15,110.64156862745095,High Value,Medium,Maintain regular engagement and monitor customer activity
14001.0,9,7,2487.01,911,34.06863013698631,42,5,5,5,15,Champions,Low Risk,0.15,1740.907,Very High Value,Medium,Provide premium rewards and exclusive offers
14003.0,368,1,209.41,149,13.088125,16,1,1,1,3,At Risk,High Risk,0.75,0.5675067750677507,Standard Value,High,Launch retention campaign and personalized offer
14004.0,29,4,1675.81,757,23.940142857142856,61,4,4,4,12,Loyal Customers,Low Risk,0.15,223.44133333333332,High Value,Medium,Maintain regular engagement and monitor customer activity
14006.0,164,4,1234.4799999999998,1540,26.26553191489361,40,2,4,4,10,Loyal Customers,High Risk,0.75,29.926787878787874,Standard Value,High,Launch retention campaign and personalized offer
14007.0,148,1,79.48,16,15.896,5,2,1,1,4,At Risk,High Risk,0.75,0.5334228187919463,Standard Value,High,Launch retention campaign and personalized offer
14008.0,68,1,509.04,326,15.9075,32,3,1,3,7,Potential Customers,High Risk,0.75,7.377391304347826,Standard Value,High,Launch retention campaign and personalized offer
14009.0,98,1,404.3000000000001,586,12.634375000000004,32,2,1,2,5,At Risk,High Risk,0.75,4.083838383838385,Standard Value,High,Launch retention campaign and personalized offer
14010.0,201,2,445.1499999999999,177,18.547916666666666,20,1,2,2,5,At Risk,High Risk,0.75,4.407425742574256,Standard Value,High,Launch retention campaign and personalized offer
14011.0,116,2,457.8199999999999,644,14.306874999999996,32,2,2,2,6,At Risk,High Risk,0.75,7.825982905982904,Standard Value,High,Launch retention campaign and personalized offer
14013.0,16,2,611.5499999999998,313,17.986764705882347,30,4,2,3,9,Potential Customers,Low Risk,0.15,71.94705882352939,High Value,Medium,Use personalized promotions to increase customer engagement
14014.0,12,2,1443.03,928,39.00081081081081,37,5,2,4,11,Loyal Customers,Low Risk,0.15,222.0046153846154,High Value,Medium,Maintain regular engagement and monitor customer activity
14016.0,32,7,7062.2,3597,24.60696864111498,246,4,5,5,14,Champions,Low Risk,0.15,1498.0424242424242,Very High Value,Medium,Provide premium rewards and exclusive offers
14017.0,207,1,229.75000000000003,73,16.41071428571429,14,1,1,1,3,At Risk,High Risk,0.75,1.104567307692308,Standard Value,High,Launch retention campaign and personalized offer
14018.0,281,1,367.15,224,28.24230769230769,13,1,1,2,4,At Risk,High Risk,0.75,1.301950354609929,Standard Value,High,Launch retention campaign and personalized offer
14020.0,112,2,606.2099999999999,207,18.37,29,2,2,3,7,Potential Customers,High Risk,0.75,10.72938053097345,Standard Value,High,Launch retention campaign and personalized offer
14021.0,10,4,1084.6800000000003,686,15.95117647058824,64,5,4,4,13,Champions,Low Risk,0.15,394.42909090909103,Very High Value,Medium,Provide premium rewards and exclusive offers
14022.0,122,1,352.15000000000003,194,18.534210526315796,19,2,1,2,5,At Risk,High Risk,0.75,2.863008130081301,Standard Value,High,Launch retention campaign and personalized offer
14024.0,26,1,318.04,88,17.66888888888889,18,4,1,2,7,Potential Customers,Low Risk,0.15,11.77925925925926,Standard Value,Low,Use personalized promotions to increase customer engagement
14025.0,100,8,4057.900000000001,1914,40.9888888888889,60,2,5,5,12,Loyal Customers,High Risk,0.75,321.4178217821783,Very High Value,High,Launch retention campaign and personalized offer
14026.0,106,2,713.11,427,14.2622,43,2,2,3,7,Potential Customers,High Risk,0.75,13.329158878504673,Standard Value,High,Launch retention campaign and personalized offer
14028.0,186,3,10396.5,7170,1155.1666666666667,3,1,3,5,9,Potential Customers,High Risk,0.75,166.78877005347593,High Value,High,Launch retention campaign and personalized offer
14030.0,2,14,5902.199999999984,2871,9.473836276083444,462,5,5,5,15,Champions,Low Risk,0.15,27543.59999999993,Very High Value,Medium,Provide premium rewards and exclusive offers
14031.0,1,27,23712.310000000016,8719,44.65595103578158,204,5,5,5,15,Champions,Low Risk,0.15,320116.18500000023,Very High Value,Medium,Provide premium rewards and exclusive offers
14032.0,2,6,1874.6799999999996,1884,18.561188118811877,53,5,4,4,13,Champions,Low Risk,0.15,3749.359999999999,Very High Value,Medium,Provide premium rewards and exclusive offers
14033.0,191,1,109.44,576,109.44,1,1,1,1,3,At Risk,High Risk,0.75,0.57,Standard Value,High,Launch retention campaign and personalized offer
14035.0,42,4,1428.6999999999998,680,16.808235294117644,42,3,4,4,11,Loyal Customers,Low Risk,0.15,132.90232558139533,High Value,Medium,Maintain regular engagement and monitor customer activity
14037.0,114,4,689.75,544,8.020348837209303,76,2,4,3,9,Potential Customers,High Risk,0.75,23.991304347826087,Standard Value,High,Launch retention campaign and personalized offer
14038.0,33,2,1509.4999999999998,743,21.87681159420289,54,4,2,4,10,Loyal Customers,Low Risk,0.15,88.79411764705881,High Value,Medium,Maintain regular engagement and monitor customer activity
14039.0,211,1,115.08,100,28.770000000000003,4,1,1,1,3,At Risk,High Risk,0.75,0.5428301886792453,Standard Value,High,Launch retention campaign and personalized offer
14040.0,22,23,9030.649999999994,3490,16.155008944543816,265,4,5,5,14,Champions,Low Risk,0.15,9030.649999999994,Very High Value,Medium,Provide premium rewards and exclusive offers
14042.0,361,1,431.9799999999999,180,20.570476190476185,21,1,1,2,4,At Risk,High Risk,0.75,1.1933149171270716,Standard Value,High,Launch retention campaign and personalized offer
14043.0,127,2,304.24999999999994,153,7.244047619047618,37,2,2,2,6,At Risk,High Risk,0.75,4.753906249999999,Standard Value,High,Launch retention campaign and personalized offer
14044.0,54,6,2470.2799999999997,1818,3.847788161993768,446,3,4,5,12,Loyal Customers,High Risk,0.75,269.4850909090909,High Value,High,Launch retention campaign and personalized offer
14045.0,9,13,9653.28,4052,301.665,16,5,5,5,15,Champions,Low Risk,0.15,12549.264000000001,Very High Value,Medium,Provide premium rewards and exclusive offers
14047.0,8,10,2946.42,1268,22.321363636363632,87,5,5,5,15,Champions,Low Risk,0.15,3273.8,Very High Value,Medium,Provide premium rewards and exclusive offers
14048.0,18,2,338.75999999999993,179,6.0492857142857135,55,4,2,2,8,Potential Customers,Low Risk,0.15,35.658947368421046,High Value,Medium,Use personalized promotions to increase customer engagement
14049.0,23,9,7557.309999999991,4739,12.7441989881956,364,4,5,5,14,Champions,Low Risk,0.15,2833.991249999997,Very High Value,Medium,Provide premium rewards and exclusive offers
14051.0,2,15,6823.6100000000015,2191,55.029112903225816,56,5,5,5,15,Champions,Low Risk,0.15,34118.05000000001,Very High Value,Medium,Provide premium rewards and exclusive offers
14052.0,26,1,255.45,98,3.7021739130434783,65,4,1,2,7,Potential Customers,Low Risk,0.15,9.46111111111111,Standard Value,Low,Use personalized promotions to increase customer engagement
14053.0,33,2,312.05,275,62.41,3,4,2,2,8,Potential Customers,Low Risk,0.15,18.355882352941176,Standard Value,Low,Use personalized promotions to increase customer engagement
14055.0,213,2,795.32,504,34.57913043478261,23,1,2,3,6,At Risk,High Risk,0.75,7.432897196261683,Standard Value,High,Launch retention campaign and personalized offer
14057.0,17,5,2190.880000000001,1609,12.887529411764708,124,4,4,5,13,Champions,Low Risk,0.15,608.577777777778,Very High Value,Medium,Provide premium rewards and exclusive offers
14058.0,98,2,469.19,211,19.54958333333333,23,2,2,2,6,At Risk,High Risk,0.75,9.47858585858586,Standard Value,High,Launch retention campaign and personalized offer
14060.0,2,13,3378.6599999999994,2733,49.68617647058823,43,5,5,5,15,Champions,Low Risk,0.15,14640.859999999999,Very High Value,Medium,Provide premium rewards and exclusive offers
14061.0,143,3,917.43,133,48.28578947368421,17,2,3,3,8,Potential Customers,High Risk,0.75,19.113125,Standard Value,High,Launch retention campaign and personalized offer
14062.0,10,12,15139.35000000001,7206,65.25581896551728,113,5,5,5,15,Champions,Low Risk,0.15,16515.654545454556,Very High Value,Medium,Provide premium rewards and exclusive offers
14063.0,74,9,22710.2,3850,567.7549999999999,30,2,5,5,12,Loyal Customers,High Risk,0.75,2725.224,Very High Value,High,Launch retention campaign and personalized offer
14064.0,66,10,1978.6800000000012,2189,12.06512195121952,89,3,5,4,12,Loyal Customers,High Risk,0.75,295.3253731343285,High Value,High,Launch retention campaign and personalized offer
14065.0,25,3,891.0200000000001,582,18.18408163265306,42,4,3,3,10,Loyal Customers,Low Risk,0.15,102.81000000000002,High Value,Medium,Maintain regular engagement and monitor customer activity
14068.0,239,3,1262.5200000000002,440,14.511724137931036,73,1,3,4,8,Potential Customers,High Risk,0.75,15.781500000000001,Standard Value,High,Launch retention campaign and personalized offer
14069.0,150,2,230.0600000000001,59,5.477619047619049,37,2,2,1,5,At Risk,High Risk,0.75,3.047152317880796,Standard Value,High,Launch retention campaign and personalized offer
14070.0,320,1,326.54999999999995,86,7.774999999999999,40,1,1,2,4,At Risk,High Risk,0.75,1.017289719626168,Standard Value,High,Launch retention campaign and personalized offer
14072.0,302,1,390.8500000000001,65,20.57105263157895,19,1,1,2,4,At Risk,High Risk,0.75,1.2899339933993401,Standard Value,High,Launch retention campaign and personalized offer
14074.0,259,1,219.4,228,36.56666666666667,6,1,1,1,3,At Risk,High Risk,0.75,0.8438461538461539,Standard Value,High,Launch retention campaign and personalized offer
14075.0,39,3,792.6100000000001,740,20.858157894736845,36,3,3,3,9,Potential Customers,Low Risk,0.15,59.44575000000001,High Value,Medium,Use personalized promotions to increase customer engagement
14077.0,31,1,115.66,108,8.261428571428572,14,4,1,1,6,At Risk,Low Risk,0.15,3.614375,Standard Value,Low,Maintain regular engagement and monitor customer activity
14078.0,9,4,643.2600000000001,308,6.5638775510204095,80,5,4,3,12,Loyal Customers,Low Risk,0.15,257.30400000000003,High Value,Medium,Maintain regular engagement and monitor customer activity
14079.0,318,1,243.63,1,243.63,1,1,1,1,3,At Risk,High Risk,0.75,0.763730407523511,Standard Value,High,Launch retention campaign and personalized offer
14080.0,49,4,1070.0799999999997,220,13.5453164556962,70,3,4,4,11,Loyal Customers,Low Risk,0.15,85.60639999999998,High Value,Medium,Maintain regular engagement and monitor customer activity
14081.0,5,9,4435.579999999984,3116,5.621774397972096,439,5,5,5,15,Champions,Low Risk,0.15,6653.369999999976,Very High Value,Medium,Provide premium rewards and exclusive offers
14082.0,28,1,231.11000000000004,136,6.419722222222223,36,4,1,1,6,At Risk,Low Risk,0.15,7.969310344827588,Standard Value,Low,Maintain regular engagement and monitor customer activity
14083.0,7,3,388.8299999999998,234,5.254459459459457,70,5,3,2,10,Loyal Customers,Low Risk,0.15,145.81124999999992,High Value,Medium,Maintain regular engagement and monitor customer activity
14084.0,148,1,150.5,306,21.5,7,2,1,1,4,At Risk,High Risk,0.75,1.0100671140939597,Standard Value,High,Launch retention campaign and personalized offer
14085.0,4,16,5656.429999999996,3380,9.152799352750804,336,5,5,5,15,Champions,Low Risk,0.15,18100.575999999986,Very High Value,Medium,Provide premium rewards and exclusive offers
14086.0,98,1,39.95,1,39.95,1,2,1,1,4,At Risk,High Risk,0.75,0.4035353535353536,Standard Value,High,Launch retention campaign and personalized offer
14087.0,40,2,651.7999999999997,476,4.28815789473684,126,3,2,3,8,Potential Customers,Low Risk,0.15,31.7951219512195,Standard Value,Low,Use personalized promotions to increase customer engagement
14088.0,42,3,13544.989999999998,2611,145.64505376344084,93,3,3,5,11,Loyal Customers,Low Risk,0.15,944.9993023255812,Very High Value,Medium,Provide premium rewards and exclusive offers
14091.0,290,2,9530.080000000002,3316,733.0830769230771,13,1,2,5,8,Potential Customers,High Risk,0.75,65.49883161512028,High Value,High,Launch retention campaign and personalized offer
14092.0,10,10,3152.5399999999995,1540,19.827295597484277,92,5,5,5,15,Champions,Low Risk,0.15,2865.945454545454,Very High Value,Medium,Provide premium rewards and exclusive offers
14094.0,75,1,335.22,177,7.132340425531914,41,2,1,2,5,At Risk,High Risk,0.75,4.410789473684211,Standard Value,High,Launch retention campaign and personalized offer
14095.0,358,1,2.95,1,2.95,1,1,1,1,3,At Risk,High Risk,0.75,0.008217270194986073,Standard Value,High,Launch retention campaign and personalized offer
14097.0,117,2,422.8599999999999,352,10.571499999999997,39,2,2,2,6,At Risk,High Risk,0.75,7.167118644067795,Standard Value,High,Launch retention campaign and personalized offer
14099.0,11,9,2661.5399999999995,1491,9.678327272727271,165,5,5,5,15,Champions,Low Risk,0.15,1996.1549999999997,Very High Value,Medium,Provide premium rewards and exclusive offers
14101.0,24,7,3985.14,3600,72.45709090909091,15,4,5,5,14,Champions,Low Risk,0.15,1115.8392,Very High Value,Medium,Provide premium rewards and exclusive offers
14104.0,25,3,555.3699999999997,437,4.552213114754095,100,4,3,3,10,Loyal Customers,Low Risk,0.15,64.08115384615381,High Value,Medium,Maintain regular engagement and monitor customer activity
14105.0,44,4,4722.599999999999,2734,23.0370731707317,172,3,4,5,12,Loyal Customers,Low Risk,0.15,419.78666666666663,Very High Value,Medium,Provide premium rewards and exclusive offers
14106.0,373,1,214.8,24,214.8,1,1,1,1,3,At Risk,High Risk,0.75,0.574331550802139,Standard Value,High,Launch retention campaign and personalized offer
14107.0,84,4,2174.07,1696,19.239557522123896,71,2,4,5,11,Loyal Customers,High Risk,0.75,102.30917647058824,High Value,High,Launch retention campaign and personalized offer
14108.0,367,2,447.05000000000007,279,24.83611111111112,18,1,2,2,5,At Risk,High Risk,0.75,2.4296195652173918,Standard Value,High,Launch retention campaign and personalized offer
14110.0,71,21,7304.7999999999965,3380,29.93770491803277,126,3,5,5,13,Champions,High Risk,0.75,2130.5666666666657,Very High Value,High,Launch retention campaign and personalized offer
14112.0,87,6,2919.44,1888,17.58698795180723,122,2,4,5,11,Loyal Customers,High Risk,0.75,199.05272727272725,High Value,High,Launch retention campaign and personalized offer
14113.0,11,12,5252.1900000000005,2694,59.68397727272728,57,5,5,5,15,Champions,Low Risk,0.15,5252.1900000000005,Very High Value,Medium,Provide premium rewards and exclusive offers
14114.0,31,5,977.5600000000002,549,16.568813559322038,58,4,4,3,11,Loyal Customers,Low Risk,0.15,152.74375000000003,High Value,Medium,Maintain regular engagement and monitor customer activity
14115.0,137,2,622.67,509,28.303181818181816,22,2,2,3,7,Potential Customers,High Risk,0.75,9.024202898550724,Standard Value,High,Launch retention campaign and personalized offer
14118.0,64,1,458.45,97,30.563333333333333,15,3,1,2,6,At Risk,High Risk,0.75,7.053076923076923,Standard Value,High,Launch retention campaign and personalized offer
14119.0,11,2,183.37,177,16.67,11,5,2,1,8,Potential Customers,Low Risk,0.15,30.561666666666667,Standard Value,Low,Use personalized promotions to increase customer engagement
14122.0,42,3,362.42,114,27.878461538461536,12,3,3,2,8,Potential Customers,Low Risk,0.15,25.28511627906977,Standard Value,Low,Use personalized promotions to increase customer engagement
14123.0,369,1,436.18,234,18.174166666666665,24,1,1,2,4,At Risk,High Risk,0.75,1.178864864864865,Standard Value,High,Launch retention campaign and personalized offer
14126.0,80,1,466.3299999999999,379,16.654642857142854,28,2,1,2,5,At Risk,High Risk,0.75,5.757160493827159,Standard Value,High,Launch retention campaign and personalized offer
14127.0,16,3,1190.3700000000006,507,16.306438356164392,64,4,3,4,11,Loyal Customers,Low Risk,0.15,210.06529411764714,High Value,Medium,Maintain regular engagement and monitor customer activity
14128.0,187,1,286.71,250,15.089999999999998,19,1,1,2,4,At Risk,High Risk,0.75,1.5250531914893617,Standard Value,High,Launch retention campaign and personalized offer
14129.0,35,4,1467.48,822,25.745263157894737,22,4,4,4,12,Loyal Customers,Low Risk,0.15,163.05333333333334,High Value,Medium,Maintain regular engagement and monitor customer activity
14130.0,11,3,1398.8099999999995,981,8.909617834394902,131,5,3,4,12,Loyal Customers,Low Risk,0.15,349.7024999999999,Very High Value,Medium,Provide premium rewards and exclusive offers
14131.0,284,1,187.86999999999995,118,3.612884615384615,45,1,1,1,3,At Risk,High Risk,0.75,0.6591929824561402,Standard Value,High,Launch retention campaign and personalized offer
14133.0,369,1,305.5,50,38.1875,8,1,1,2,4,At Risk,High Risk,0.75,0.8256756756756757,Standard Value,High,Launch retention campaign and personalized offer
14134.0,18,15,11123.349999999997,5814,61.79638888888887,130,4,5,5,14,Champions,Low Risk,0.15,8781.592105263155,Very High Value,Medium,Provide premium rewards and exclusive offers
14135.0,3,11,4953.609999999997,5505,40.60336065573768,90,5,5,5,15,Champions,Low Risk,0.15,13622.42749999999,Very High Value,Medium,Provide premium rewards and exclusive offers
14136.0,36,5,1570.8100000000002,1148,14.818962264150946,86,4,4,4,12,Loyal Customers,Low Risk,0.15,212.27162162162165,High Value,Medium,Maintain regular engagement and monitor customer activity
14137.0,331,1,332.7,462,30.245454545454542,11,1,1,2,4,At Risk,High Risk,0.75,1.0021084337349397,Standard Value,High,Launch retention campaign and personalized offer
14139.0,126,3,670.98,539,15.604186046511629,29,2,3,3,8,Potential Customers,High Risk,0.75,15.849921259842521,Standard Value,High,Launch retention campaign and personalized offer
14142.0,9,2,671.34,518,15.257727272727273,42,5,2,3,10,Loyal Customers,Low Risk,0.15,134.268,High Value,Medium,Maintain regular engagement and monitor customer activity
14144.0,122,1,30.6,12,30.6,1,2,1,1,4,At Risk,High Risk,0.75,0.24878048780487805,Standard Value,High,Launch retention campaign and personalized offer
14145.0,95,3,3857.85,899,275.56071428571425,10,2,3,5,10,Loyal Customers,High Risk,0.75,120.5578125,High Value,High,Launch retention campaign and personalized offer
14146.0,19,7,5259.299999999998,3343,21.37926829268292,204,4,5,5,14,Champions,Low Risk,0.15,1840.7549999999997,Very High Value,Medium,Provide premium rewards and exclusive offers
14147.0,24,7,2106.8,887,84.272,21,4,5,4,13,Champions,Low Risk,0.15,589.9040000000001,Very High Value,Medium,Provide premium rewards and exclusive offers
14148.0,50,1,309.09000000000003,207,22.077857142857145,14,3,1,2,6,At Risk,Low Risk,0.15,6.0605882352941185,Standard Value,Low,Maintain regular engagement and monitor customer activity
14151.0,309,2,679.4500000000002,405,15.442045454545458,44,1,2,3,6,At Risk,High Risk,0.75,4.383548387096775,Standard Value,High,Launch retention campaign and personalized offer
14152.0,23,5,1376.05,1133,16.38154761904762,75,4,4,4,12,Loyal Customers,Low Risk,0.15,286.6770833333333,High Value,Medium,Maintain regular engagement and monitor customer activity
14153.0,119,1,233.39999999999992,312,13.729411764705878,17,2,1,1,4,At Risk,High Risk,0.75,1.9449999999999994,Standard Value,High,Launch retention campaign and personalized offer
14154.0,17,6,5115.079999999995,2757,21.312833333333312,204,4,4,5,13,Champions,Low Risk,0.15,1705.0266666666653,Very High Value,Medium,Provide premium rewards and exclusive offers
14156.0,7,102,196566.7400000004,108107,74.23215256797597,1094,5,5,5,15,Champions,Low Risk,0.15,2506225.935000005,Very High Value,Medium,Provide premium rewards and exclusive offers
14157.0,25,3,569.9,256,13.9,33,4,3,3,10,Loyal Customers,Low Risk,0.15,65.7576923076923,High Value,Medium,Maintain regular engagement and monitor customer activity
14159.0,15,9,3244.999999999999,2185,4.843283582089551,367,5,5,5,15,Champions,Low Risk,0.15,1825.3124999999995,Very High Value,Medium,Provide premium rewards and exclusive offers
14160.0,246,7,8421.470000000001,4661,78.70532710280375,80,1,5,5,11,Loyal Customers,High Risk,0.75,238.6651417004049,High Value,High,Launch retention campaign and personalized offer
14161.0,5,5,2208.36,1168,10.932475247524753,153,5,4,5,14,Champions,Low Risk,0.15,1840.3000000000002,Very High Value,Medium,Provide premium rewards and exclusive offers
14163.0,98,1,148.70999999999998,57,24.785,6,2,1,1,4,At Risk,High Risk,0.75,1.502121212121212,Standard Value,High,Launch retention campaign and personalized offer
14166.0,141,2,256.85,84,4.84622641509434,39,2,2,2,6,At Risk,High Risk,0.75,3.617605633802817,Standard Value,High,Launch retention campaign and personalized offer
14167.0,100,4,721.65,200,10.458695652173912,32,2,4,3,9,Potential Customers,High Risk,0.75,28.58019801980198,Standard Value,High,Launch retention campaign and personalized offer
14168.0,56,2,370.45,147,24.696666666666665,11,3,2,2,7,Potential Customers,High Risk,0.75,12.998245614035087,Standard Value,High,Launch retention campaign and personalized offer
14169.0,66,2,624.4300000000002,208,9.31985074626866,50,3,2,3,8,Potential Customers,High Risk,0.75,18.63970149253732,Standard Value,High,Launch retention campaign and personalized offer
14170.0,11,3,597.3299999999999,290,3.620181818181818,123,5,3,3,11,Loyal Customers,Low Risk,0.15,149.33249999999998,High Value,Medium,Maintain regular engagement and monitor customer activity
14171.0,366,1,135.0,44,22.5,6,1,1,1,3,At Risk,High Risk,0.75,0.3678474114441417,Standard Value,High,Launch retention campaign and personalized offer
14172.0,241,3,402.72,88,7.457777777777777,38,1,3,2,6,At Risk,High Risk,0.75,4.992396694214876,Standard Value,High,Launch retention campaign and personalized offer
14173.0,277,2,135.16,44,33.79,3,1,2,1,4,At Risk,High Risk,0.75,0.9723741007194244,Standard Value,High,Launch retention campaign and personalized offer
14175.0,54,5,4456.579999999998,1494,24.486703296703286,125,3,4,5,12,Loyal Customers,High Risk,0.75,405.1436363636362,Very High Value,High,Launch retention campaign and personalized offer
14176.0,3,2,339.11,117,22.60733333333333,14,5,2,2,9,Potential Customers,Low Risk,0.15,169.555,High Value,Medium,Use personalized promotions to increase customer engagement
14177.0,17,9,1669.9300000000012,843,9.94005952380953,118,4,5,4,13,Champions,Low Risk,0.15,834.9650000000006,Very High Value,Medium,Provide premium rewards and exclusive offers
14180.0,8,9,1570.7300000000012,159,25.74967213114756,44,5,5,4,14,Champions,Low Risk,0.15,1570.7300000000012,Very High Value,Medium,Provide premium rewards and exclusive offers
14181.0,46,2,310.55000000000007,122,5.750925925925928,48,3,2,2,7,Potential Customers,Low Risk,0.15,13.21489361702128,Standard Value,Low,Use personalized promotions to increase customer engagement
14182.0,79,4,678.7700000000001,174,13.575400000000002,42,2,4,3,9,Potential Customers,High Risk,0.75,33.938500000000005,High Value,High,Launch retention campaign and personalized offer
14183.0,47,2,286.2899999999999,61,8.179714285714283,27,3,2,2,7,Potential Customers,Low Risk,0.15,11.928749999999996,Standard Value,Low,Use personalized promotions to increase customer engagement
14186.0,63,5,1550.630000000001,1550,14.909903846153856,75,3,4,4,11,Loyal Customers,High Risk,0.75,121.14296875000008,High Value,High,Launch retention campaign and personalized offer
14187.0,109,1,123.5,50,15.4375,8,2,1,1,4,At Risk,High Risk,0.75,1.1227272727272728,Standard Value,High,Launch retention campaign and personalized offer
14189.0,4,2,1160.3099999999995,709,22.75117647058823,46,5,2,4,11,Loyal Customers,Low Risk,0.15,464.1239999999998,Very High Value,Medium,Provide premium rewards and exclusive offers
14190.0,302,1,79.9,2,79.9,1,1,1,1,3,At Risk,High Risk,0.75,0.2636963696369637,Standard Value,High,Launch retention campaign and personalized offer
14191.0,30,2,132.9,62,22.15,6,4,2,1,7,Potential Customers,Low Risk,0.15,8.574193548387097,Standard Value,Low,Use personalized promotions to increase customer engagement
14192.0,24,1,293.74,218,20.981428571428573,14,4,1,2,7,Potential Customers,Low Risk,0.15,11.749600000000001,Standard Value,Low,Use personalized promotions to increase customer engagement
14193.0,32,1,356.80000000000007,208,16.218181818181822,22,4,1,2,7,Potential Customers,Low Risk,0.15,10.812121212121214,Standard Value,Low,Use personalized promotions to increase customer engagement
14194.0,28,15,7321.069999999999,4197,19.62753351206434,246,4,5,5,14,Champions,Low Risk,0.15,3786.760344827586,Very High Value,Medium,Provide premium rewards and exclusive offers
14195.0,75,4,1603.6,1384,178.1777777777778,5,2,4,4,10,Loyal Customers,High Risk,0.75,84.39999999999999,High Value,High,Launch retention campaign and personalized offer
14197.0,46,1,390.05,143,19.5025,20,3,1,2,6,At Risk,Low Risk,0.15,8.298936170212766,Standard Value,Low,Maintain regular engagement and monitor customer activity
14198.0,36,5,868.3299999999997,333,16.69865384615384,33,4,4,3,11,Loyal Customers,Low Risk,0.15,117.34189189189186,High Value,Medium,Maintain regular engagement and monitor customer activity
14199.0,59,3,906.3000000000002,226,56.64375000000001,15,3,3,3,9,Potential Customers,High Risk,0.75,45.31500000000001,High Value,High,Launch retention campaign and personalized offer
14200.0,253,1,379.2000000000001,140,18.05714285714286,21,1,1,2,4,At Risk,High Risk,0.75,1.492913385826772,Standard Value,High,Launch retention campaign and personalized offer
14201.0,45,3,446.1,216,24.78333333333333,17,3,3,2,8,Potential Customers,Low Risk,0.15,29.09347826086957,Standard Value,Low,Use personalized promotions to increase customer engagement
14202.0,17,3,847.76,166,29.233103448275862,27,4,3,3,10,Loyal Customers,Low Risk,0.15,141.29333333333332,High Value,Medium,Maintain regular engagement and monitor customer activity
14203.0,33,1,339.34,80,21.20875,16,4,1,2,7,Potential Customers,Low Risk,0.15,9.980588235294118,Standard Value,Low,Use personalized promotions to increase customer engagement
14204.0,58,3,901.9300000000004,410,4.797500000000002,158,3,3,3,9,Potential Customers,High Risk,0.75,45.86084745762714,High Value,High,Launch retention campaign and personalized offer
14205.0,30,7,1947.500000000002,1138,19.67171717171719,65,4,5,4,13,Champions,Low Risk,0.15,439.7580645161295,Very High Value,Medium,Provide premium rewards and exclusive offers
14206.0,24,2,856.8500000000001,654,16.800980392156866,43,4,2,3,9,Potential Customers,Low Risk,0.15,68.54800000000002,High Value,Medium,Use personalized promotions to increase customer engagement
14207.0,323,1,157.8,36,78.9,2,1,1,1,3,At Risk,High Risk,0.75,0.48703703703703705,Standard Value,High,Launch retention campaign and personalized offer
14208.0,187,1,415.31,415,16.612399999999997,25,1,1,2,4,At Risk,High Risk,0.75,2.2090957446808512,Standard Value,High,Launch retention campaign and personalized offer
14209.0,21,9,2919.8399999999992,1048,20.27666666666666,97,4,5,5,14,Champions,Low Risk,0.15,1194.4799999999998,Very High Value,Medium,Provide premium rewards and exclusive offers
14210.0,7,11,3955.679999999996,1844,17.425903083700423,128,5,5,5,15,Champions,Low Risk,0.15,5439.059999999995,Very High Value,Medium,Provide premium rewards and exclusive offers
14211.0,47,9,2161.19,1333,16.884296875,96,3,5,5,13,Champions,Low Risk,0.15,405.223125,Very High Value,Medium,Provide premium rewards and exclusive offers
14212.0,81,1,1119.66,894,93.305,12,2,1,4,7,Potential Customers,High Risk,0.75,13.65439024390244,Standard Value,High,Launch retention campaign and personalized offer
14213.0,40,1,1192.2,244,238.44,5,3,1,4,8,Potential Customers,Low Risk,0.15,29.078048780487805,Standard Value,Low,Use personalized promotions to increase customer engagement
14215.0,4,4,1626.61,927,19.36440476190476,81,5,4,4,13,Champions,Low Risk,0.15,1301.288,Very High Value,Medium,Provide premium rewards and exclusive offers
14216.0,50,1,310.74,118,17.263333333333335,18,3,1,2,6,At Risk,Low Risk,0.15,6.092941176470588,Standard Value,Low,Maintain regular engagement and monitor customer activity
14217.0,2,7,1411.9100000000003,567,17.43098765432099,68,5,5,4,14,Champions,Low Risk,0.15,3294.4566666666674,Very High Value,Medium,Provide premium rewards and exclusive offers
14219.0,45,2,543.8900000000001,285,15.10805555555556,32,3,2,3,8,Potential Customers,Low Risk,0.15,23.64739130434783,Standard Value,Low,Use personalized promotions to increase customer engagement
14220.0,203,2,882.6000000000001,196,51.91764705882354,12,1,2,3,6,At Risk,High Risk,0.75,8.65294117647059,Standard Value,High,Launch retention campaign and personalized offer
14221.0,85,8,3084.689999999998,1617,20.03045454545453,67,2,5,5,12,Loyal Customers,High Risk,0.75,286.947906976744,High Value,High,Launch retention campaign and personalized offer
14224.0,26,5,847.7800000000002,349,7.064833333333335,101,4,4,3,11,Loyal Customers,Low Risk,0.15,156.99629629629635,High Value,Medium,Maintain regular engagement and monitor customer activity
14225.0,70,4,2037.02,1168,23.41402298850575,70,3,4,4,11,Loyal Customers,High Risk,0.75,114.76169014084508,High Value,High,Launch retention campaign and personalized offer
14226.0,77,1,770.3399999999998,418,24.849677419354837,31,2,1,3,6,At Risk,High Risk,0.75,9.876153846153844,Standard Value,High,Launch retention campaign and personalized offer
14227.0,50,5,3017.75,2228,14.939356435643564,164,3,4,5,12,Loyal Customers,Low Risk,0.15,295.8578431372549,High Value,Medium,Maintain regular engagement and monitor customer activity
14228.0,73,3,745.5,260,19.61842105263158,38,2,3,3,8,Potential Customers,High Risk,0.75,30.222972972972972,Standard Value,High,Launch retention campaign and personalized offer
14229.0,39,4,1046.84,324,32.71375,21,3,4,4,11,Loyal Customers,Low Risk,0.15,104.684,High Value,Medium,Maintain regular engagement and monitor customer activity
14230.0,71,3,979.8000000000002,246,29.69090909090909,27,3,3,3,9,Potential Customers,High Risk,0.75,40.82500000000001,High Value,High,Launch retention campaign and personalized offer
14231.0,86,1,309.91,201,16.311052631578946,19,2,1,2,5,At Risk,High Risk,0.75,3.562183908045977,Standard Value,High,Launch retention campaign and personalized offer
14233.0,101,3,1441.5500000000004,581,37.93552631578948,30,2,3,4,9,Potential Customers,High Risk,0.75,42.39852941176472,High Value,High,Launch retention campaign and personalized offer
14235.0,134,4,1573.1300000000003,1055,22.798985507246385,53,2,4,4,10,Loyal Customers,High Risk,0.75,46.61125925925927,High Value,High,Launch retention campaign and personalized offer
14236.0,8,4,1253.78,502,35.82228571428571,29,5,4,4,13,Champions,Low Risk,0.15,557.2355555555555,Very High Value,Medium,Provide premium rewards and exclusive offers
14237.0,9,2,471.14,238,18.12076923076923,26,5,2,2,9,Potential Customers,Low Risk,0.15,94.228,High Value,Medium,Use personalized promotions to increase customer engagement
14238.0,298,2,287.38000000000005,78,57.47600000000001,5,1,2,2,5,At Risk,High Risk,0.75,1.9222742474916392,Standard Value,High,Launch retention campaign and personalized offer
14239.0,67,10,1882.320000000001,736,19.20734693877552,41,3,5,4,12,Loyal Customers,High Risk,0.75,276.8117647058825,High Value,High,Launch retention campaign and personalized offer
14240.0,59,1,357.1499999999999,237,18.797368421052628,19,3,1,2,6,At Risk,High Risk,0.75,5.952499999999999,Standard Value,High,Launch retention campaign and personalized offer
14241.0,332,1,120.0,96,60.0,2,1,1,1,3,At Risk,High Risk,0.75,0.36036036036036034,Standard Value,High,Launch retention campaign and personalized offer
14243.0,1,8,4842.279999999993,2466,21.0533913043478,180,5,5,5,15,Champions,Low Risk,0.15,19369.119999999974,Very High Value,Medium,Provide premium rewards and exclusive offers
14244.0,296,1,366.4200000000001,814,22.901250000000005,16,1,1,2,4,At Risk,High Risk,0.75,1.233737373737374,Standard Value,High,Launch retention campaign and personalized offer
14247.0,40,4,635.89,335,6.555567010309278,72,3,4,3,10,Loyal Customers,Low Risk,0.15,62.038048780487806,High Value,Medium,Maintain regular engagement and monitor customer activity
14248.0,95,2,730.3699999999999,590,18.727435897435896,33,2,2,3,7,Potential Customers,High Risk,0.75,15.216041666666664,Standard Value,High,Launch retention campaign and personalized offer
14249.0,46,12,5625.460999999999,2487,19.331481099656354,178,3,5,5,13,Champions,Low Risk,0.15,1436.2879148936167,Very High Value,Medium,Provide premium rewards and exclusive offers
14252.0,17,1,350.99,111,35.099000000000004,10,4,1,2,7,Potential Customers,Low Risk,0.15,19.499444444444446,Standard Value,Low,Use personalized promotions to increase customer engagement
14253.0,129,2,363.4,88,30.28333333333333,11,2,2,2,6,At Risk,High Risk,0.75,5.59076923076923,Standard Value,High,Launch retention campaign and personalized offer
14254.0,68,1,601.03,263,26.13173913043478,23,3,1,3,7,Potential Customers,High Risk,0.75,8.710579710144927,Standard Value,High,Launch retention campaign and personalized offer
14255.0,182,1,1000.63,1,1000.63,1,1,1,4,6,At Risk,High Risk,0.75,5.467923497267759,Standard Value,High,Launch retention campaign and personalized offer
14256.0,127,3,1504.9300000000007,757,18.57938271604939,70,2,3,4,9,Potential Customers,High Risk,0.75,35.27179687500002,High Value,High,Launch retention campaign and personalized offer
14257.0,16,4,2854.73,1650,21.303955223880592,97,4,4,5,13,Champions,Low Risk,0.15,671.7011764705883,Very High Value,Medium,Provide premium rewards and exclusive offers
14258.0,31,16,19381.36000000002,10388,102.5468783068784,85,4,5,5,14,Champions,Low Risk,0.15,9690.68000000001,Very High Value,Medium,Provide premium rewards and exclusive offers
14260.0,107,3,824.28,544,16.16235294117647,50,2,3,3,8,Potential Customers,High Risk,0.75,22.89666666666667,Standard Value,High,Launch retention campaign and personalized offer
14263.0,59,1,322.93,171,20.183125,16,3,1,2,6,At Risk,High Risk,0.75,5.3821666666666665,Standard Value,High,Launch retention campaign and personalized offer
14264.0,15,4,1183.39,483,19.08693548387097,49,5,4,4,13,Champions,Low Risk,0.15,295.8475,High Value,Medium,Maintain regular engagement and monitor customer activity
14265.0,100,2,843.1699999999996,385,17.56604166666666,47,2,2,3,7,Potential Customers,High Risk,0.75,16.69643564356435,Standard Value,High,Launch retention campaign and personalized offer
14266.0,64,1,40.56,24,40.56,1,3,1,1,5,At Risk,High Risk,0.75,0.624,Standard Value,High,Launch retention campaign and personalized offer
14268.0,106,1,354.85,147,18.676315789473684,19,2,1,2,5,At Risk,High Risk,0.75,3.316355140186916,Standard Value,High,Launch retention campaign and personalized offer
14269.0,75,1,295.73,123,18.483125,16,2,1,2,5,At Risk,High Risk,0.75,3.891184210526316,Standard Value,High,Launch retention campaign and personalized offer
14271.0,45,1,106.81000000000002,61,3.683103448275863,28,3,1,1,5,At Risk,Low Risk,0.15,2.3219565217391307,Standard Value,Low,Maintain regular engagement and monitor customer activity
14272.0,198,2,482.85,498,15.575806451612902,31,1,2,2,5,At Risk,High Risk,0.75,4.852763819095478,Standard Value,High,Launch retention campaign and personalized offer
14274.0,322,1,256.6,178,17.10666666666667,15,1,1,2,4,At Risk,High Risk,0.75,0.7944272445820434,Standard Value,High,Launch retention campaign and personalized offer
14275.0,31,6,1189.38,538,51.71217391304347,14,4,4,4,12,Loyal Customers,Low Risk,0.15,223.00875000000002,High Value,Medium,Maintain regular engagement and monitor customer activity
14276.0,43,4,982.9400000000002,662,17.244561403508776,38,3,4,3,10,Loyal Customers,Low Risk,0.15,89.35818181818183,High Value,Medium,Maintain regular engagement and monitor customer activity
14277.0,47,6,13009.61,87830,82.86375796178345,147,3,4,5,12,Loyal Customers,Low Risk,0.15,1626.20125,Very High Value,Medium,Provide premium rewards and exclusive offers
14278.0,45,1,205.83,131,15.83307692307692,13,3,1,1,5,At Risk,Low Risk,0.15,4.474565217391304,Standard Value,Low,Maintain regular engagement and monitor customer activity
14279.0,156,2,191.86,46,63.95333333333334,3,2,2,1,5,At Risk,High Risk,0.75,2.4440764331210194,Standard Value,High,Launch retention campaign and personalized offer
14281.0,44,1,245.15,45,35.02142857142857,7,3,1,1,5,At Risk,Low Risk,0.15,5.447777777777778,Standard Value,Low,Maintain regular engagement and monitor customer activity
14282.0,3,11,4120.32,2810,42.04408163265306,59,5,5,5,15,Champions,Low Risk,0.15,11330.88,Very High Value,Medium,Provide premium rewards and exclusive offers
14283.0,99,4,628.4400000000002,550,15.327804878048784,36,2,4,3,9,Potential Customers,High Risk,0.75,25.137600000000006,Standard Value,High,Launch retention campaign and personalized offer
14284.0,289,1,704.3999999999999,349,20.12571428571428,35,1,1,3,5,At Risk,High Risk,0.75,2.428965517241379,Standard Value,High,Launch retention campaign and personalized offer
14285.0,149,4,1374.41,413,40.42382352941177,33,2,4,4,10,Loyal Customers,High Risk,0.75,36.650933333333334,High Value,High,Launch retention campaign and personalized offer
14286.0,40,4,3851.0100000000007,4457,17.584520547945207,167,3,4,5,12,Loyal Customers,Low Risk,0.15,375.70829268292687,Very High Value,Medium,Provide premium rewards and exclusive offers
14290.0,49,3,2201.91,685,44.0382,43,3,3,5,11,Loyal Customers,Low Risk,0.15,132.1146,High Value,Medium,Maintain regular engagement and monitor customer activity
14291.0,16,12,4020.849999999997,3397,15.6453307392996,158,4,5,5,14,Champions,Low Risk,0.15,2838.2470588235274,Very High Value,Medium,Provide premium rewards and exclusive offers
14292.0,46,7,4354.32,1766,46.82064516129032,66,3,5,5,13,Champions,Low Risk,0.15,648.5157446808511,Very High Value,Medium,Provide premium rewards and exclusive offers
14293.0,4,6,2221.37,1021,30.42972602739726,62,5,4,5,14,Champions,Low Risk,0.15,2665.644,Very High Value,Medium,Provide premium rewards and exclusive offers
14294.0,43,1,375.3399999999999,190,16.319130434782604,23,3,1,2,6,At Risk,Low Risk,0.15,8.530454545454544,Standard Value,Low,Maintain regular engagement and monitor customer activity
14295.0,74,4,2196.71,945,32.78671641791045,61,2,4,5,11,Loyal Customers,High Risk,0.75,117.15786666666666,High Value,High,Launch retention campaign and personalized offer
14296.0,57,2,456.4,314,16.9037037037037,27,3,2,2,7,Potential Customers,High Risk,0.75,15.737931034482758,Standard Value,High,Launch retention campaign and personalized offer
14298.0,11,38,39667.19000000003,41929,32.32859820700899,712,5,5,5,15,Champions,Low Risk,0.15,125612.76833333343,Very High Value,Medium,Provide premium rewards and exclusive offers
14299.0,1,19,10533.869999999992,6079,53.47142131979691,90,5,5,5,15,Champions,Low Risk,0.15,100071.76499999993,Very High Value,Medium,Provide premium rewards and exclusive offers
14301.0,52,3,1352.0400000000004,1080,33.80100000000001,29,3,3,4,10,Loyal Customers,Low Risk,0.15,76.53056603773587,High Value,Medium,Maintain regular engagement and monitor customer activity
14302.0,66,3,742.9000000000001,298,26.532142857142865,25,3,3,3,9,Potential Customers,High Risk,0.75,33.26417910447761,High Value,High,Launch retention campaign and personalized offer
14303.0,43,2,277.94,218,12.633636363636365,21,3,2,2,7,Potential Customers,Low Risk,0.15,12.633636363636363,Standard Value,Low,Use personalized promotions to increase customer engagement
14304.0,15,2,1341.5600000000002,636,18.895211267605635,63,5,2,4,11,Loyal Customers,Low Risk,0.15,167.69500000000002,High Value,Medium,Maintain regular engagement and monitor customer activity
14306.0,14,4,1058.0800000000002,990,81.39076923076924,12,5,4,4,13,Champions,Low Risk,0.15,282.1546666666667,High Value,Medium,Maintain regular engagement and monitor customer activity
14307.0,9,5,2075.3100000000004,1316,15.96392307692308,112,5,4,4,13,Champions,Low Risk,0.15,1037.6550000000002,Very High Value,Medium,Provide premium rewards and exclusive offers
14308.0,185,2,1147.02,2,573.51,1,1,2,4,7,Potential Customers,High Risk,0.75,12.333548387096775,Standard Value,High,Launch retention campaign and personalized offer
14309.0,49,2,1428.28,950,19.837222222222223,69,3,2,4,9,Potential Customers,Low Risk,0.15,57.1312,High Value,Medium,Use personalized promotions to increase customer engagement
14310.0,68,1,492.1,230,22.36818181818182,22,3,1,2,6,At Risk,High Risk,0.75,7.131884057971015,Standard Value,High,Launch retention campaign and personalized offer
14311.0,203,1,206.19,89,18.744545454545456,11,1,1,1,3,At Risk,High Risk,0.75,1.010735294117647,Standard Value,High,Launch retention campaign and personalized offer
14312.0,14,5,1478.7000000000005,892,15.900000000000002,88,5,4,4,13,Champions,Low Risk,0.15,492.9000000000002,Very High Value,Medium,Provide premium rewards and exclusive offers
14314.0,66,1,109.8,36,54.900000000000006,2,3,1,1,5,At Risk,High Risk,0.75,1.6388059701492537,Standard Value,High,Launch retention campaign and personalized offer
14315.0,200,2,716.69,323,22.3965625,26,1,2,3,6,At Risk,High Risk,0.75,7.131243781094528,Standard Value,High,Launch retention campaign and personalized offer
14316.0,58,5,1370.3400000000004,4494,44.20451612903227,21,3,4,4,11,Loyal Customers,High Risk,0.75,116.1305084745763,High Value,High,Launch retention campaign and personalized offer
14318.0,96,1,158.02000000000004,152,17.557777777777783,9,2,1,1,4,At Risk,High Risk,0.75,1.629072164948454,Standard Value,High,Launch retention campaign and personalized offer
14319.0,60,1,494.8499999999999,329,19.032692307692304,26,3,1,2,6,At Risk,High Risk,0.75,8.112295081967211,Standard Value,High,Launch retention campaign and personalized offer
14320.0,182,3,868.96,388,17.3792,46,1,3,3,7,Potential Customers,High Risk,0.75,14.245245901639345,Standard Value,High,Launch retention campaign and personalized offer
14321.0,67,2,687.3100000000002,869,12.27339285714286,56,3,2,3,8,Potential Customers,High Risk,0.75,20.215000000000003,Standard Value,High,Launch retention campaign and personalized offer
14322.0,65,4,474.1,158,36.46923076923077,10,3,4,2,9,Potential Customers,High Risk,0.75,28.733333333333334,Standard Value,High,Launch retention campaign and personalized offer
14324.0,45,2,701.61,402,17.112439024390245,41,3,2,3,8,Potential Customers,Low Risk,0.15,30.504782608695653,Standard Value,Low,Use personalized promotions to increase customer engagement
14325.0,205,1,245.47999999999996,320,13.637777777777774,18,1,1,1,3,At Risk,High Risk,0.75,1.191650485436893,Standard Value,High,Launch retention campaign and personalized offer
14326.0,99,2,757.1300000000001,469,15.451632653061226,48,2,2,3,7,Potential Customers,High Risk,0.75,15.142600000000002,Standard Value,High,Launch retention campaign and personalized offer
14327.0,18,5,1583.2799999999995,1157,16.843404255319147,89,4,4,4,12,Loyal Customers,Low Risk,0.15,416.65263157894725,Very High Value,Medium,Provide premium rewards and exclusive offers
14328.0,74,1,445.05,1,445.05,1,2,1,2,5,At Risk,High Risk,0.75,5.934,Standard Value,High,Launch retention campaign and personalized offer
14329.0,11,8,4912.3799999999965,2826,16.70877551020407,206,5,5,5,15,Champions,Low Risk,0.15,3274.919999999998,Very High Value,Medium,Provide premium rewards and exclusive offers
14330.0,259,1,200.63,103,15.433076923076923,13,1,1,1,3,At Risk,High Risk,0.75,0.7716538461538461,Standard Value,High,Launch retention campaign and personalized offer
14332.0,17,2,1077.2000000000005,412,29.11351351351352,31,4,2,4,10,Loyal Customers,Low Risk,0.15,119.68888888888894,High Value,Medium,Maintain regular engagement and monitor customer activity
14334.0,61,4,1766.2700000000002,1255,18.398645833333337,77,3,4,4,11,Loyal Customers,High Risk,0.75,113.95290322580647,High Value,High,Launch retention campaign and personalized offer
14338.0,172,1,339.88,287,17.88842105263158,19,2,1,2,5,At Risk,High Risk,0.75,1.9646242774566474,Standard Value,High,Launch retention campaign and personalized offer
14339.0,64,1,310.75,288,34.52777777777778,9,3,1,2,6,At Risk,High Risk,0.75,4.780769230769231,Standard Value,High,Launch retention campaign and personalized offer
14341.0,56,10,2285.04,1416,16.67912408759124,100,3,5,5,13,Champions,High Risk,0.75,400.8842105263158,Very High Value,High,Launch retention campaign and personalized offer
14342.0,68,2,249.88,174,20.82333333333333,12,3,2,1,6,At Risk,High Risk,0.75,7.242898550724638,Standard Value,High,Launch retention campaign and personalized offer
14343.0,57,4,1088.9100000000003,631,4.575252100840338,193,3,4,4,11,Loyal Customers,High Risk,0.75,75.09724137931036,High Value,High,Launch retention campaign and personalized offer
14344.0,3,14,2443.77,1192,14.20796511627907,102,5,5,5,15,Champions,Low Risk,0.15,8553.195,Very High Value,Medium,Provide premium rewards and exclusive offers
14346.0,61,3,1294.1700000000003,1273,15.048488372093027,78,3,3,4,10,Loyal Customers,High Risk,0.75,62.62112903225808,High Value,High,Launch retention campaign and personalized offer
14347.0,372,1,82.60000000000001,48,13.766666666666667,6,1,1,1,3,At Risk,High Risk,0.75,0.2214477211796247,Standard Value,High,Launch retention campaign and personalized offer
14350.0,16,2,689.0999999999999,360,16.80731707317073,38,4,2,3,9,Potential Customers,Low Risk,0.15,81.07058823529411,High Value,Medium,Use personalized promotions to increase customer engagement
14353.0,46,2,285.90000000000003,280,15.047368421052632,14,3,2,2,7,Potential Customers,Low Risk,0.15,12.165957446808513,Standard Value,Low,Use personalized promotions to increase customer engagement
14355.0,1,3,840.0500000000004,617,14.00083333333334,57,5,3,3,11,Loyal Customers,Low Risk,0.15,1260.0750000000007,Very High Value,Medium,Provide premium rewards and exclusive offers
14358.0,25,2,400.0599999999999,338,16.002399999999994,21,4,2,2,8,Potential Customers,Low Risk,0.15,30.773846153846144,Standard Value,Low,Use personalized promotions to increase customer engagement
14361.0,214,1,214.71000000000004,251,15.336428571428574,14,1,1,1,3,At Risk,High Risk,0.75,0.9986511627906979,Standard Value,High,Launch retention campaign and personalized offer
14363.0,38,2,227.47,105,28.43375,8,3,2,1,6,At Risk,Low Risk,0.15,11.665128205128205,Standard Value,Low,Maintain regular engagement and monitor customer activity
14365.0,30,2,634.6800000000002,557,12.444705882352944,50,4,2,3,9,Potential Customers,Low Risk,0.15,40.94709677419356,High Value,Medium,Use personalized promotions to increase customer engagement
14366.0,161,1,136.0,16,136.0,1,2,1,1,4,At Risk,High Risk,0.75,0.8395061728395061,Standard Value,High,Launch retention campaign and personalized offer
14369.0,278,2,469.1299999999998,255,18.04346153846153,24,1,2,2,5,At Risk,High Risk,0.75,3.3629390681003573,Standard Value,High,Launch retention campaign and personalized offer
14370.0,86,6,1175.78,266,26.722272727272728,37,2,4,4,10,Loyal Customers,High Risk,0.75,81.08827586206897,High Value,High,Launch retention campaign and personalized offer
14372.0,79,2,860.0800000000004,378,22.63368421052633,36,2,2,3,7,Potential Customers,High Risk,0.75,21.50200000000001,Standard Value,High,Launch retention campaign and personalized offer
14374.0,177,1,108.0,20,15.428571428571429,7,1,1,1,3,At Risk,High Risk,0.75,0.6067415730337079,Standard Value,High,Launch retention campaign and personalized offer
14375.0,86,2,875.3100000000001,465,6.207872340425532,128,2,2,3,7,Potential Customers,High Risk,0.75,20.122068965517244,Standard Value,High,Launch retention campaign and personalized offer
14376.0,319,1,215.46,50,11.97,17,1,1,1,3,At Risk,High Risk,0.75,0.6733125,Standard Value,High,Launch retention campaign and personalized offer
14378.0,257,1,131.24999999999997,57,14.58333333333333,9,1,1,1,3,At Risk,High Risk,0.75,0.508720930232558,Standard Value,High,Launch retention campaign and personalized offer
14379.0,29,2,920.81,421,11.09409638554217,68,4,2,3,9,Potential Customers,Low Risk,0.15,61.38733333333333,High Value,Medium,Use personalized promotions to increase customer engagement
14380.0,318,1,48.96,1,48.96,1,1,1,1,3,At Risk,High Risk,0.75,0.1534796238244514,Standard Value,High,Launch retention campaign and personalized offer
14381.0,87,1,428.66000000000014,307,7.390689655172416,56,2,1,2,5,At Risk,High Risk,0.75,4.871136363636365,Standard Value,High,Launch retention campaign and personalized offer
14382.0,26,1,620.73,464,3.63,137,4,1,3,8,Potential Customers,Low Risk,0.15,22.990000000000002,Standard Value,Low,Use personalized promotions to increase customer engagement
14384.0,136,1,58.5,30,19.5,3,2,1,1,4,At Risk,High Risk,0.75,0.42700729927007297,Standard Value,High,Launch retention campaign and personalized offer
14388.0,8,9,3488.159999999998,2419,15.298947368421045,109,5,5,5,15,Champions,Low Risk,0.15,3488.159999999998,Very High Value,Medium,Provide premium rewards and exclusive offers
14389.0,60,3,854.5500000000001,659,20.34642857142857,29,3,3,3,9,Potential Customers,High Risk,0.75,42.02704918032787,High Value,High,Launch retention campaign and personalized offer
14390.0,8,5,1747.0100000000011,774,8.522000000000006,112,5,4,4,13,Champions,Low Risk,0.15,970.5611111111118,Very High Value,Medium,Provide premium rewards and exclusive offers
14391.0,212,1,135.60000000000002,168,9.685714285714289,14,1,1,1,3,At Risk,High Risk,0.75,0.6366197183098593,Standard Value,High,Launch retention campaign and personalized offer
14392.0,68,1,266.4,114,19.02857142857143,14,3,1,2,6,At Risk,High Risk,0.75,3.8608695652173908,Standard Value,High,Launch retention campaign and personalized offer
14394.0,200,1,93.8,58,15.633333333333333,6,1,1,1,3,At Risk,High Risk,0.75,0.4666666666666667,Standard Value,High,Launch retention campaign and personalized offer
14395.0,8,12,4700.299999999998,2379,10.064882226980725,227,5,5,5,15,Champions,Low Risk,0.15,6267.066666666664,Very High Value,Medium,Provide premium rewards and exclusive offers
14396.0,7,6,1633.9400000000026,797,7.495137614678911,167,5,4,4,13,Champions,Low Risk,0.15,1225.455000000002,Very High Value,Medium,Provide premium rewards and exclusive offers
14398.0,37,2,707.7899999999998,267,13.35452830188679,50,3,2,3,8,Potential Customers,Low Risk,0.15,37.25210526315789,High Value,Medium,Use personalized promotions to increase customer engagement
14399.0,30,8,2113.1600000000008,968,10.949015544041456,119,4,5,4,13,Champions,Low Risk,0.15,545.331612903226,Very High Value,Medium,Provide premium rewards and exclusive offers
14400.0,44,2,1157.7700000000002,1252,24.120208333333338,47,3,2,4,9,Potential Customers,Low Risk,0.15,51.45644444444445,High Value,Medium,Use personalized promotions to increase customer engagement
14401.0,60,9,2744.419999999999,1894,32.67166666666666,63,3,5,5,13,Champions,High Risk,0.75,404.9144262295081,Very High Value,High,Launch retention campaign and personalized offer
14402.0,288,1,285.6,240,35.7,8,1,1,2,4,At Risk,High Risk,0.75,0.9882352941176471,Standard Value,High,Launch retention campaign and personalized offer
14403.0,225,2,404.69999999999993,218,80.93999999999998,4,1,2,2,5,At Risk,High Risk,0.75,3.5814159292035392,Standard Value,High,Launch retention campaign and personalized offer
14404.0,5,8,1424.7900000000004,817,13.192500000000004,86,5,5,4,14,Champions,Low Risk,0.15,1899.7200000000005,Very High Value,Medium,Provide premium rewards and exclusive offers
14405.0,22,1,195.0,100,97.5,2,4,1,1,6,At Risk,Low Risk,0.15,8.478260869565217,Standard Value,Low,Maintain regular engagement and monitor customer activity
14408.0,107,4,1503.2399999999998,828,68.3290909090909,11,2,4,4,10,Loyal Customers,High Risk,0.75,55.67555555555555,High Value,High,Launch retention campaign and personalized offer
14409.0,4,5,1696.6400000000003,1171,32.627692307692314,45,5,4,4,13,Champions,Low Risk,0.15,1696.64,Very High Value,Medium,Provide premium rewards and exclusive offers
14410.0,12,2,1546.0700000000013,806,7.730350000000007,179,5,2,4,11,Loyal Customers,Low Risk,0.15,237.85692307692327,High Value,Medium,Maintain regular engagement and monitor customer activity
14412.0,60,1,656.1599999999996,642,16.00390243902438,41,3,1,3,7,Potential Customers,High Risk,0.75,10.756721311475404,Standard Value,High,Launch retention campaign and personalized offer
14413.0,46,3,647.670000000001,212,8.52197368421054,74,3,3,3,9,Potential Customers,Low Risk,0.15,41.3406382978724,High Value,Medium,Use personalized promotions to increase customer engagement
14414.0,10,1,902.35,365,42.969047619047615,21,5,1,3,9,Potential Customers,Low Risk,0.15,82.03181818181818,High Value,Medium,Use personalized promotions to increase customer engagement
14415.0,15,10,6191.319999999986,3293,9.227004470938876,299,5,5,5,15,Champions,Low Risk,0.15,3869.574999999991,Very High Value,Medium,Provide premium rewards and exclusive offers
14417.0,23,1,604.1999999999996,567,4.410218978102187,106,4,1,3,8,Potential Customers,Low Risk,0.15,25.174999999999983,Standard Value,Low,Use personalized promotions to increase customer engagement
14419.0,18,1,202.85000000000005,69,8.819565217391306,23,4,1,1,6,At Risk,Low Risk,0.15,10.676315789473687,Standard Value,Low,Maintain regular engagement and monitor customer activity
14420.0,32,3,1251.65,786,19.55703125,58,4,3,4,11,Loyal Customers,Low Risk,0.15,113.78636363636365,High Value,Medium,Maintain regular engagement and monitor customer activity
14421.0,148,4,1656.2599999999998,977,24.003768115942027,57,2,4,4,10,Loyal Customers,High Risk,0.75,44.46335570469798,High Value,High,Launch retention campaign and personalized offer
14422.0,10,13,6007.879999999995,3161,18.20569696969695,193,5,5,5,15,Champions,Low Risk,0.15,7100.221818181812,Very High Value,Medium,Provide premium rewards and exclusive offers
14423.0,73,2,651.4099999999999,299,54.28416666666666,11,2,2,3,7,Potential Customers,High Risk,0.75,17.605675675675673,Standard Value,High,Launch retention campaign and personalized offer
14425.0,70,3,661.3899999999999,325,16.958717948717947,35,3,3,3,9,Potential Customers,High Risk,0.75,27.946056338028164,Standard Value,High,Launch retention campaign and personalized offer
14426.0,39,7,7246.269999999995,4324,19.06913157894736,314,3,5,5,13,Champions,Low Risk,0.15,1268.0972499999991,Very High Value,Medium,Provide premium rewards and exclusive offers
14427.0,130,2,900.1799999999998,310,33.34,27,2,2,3,7,Potential Customers,High Risk,0.75,13.743206106870227,Standard Value,High,Launch retention campaign and personalized offer
14429.0,39,1,516.28,286,23.467272727272725,22,3,1,3,7,Potential Customers,Low Risk,0.15,12.907,Standard Value,Low,Use personalized promotions to increase customer engagement
14430.0,147,3,1220.9,446,34.88285714285715,29,2,3,4,9,Potential Customers,High Risk,0.75,24.747972972972974,Standard Value,High,Launch retention campaign and personalized offer
14431.0,15,3,2143.8400000000006,1072,33.49750000000001,61,5,3,4,12,Loyal Customers,Low Risk,0.15,401.97000000000014,Very High Value,Medium,Provide premium rewards and exclusive offers
14433.0,101,1,289.6,134,3.761038961038961,72,2,1,2,5,At Risk,High Risk,0.75,2.83921568627451,Standard Value,High,Launch retention campaign and personalized offer
14435.0,137,1,90.42,282,30.14,3,2,1,1,4,At Risk,High Risk,0.75,0.6552173913043479,Standard Value,High,Launch retention campaign and personalized offer
14436.0,189,1,182.64,168,91.32,2,1,1,1,3,At Risk,High Risk,0.75,0.9612631578947368,Standard Value,High,Launch retention campaign and personalized offer
14437.0,1,5,895.8400000000001,426,20.833488372093026,34,5,4,3,12,Loyal Customers,Low Risk,0.15,2239.6000000000004,Very High Value,Medium,Provide premium rewards and exclusive offers
14439.0,79,4,6781.799999999999,1718,69.91546391752577,83,2,4,5,11,Loyal Customers,High Risk,0.75,339.09,Very High Value,High,Launch retention campaign and personalized offer
14440.0,1,9,4281.049999999999,1167,49.77965116279069,49,5,5,5,15,Champions,Low Risk,0.15,19264.725,Very High Value,Medium,Provide premium rewards and exclusive offers
14441.0,10,7,2898.800000000001,814,28.14368932038836,71,5,5,5,15,Champions,Low Risk,0.15,1844.6909090909096,Very High Value,Medium,Provide premium rewards and exclusive offers
14442.0,50,5,3777.2,949,31.47666666666667,97,3,4,5,12,Loyal Customers,Low Risk,0.15,370.3137254901961,Very High Value,Medium,Provide premium rewards and exclusive offers
14443.0,4,2,966.27,582,16.1045,57,5,2,3,10,Loyal Customers,Low Risk,0.15,386.508,Very High Value,Medium,Provide premium rewards and exclusive offers
14444.0,92,1,132.04,180,10.156923076923077,11,2,1,1,4,At Risk,High Risk,0.75,1.419784946236559,Standard Value,High,Launch retention campaign and personalized offer
14445.0,91,1,221.64999999999992,83,6.9265624999999975,32,2,1,1,4,At Risk,High Risk,0.75,2.4092391304347816,Standard Value,High,Launch retention campaign and personalized offer
14446.0,22,1,201.73,183,4.385434782608696,42,4,1,1,6,At Risk,Low Risk,0.15,8.77086956521739,Standard Value,Low,Maintain regular engagement and monitor customer activity
14447.0,36,1,548.5,342,15.23611111111111,36,4,1,3,8,Potential Customers,Low Risk,0.15,14.824324324324325,Standard Value,Low,Use personalized promotions to increase customer engagement
14449.0,8,5,1575.700000000001,1021,5.471180555555559,173,5,4,4,13,Champions,Low Risk,0.15,875.3888888888894,Very High Value,Medium,Provide premium rewards and exclusive offers
14450.0,15,4,645.1899999999999,281,17.921944444444442,24,5,4,3,12,Loyal Customers,Low Risk,0.15,161.29749999999999,High Value,Medium,Maintain regular engagement and monitor customer activity
14451.0,25,10,2646.18,1368,6.407215496368038,194,4,5,5,14,Champions,Low Risk,0.15,1017.7615384615384,Very High Value,Medium,Provide premium rewards and exclusive offers
14452.0,31,2,401.15,170,5.730714285714285,62,4,2,2,8,Potential Customers,Low Risk,0.15,25.071875,Standard Value,Low,Use personalized promotions to increase customer engagement
14454.0,12,5,977.3000000000004,400,8.88454545454546,93,5,4,3,12,Loyal Customers,Low Risk,0.15,375.88461538461553,Very High Value,Medium,Provide premium rewards and exclusive offers
14455.0,68,4,628.2099999999995,719,7.952025316455689,65,3,4,3,10,Loyal Customers,High Risk,0.75,36.41797101449272,High Value,High,Launch retention campaign and personalized offer
14458.0,16,1,237.42,328,4.845306122448979,46,4,1,1,6,At Risk,Low Risk,0.15,13.965882352941176,Standard Value,Low,Maintain regular engagement and monitor customer activity
14459.0,287,1,3537.820999999999,1543,46.55027631578946,76,1,1,5,7,Potential Customers,High Risk,0.75,12.28410069444444,Standard Value,High,Launch retention campaign and personalized offer
14460.0,32,6,659.1600000000001,998,25.352307692307697,23,4,4,3,11,Loyal Customers,Low Risk,0.15,119.84727272727274,High Value,Medium,Maintain regular engagement and monitor customer activity
14461.0,18,10,4610.439999999997,2261,9.851367521367514,368,4,5,5,14,Champions,Low Risk,0.15,2426.5473684210506,Very High Value,Medium,Provide premium rewards and exclusive offers
14462.0,68,1,265.98999999999995,108,5.428367346938774,48,3,1,2,6,At Risk,High Risk,0.75,3.8549275362318833,Standard Value,High,Launch retention campaign and personalized offer
14463.0,135,1,256.95,31,128.475,2,2,1,2,5,At Risk,High Risk,0.75,1.8893382352941175,Standard Value,High,Launch retention campaign and personalized offer
14464.0,204,2,111.0,62,27.75,4,1,2,1,4,At Risk,High Risk,0.75,1.0829268292682928,Standard Value,High,Launch retention campaign and personalized offer
14465.0,64,8,2887.4100000000008,2141,41.2487142857143,31,3,5,5,13,Champions,High Risk,0.75,355.37353846153854,Very High Value,High,Launch retention campaign and personalized offer
14466.0,8,7,2374.5000000000014,1638,16.489583333333343,71,5,5,5,15,Champions,Low Risk,0.15,1846.8333333333346,Very High Value,Medium,Provide premium rewards and exclusive offers
14467.0,25,8,1622.2300000000005,918,7.441422018348626,113,4,5,4,13,Champions,Low Risk,0.15,499.14769230769247,Very High Value,Medium,Provide premium rewards and exclusive offers
14468.0,369,1,204.24000000000004,164,17.020000000000003,12,1,1,1,3,At Risk,High Risk,0.75,0.552,Standard Value,High,Launch retention campaign and personalized offer
14469.0,52,4,2112.2100000000005,980,14.368775510204085,120,3,4,4,11,Loyal Customers,Low Risk,0.15,159.41207547169816,High Value,Medium,Maintain regular engagement and monitor customer activity
14470.0,66,1,250.85,89,14.755882352941178,17,3,1,1,5,At Risk,High Risk,0.75,3.7440298507462684,Standard Value,High,Launch retention campaign and personalized offer
14471.0,227,2,400.9500000000001,187,9.779268292682929,38,1,2,2,5,At Risk,High Risk,0.75,3.517105263157896,Standard Value,High,Launch retention campaign and personalized offer
14472.0,325,1,291.38,145,5.603461538461539,41,1,1,2,4,At Risk,High Risk,0.75,0.8938036809815951,Standard Value,High,Launch retention campaign and personalized offer
14474.0,215,1,730.4200000000002,313,7.091456310679614,97,1,1,3,5,At Risk,High Risk,0.75,3.381574074074075,Standard Value,High,Launch retention campaign and personalized offer
14475.0,44,1,225.3,94,37.55,6,3,1,1,5,At Risk,Low Risk,0.15,5.006666666666667,Standard Value,Low,Maintain regular engagement and monitor customer activity
14477.0,72,3,660.0,400,165.0,3,2,3,3,8,Potential Customers,High Risk,0.75,27.123287671232877,Standard Value,High,Launch retention campaign and personalized offer
14478.0,18,4,1276.6599999999996,1226,18.77441176470588,59,4,4,4,12,Loyal Customers,Low Risk,0.15,268.77052631578937,High Value,Medium,Maintain regular engagement and monitor customer activity
14479.0,1,3,982.8600000000008,503,7.502748091603061,121,5,3,3,11,Loyal Customers,Low Risk,0.15,1474.2900000000013,Very High Value,Medium,Provide premium rewards and exclusive offers
14480.0,38,3,1020.47,527,19.62442307692308,43,3,3,4,10,Loyal Customers,Low Risk,0.15,78.4976923076923,High Value,Medium,Maintain regular engagement and monitor customer activity
14481.0,43,3,1674.98,1095,13.729344262295085,103,3,3,4,10,Loyal Customers,Low Risk,0.15,114.20318181818183,High Value,Medium,Maintain regular engagement and monitor customer activity
14482.0,15,6,2289.76,1245,21.006972477064224,91,5,4,5,14,Champions,Low Risk,0.15,858.6600000000001,Very High Value,Medium,Provide premium rewards and exclusive offers
14483.0,372,1,120.0,96,30.0,4,1,1,1,3,At Risk,High Risk,0.75,0.32171581769436997,Standard Value,High,Launch retention campaign and personalized offer
14484.0,37,3,749.0599999999997,534,19.20666666666666,37,3,3,3,9,Potential Customers,Low Risk,0.15,59.13631578947367,High Value,Medium,Use personalized promotions to increase customer engagement
14486.0,147,2,175.5,90,29.25,4,2,2,1,5,At Risk,High Risk,0.75,2.3716216216216215,Standard Value,High,Launch retention campaign and personalized offer
14487.0,4,2,257.28,102,5.593043478260869,32,5,2,2,9,Potential Customers,Low Risk,0.15,102.91199999999999,High Value,Medium,Use personalized promotions to increase customer engagement
14489.0,73,3,1111.5500000000002,712,15.879285714285716,54,2,3,4,9,Potential Customers,High Risk,0.75,45.06283783783785,High Value,High,Launch retention campaign and personalized offer
14490.0,42,2,1273.4700000000005,933,15.918375000000006,72,3,2,4,9,Potential Customers,Low Risk,0.15,59.231162790697695,High Value,Medium,Use personalized promotions to increase customer engagement
14491.0,8,1,127.2,40,31.8,4,5,1,1,7,Potential Customers,Low Risk,0.15,14.133333333333333,Standard Value,Low,Use personalized promotions to increase customer engagement
14492.0,66,7,1921.91,751,20.890326086956524,70,3,5,4,12,Loyal Customers,High Risk,0.75,200.79656716417912,High Value,High,Launch retention campaign and personalized offer
14493.0,26,5,2746.909999999999,1898,11.257827868852456,204,4,4,5,13,Champions,Low Risk,0.15,508.6870370370369,Very High Value,Medium,Provide premium rewards and exclusive offers
14494.0,37,2,261.9,118,26.19,10,3,2,2,7,Potential Customers,Low Risk,0.15,13.784210526315789,Standard Value,Low,Use personalized promotions to increase customer engagement
14495.0,295,1,51.0,6,51.0,1,1,1,1,3,At Risk,High Risk,0.75,0.17229729729729729,Standard Value,High,Launch retention campaign and personalized offer
14496.0,9,6,2129.42,832,23.145869565217392,58,5,4,4,13,Champions,Low Risk,0.15,1277.652,Very High Value,Medium,Provide premium rewards and exclusive offers
14497.0,309,1,221.69000000000003,97,20.15363636363637,11,1,1,1,3,At Risk,High Risk,0.75,0.7151290322580646,Standard Value,High,Launch retention campaign and personalized offer
14498.0,37,5,1953.9500000000007,1024,10.977247191011244,145,3,4,4,11,Loyal Customers,Low Risk,0.15,257.0986842105264,High Value,Medium,Maintain regular engagement and monitor customer activity
14499.0,10,4,1323.6500000000008,749,10.589200000000009,86,5,4,4,13,Champions,Low Risk,0.15,481.327272727273,Very High Value,Medium,Provide premium rewards and exclusive offers
14505.0,40,11,6096.199999999991,2624,7.535475896168097,540,3,5,5,13,Champions,Low Risk,0.15,1635.565853658534,Very High Value,Medium,Provide premium rewards and exclusive offers
14506.0,5,3,1278.500000000001,348,8.195512820512825,111,5,3,4,12,Loyal Customers,Low Risk,0.15,639.2500000000005,Very High Value,Medium,Provide premium rewards and exclusive offers
14507.0,14,5,1901.2500000000016,936,11.118421052631588,127,5,4,4,13,Champions,Low Risk,0.15,633.7500000000005,Very High Value,Medium,Provide premium rewards and exclusive offers
14508.0,12,3,598.5199999999999,228,4.56885496183206,100,5,3,3,11,Loyal Customers,Low Risk,0.15,138.11999999999995,High Value,Medium,Maintain regular engagement and monitor customer activity
14509.0,170,1,110.94999999999996,38,4.437999999999999,25,2,1,1,4,At Risk,High Risk,0.75,0.6488304093567249,Standard Value,High,Launch retention campaign and personalized offer
14510.0,11,3,1007.2800000000002,821,12.913846153846157,67,5,3,4,12,Loyal Customers,Low Risk,0.15,251.82000000000005,High Value,Medium,Maintain regular engagement and monitor customer activity
14512.0,19,5,948.19,620,16.634912280701755,41,4,4,3,11,Loyal Customers,Low Risk,0.15,237.04750000000004,High Value,Medium,Maintain regular engagement and monitor customer activity
14513.0,72,3,332.4200000000001,232,47.48857142857144,5,2,3,2,7,Potential Customers,High Risk,0.75,13.661095890410962,Standard Value,High,Launch retention campaign and personalized offer
14514.0,72,6,3543.630000000006,1907,13.272022471910136,178,2,4,5,11,Loyal Customers,High Risk,0.75,291.2572602739731,High Value,High,Launch retention campaign and personalized offer
14515.0,23,6,1647.1699999999996,783,21.96226666666666,55,4,4,4,12,Loyal Customers,Low Risk,0.15,411.79249999999985,Very High Value,Medium,Provide premium rewards and exclusive offers
14516.0,152,1,163.91999999999996,68,4.430270270270269,35,2,1,1,4,At Risk,High Risk,0.75,1.0713725490196075,Standard Value,High,Launch retention campaign and personalized offer
14519.0,319,2,206.09,82,5.284358974358974,38,1,2,1,4,At Risk,High Risk,0.75,1.2880625,Standard Value,High,Launch retention campaign and personalized offer
14521.0,127,1,199.45,211,11.732352941176472,17,2,1,1,4,At Risk,High Risk,0.75,1.558203125,Standard Value,High,Launch retention campaign and personalized offer
14522.0,231,4,784.0800000000003,443,27.037241379310355,23,1,4,3,8,Potential Customers,High Risk,0.75,13.518620689655178,Standard Value,High,Launch retention campaign and personalized offer
14524.0,45,4,1066.0300000000009,500,8.528240000000007,114,3,4,4,11,Loyal Customers,Low Risk,0.15,92.69826086956529,High Value,Medium,Maintain regular engagement and monitor customer activity
14525.0,64,8,3908.439999999999,2539,15.509682539682537,163,3,5,5,13,Champions,High Risk,0.75,481.0387692307691,Very High Value,High,Launch retention campaign and personalized offer
14526.0,25,1,262.4,179,6.247619047619047,41,4,1,2,7,Potential Customers,Low Risk,0.15,10.092307692307692,Standard Value,Low,Use personalized promotions to increase customer engagement
14527.0,1,69,19283.48000000021,4673,11.152967032967156,465,5,5,5,15,Champions,Low Risk,0.15,665280.0600000073,Very High Value,Medium,Provide premium rewards and exclusive offers
14530.0,32,10,3271.490000000001,1604,12.161672862453536,180,4,5,5,14,Champions,Low Risk,0.15,991.3606060606064,Very High Value,Medium,Provide premium rewards and exclusive offers
14531.0,115,1,376.34,260,12.977241379310344,29,2,1,2,5,At Risk,High Risk,0.75,3.244310344827586,Standard Value,High,Launch retention campaign and personalized offer
14532.0,47,7,2926.33,831,11.520984251968503,188,3,5,5,13,Champions,Low Risk,0.15,426.7564583333333,Very High Value,Medium,Provide premium rewards and exclusive offers
14533.0,43,4,1516.6500000000003,2019,56.17222222222223,25,3,4,4,11,Loyal Customers,Low Risk,0.15,137.87727272727275,High Value,Medium,Maintain regular engagement and monitor customer activity
14534.0,33,8,1824.0600000000009,809,8.604056603773587,164,4,5,4,13,Champions,Low Risk,0.15,429.19058823529434,Very High Value,Medium,Provide premium rewards and exclusive offers
14535.0,31,6,3166.539999999997,1409,6.148621359223296,381,4,4,5,13,Champions,Low Risk,0.15,593.7262499999994,Very High Value,Medium,Provide premium rewards and exclusive offers
14537.0,259,1,285.84000000000003,108,21.98769230769231,13,1,1,2,4,At Risk,High Risk,0.75,1.0993846153846154,Standard Value,High,Launch retention campaign and personalized offer
14538.0,166,3,982.59,129,29.775454545454544,28,2,3,3,8,Potential Customers,High Risk,0.75,17.65131736526946,Standard Value,High,Launch retention campaign and personalized offer
14540.0,15,8,2799.0800000000017,1198,14.208527918781735,140,5,5,5,15,Champions,Low Risk,0.15,1399.5400000000009,Very High Value,Medium,Provide premium rewards and exclusive offers
14541.0,52,6,1038.0299999999995,482,14.828999999999995,49,3,4,4,11,Loyal Customers,Low Risk,0.15,117.51283018867919,High Value,Medium,Maintain regular engagement and monitor customer activity
14543.0,16,23,11276.439999999997,2018,77.7685517241379,80,4,5,5,14,Champions,Low Risk,0.15,15256.359999999997,Very High Value,Medium,Provide premium rewards and exclusive offers
14544.0,106,1,957.9800000000002,895,12.281794871794874,68,2,1,3,6,At Risk,High Risk,0.75,8.953084112149535,Standard Value,High,Launch retention campaign and personalized offer
14545.0,310,1,349.25,236,15.184782608695652,23,1,1,2,4,At Risk,High Risk,0.75,1.1229903536977492,Standard Value,High,Launch retention campaign and personalized offer
14546.0,12,6,2619.8100000000027,1379,6.615681818181825,258,5,4,5,14,Champions,Low Risk,0.15,1209.143076923078,Very High Value,Medium,Provide premium rewards and exclusive offers
14548.0,120,7,1974.69,765,18.116422018348626,66,2,5,4,11,Loyal Customers,High Risk,0.75,114.23826446280992,High Value,High,Launch retention campaign and personalized offer
14549.0,56,3,627.31,259,7.128522727272727,70,3,3,3,9,Potential Customers,High Risk,0.75,33.01631578947368,High Value,High,Launch retention campaign and personalized offer
14550.0,24,2,587.6899999999999,382,11.753799999999998,46,4,2,3,9,Potential Customers,Low Risk,0.15,47.01519999999999,High Value,Medium,Use personalized promotions to increase customer engagement
14551.0,47,5,693.81,381,9.911571428571428,62,3,4,3,10,Loyal Customers,Low Risk,0.15,72.271875,High Value,Medium,Maintain regular engagement and monitor customer activity
14552.0,16,2,346.2099999999997,170,3.497070707070705,80,4,2,2,8,Potential Customers,Low Risk,0.15,40.73058823529408,High Value,Medium,Use personalized promotions to increase customer engagement
14553.0,47,4,982.2700000000004,647,5.252780748663104,141,3,4,3,10,Loyal Customers,Low Risk,0.15,81.85583333333336,High Value,Medium,Maintain regular engagement and monitor customer activity
14555.0,17,4,1991.49,720,20.321326530612243,83,4,4,4,12,Loyal Customers,Low Risk,0.15,442.55333333333334,Very High Value,Medium,Provide premium rewards and exclusive offers
14556.0,232,3,835.3400000000006,331,4.114975369458131,158,1,3,3,7,Potential Customers,High Risk,0.75,10.755450643776832,Standard Value,High,Launch retention campaign and personalized offer
14558.0,290,3,655.5,162,43.7,13,1,3,3,7,Potential Customers,High Risk,0.75,6.757731958762887,Standard Value,High,Launch retention campaign and personalized offer
14559.0,26,1,75.6,72,37.8,2,4,1,1,6,At Risk,Low Risk,0.15,2.8,Standard Value,Low,Maintain regular engagement and monitor customer activity
14560.0,15,22,3876.259999999998,3320,30.76396825396824,38,5,5,5,15,Champions,Low Risk,0.15,5329.857499999997,Very High Value,Medium,Provide premium rewards and exclusive offers
14562.0,26,8,1654.6300000000008,770,8.801223404255323,116,4,5,4,13,Champions,Low Risk,0.15,490.26074074074097,Very High Value,Medium,Provide premium rewards and exclusive offers
14563.0,145,2,679.4400000000004,335,5.908173913043481,95,2,2,3,7,Potential Customers,High Risk,0.75,9.307397260273978,Standard Value,High,Launch retention campaign and personalized offer
14564.0,70,2,2605.6200000000003,1295,24.351588785046733,107,3,2,5,10,Loyal Customers,High Risk,0.75,73.39774647887324,High Value,High,Launch retention campaign and personalized offer
14565.0,109,1,760.0999999999999,400,23.03333333333333,33,2,1,3,6,At Risk,High Risk,0.75,6.909999999999999,Standard Value,High,Launch retention campaign and personalized offer
14566.0,53,3,2660.0,1600,221.66666666666663,8,3,3,5,11,Loyal Customers,Low Risk,0.15,147.77777777777777,High Value,Medium,Maintain regular engagement and monitor customer activity
14568.0,71,1,919.7000000000004,645,19.568085106382984,47,3,1,3,7,Potential Customers,High Risk,0.75,12.773611111111116,Standard Value,High,Launch retention campaign and personalized offer
14569.0,88,3,371.59,179,16.15608695652174,21,2,3,2,7,Potential Customers,High Risk,0.75,12.525505617977528,Standard Value,High,Launch retention campaign and personalized offer
14570.0,79,1,395.69,336,10.145897435897435,37,2,1,2,5,At Risk,High Risk,0.75,4.946125,Standard Value,High,Launch retention campaign and personalized offer
14571.0,61,1,161.65000000000003,57,5.214516129032259,30,3,1,1,5,At Risk,High Risk,0.75,2.6072580645161296,Standard Value,High,Launch retention campaign and personalized offer
14572.0,53,4,2782.339999999999,1505,10.868515624999995,188,3,4,5,12,Loyal Customers,Low Risk,0.15,206.09925925925916,High Value,Medium,Maintain regular engagement and monitor customer activity
14573.0,8,5,968.0000000000006,291,5.93865030674847,130,5,4,3,12,Loyal Customers,Low Risk,0.15,537.777777777778,Very High Value,Medium,Provide premium rewards and exclusive offers
14574.0,368,1,143.7,63,13.063636363636364,11,1,1,1,3,At Risk,High Risk,0.75,0.38943089430894307,Standard Value,High,Launch retention campaign and personalized offer
14575.0,124,1,460.7099999999998,176,6.225810810810808,71,2,1,2,5,At Risk,High Risk,0.75,3.6856799999999983,Standard Value,High,Launch retention campaign and personalized offer
14576.0,8,1,35.400000000000006,12,35.400000000000006,1,5,1,1,7,Potential Customers,Low Risk,0.15,3.933333333333334,Standard Value,Low,Use personalized promotions to increase customer engagement
14577.0,30,3,514.5399999999997,220,8.299032258064512,48,4,3,3,10,Loyal Customers,Low Risk,0.15,49.79419354838707,High Value,Medium,Maintain regular engagement and monitor customer activity
14579.0,68,1,105.56,56,4.2224,24,3,1,1,5,At Risk,High Risk,0.75,1.529855072463768,Standard Value,High,Launch retention campaign and personalized offer
14580.0,154,1,14.85,3,14.85,1,2,1,1,4,At Risk,High Risk,0.75,0.09580645161290323,Standard Value,High,Launch retention campaign and personalized offer
14581.0,180,1,295.2,92,6.15,43,1,1,2,4,At Risk,High Risk,0.75,1.630939226519337,Standard Value,High,Launch retention campaign and personalized offer
14583.0,19,3,728.4799999999997,363,4.139090909090907,149,4,3,3,10,Loyal Customers,Low Risk,0.15,109.27199999999996,High Value,Medium,Maintain regular engagement and monitor customer activity
14584.0,57,4,705.6499999999997,580,5.831818181818179,79,3,4,3,10,Loyal Customers,High Risk,0.75,48.66551724137929,High Value,High,Launch retention campaign and personalized offer
14585.0,18,4,986.2199999999996,539,12.027073170731702,64,4,4,3,11,Loyal Customers,Low Risk,0.15,207.62526315789464,High Value,Medium,Maintain regular engagement and monitor customer activity
14588.0,214,1,135.39,62,8.461875000000001,16,1,1,1,3,At Risk,High Risk,0.75,0.629720930232558,Standard Value,High,Launch retention campaign and personalized offer
14589.0,7,1,39.75,5,13.25,3,5,1,1,7,Potential Customers,Low Risk,0.15,4.96875,Standard Value,Low,Use personalized promotions to increase customer engagement
14590.0,60,20,3006.6199999999994,904,14.73833333333333,124,3,5,5,13,Champions,High Risk,0.75,985.7770491803277,Very High Value,High,Launch retention campaign and personalized offer
14593.0,33,9,3094.0200000000013,1543,6.597057569296378,324,4,5,5,14,Champions,Low Risk,0.15,819.0052941176474,Very High Value,Medium,Provide premium rewards and exclusive offers
14594.0,9,1,255.0,146,8.225806451612902,31,5,1,2,8,Potential Customers,Low Risk,0.15,25.5,Standard Value,Low,Use personalized promotions to increase customer engagement
14595.0,89,2,423.85,250,12.466176470588236,28,2,2,2,6,At Risk,High Risk,0.75,9.418888888888889,Standard Value,High,Launch retention campaign and personalized offer
14596.0,262,1,229.4699999999999,79,4.025789473684209,50,1,1,1,3,At Risk,High Risk,0.75,0.8725095057034217,Standard Value,High,Launch retention campaign and personalized offer
14597.0,15,4,1318.39,870,27.46645833333333,41,5,4,4,13,Champions,Low Risk,0.15,329.5975,Very High Value,Medium,Provide premium rewards and exclusive offers
14598.0,205,1,162.07000000000002,165,4.05175,40,1,1,1,3,At Risk,High Risk,0.75,0.7867475728155341,Standard Value,High,Launch retention campaign and personalized offer
14599.0,26,2,474.5399999999999,295,5.7870731707317065,77,4,2,2,8,Potential Customers,Low Risk,0.15,35.151111111111106,High Value,Medium,Use personalized promotions to increase customer engagement
14600.0,29,1,471.84,362,16.270344827586207,29,4,1,2,7,Potential Customers,Low Risk,0.15,15.728,Standard Value,Low,Use personalized promotions to increase customer engagement
14602.0,292,1,205.36,80,6.624516129032258,31,1,1,1,3,At Risk,High Risk,0.75,0.7008873720136519,Standard Value,High,Launch retention campaign and personalized offer
14604.0,269,1,143.86,88,6.254782608695653,20,1,1,1,3,At Risk,High Risk,0.75,0.5328148148148149,Standard Value,High,Launch retention campaign and personalized offer
14605.0,10,4,937.16,424,8.442882882882882,88,5,4,3,12,Loyal Customers,Low Risk,0.15,340.7854545454545,Very High Value,Medium,Provide premium rewards and exclusive offers
14606.0,2,102,18704.41000000019,9411,4.838181583031606,1086,5,5,5,15,Champions,Low Risk,0.15,635949.9400000065,Very High Value,Medium,Provide premium rewards and exclusive offers
14607.0,103,8,7568.129999999997,3819,61.52951219512193,76,2,5,5,12,Loyal Customers,High Risk,0.75,582.163846153846,Very High Value,High,Launch retention campaign and personalized offer
14608.0,15,7,1567.79,490,68.16478260869565,10,5,5,4,14,Champions,Low Risk,0.15,685.9081249999999,Very High Value,Medium,Provide premium rewards and exclusive offers
14609.0,26,6,884.64,5694,98.29333333333334,6,4,4,3,11,Loyal Customers,Low Risk,0.15,196.58666666666667,High Value,Medium,Maintain regular engagement and monitor customer activity
14610.0,31,2,24.350000000000005,15,2.4350000000000005,10,4,2,1,7,Potential Customers,Low Risk,0.15,1.5218750000000003,Standard Value,Low,Use personalized promotions to increase customer engagement
14611.0,79,2,604.3300000000002,582,15.903421052631582,37,2,2,3,7,Potential Customers,High Risk,0.75,15.108250000000004,Standard Value,High,Launch retention campaign and personalized offer
14612.0,51,1,877.6999999999998,134,62.69285714285713,14,3,1,3,7,Potential Customers,Low Risk,0.15,16.87884615384615,Standard Value,Low,Use personalized promotions to increase customer engagement
14613.0,316,1,76.32000000000001,72,76.32000000000001,1,1,1,1,3,At Risk,High Risk,0.75,0.24075709779179813,Standard Value,High,Launch retention campaign and personalized offer
14614.0,22,1,295.13,189,15.533157894736842,19,4,1,2,7,Potential Customers,Low Risk,0.15,12.831739130434782,Standard Value,Low,Use personalized promotions to increase customer engagement
14615.0,30,5,951.7600000000002,495,19.828333333333337,40,4,4,3,11,Loyal Customers,Low Risk,0.15,153.5096774193549,High Value,Medium,Maintain regular engagement and monitor customer activity
14616.0,21,2,121.7,66,60.85,2,4,2,1,7,Potential Customers,Low Risk,0.15,11.063636363636364,Standard Value,Low,Use personalized promotions to increase customer engagement
14617.0,38,2,190.47,81,21.16333333333333,7,3,2,1,6,At Risk,Low Risk,0.15,9.767692307692307,Standard Value,Low,Maintain regular engagement and monitor customer activity
14618.0,12,4,788.88,440,22.539428571428573,33,5,4,3,12,Loyal Customers,Low Risk,0.15,242.7323076923077,High Value,Medium,Maintain regular engagement and monitor customer activity
14619.0,177,1,896.8,442,22.42,40,1,1,3,5,At Risk,High Risk,0.75,5.038202247191011,Standard Value,High,Launch retention campaign and personalized offer
14621.0,147,4,1212.21,713,18.09268656716418,63,2,4,4,10,Loyal Customers,High Risk,0.75,32.76243243243243,High Value,High,Launch retention campaign and personalized offer
14623.0,16,5,1170.33,640,7.407151898734177,110,4,4,4,12,Loyal Customers,Low Risk,0.15,344.2147058823529,Very High Value,Medium,Provide premium rewards and exclusive offers
14624.0,51,4,588.2200000000001,483,15.47947368421053,30,3,4,3,10,Loyal Customers,Low Risk,0.15,45.24769230769232,High Value,Medium,Maintain regular engagement and monitor customer activity
14625.0,10,9,3598.2499999999973,1820,16.893192488262898,141,5,5,5,15,Champions,Low Risk,0.15,2944.0227272727248,Very High Value,Medium,Provide premium rewards and exclusive offers
14626.0,31,7,2619.65,1732,23.815,89,4,5,5,14,Champions,Low Risk,0.15,573.0484375,Very High Value,Medium,Provide premium rewards and exclusive offers
14627.0,15,1,462.75,284,15.95689655172414,29,5,1,2,8,Potential Customers,Low Risk,0.15,28.921875,Standard Value,Low,Use personalized promotions to increase customer engagement
14628.0,78,3,1326.0400000000006,875,21.38774193548388,52,2,3,4,9,Potential Customers,High Risk,0.75,50.35594936708863,High Value,High,Launch retention campaign and personalized offer
14630.0,120,1,338.65,111,16.126190476190477,21,2,1,2,5,At Risk,High Risk,0.75,2.7987603305785123,Standard Value,High,Launch retention campaign and personalized offer
14631.0,22,3,1018.7100000000004,785,20.37420000000001,39,4,3,4,11,Loyal Customers,Low Risk,0.15,132.8752173913044,High Value,Medium,Maintain regular engagement and monitor customer activity
14634.0,73,4,2124.4600000000005,1906,19.490458715596336,105,2,4,4,10,Loyal Customers,High Risk,0.75,114.8356756756757,High Value,High,Launch retention campaign and personalized offer
14635.0,89,1,215.22,118,14.348,15,2,1,1,4,At Risk,High Risk,0.75,2.3913333333333333,Standard Value,High,Launch retention campaign and personalized offer
14637.0,313,1,106.67999999999998,100,15.239999999999997,7,1,1,1,3,At Risk,High Risk,0.75,0.33974522292993625,Standard Value,High,Launch retention campaign and personalized offer
14639.0,44,3,1994.4700000000007,979,16.620583333333343,97,3,3,4,10,Loyal Customers,Low Risk,0.15,132.96466666666672,High Value,Medium,Maintain regular engagement and monitor customer activity
14640.0,45,4,1541.9799999999996,765,15.734489795918362,91,3,4,4,11,Loyal Customers,Low Risk,0.15,134.0852173913043,High Value,Medium,Maintain regular engagement and monitor customer activity
14643.0,253,3,986.0800000000002,562,31.809032258064523,28,1,3,3,7,Potential Customers,High Risk,0.75,11.646614173228349,Standard Value,High,Launch retention campaign and personalized offer
14644.0,50,5,1416.9599999999998,512,39.35999999999999,29,3,4,4,11,Loyal Customers,Low Risk,0.15,138.91764705882352,High Value,Medium,Maintain regular engagement and monitor customer activity
14645.0,270,1,279.79999999999995,206,15.544444444444444,18,1,1,2,4,At Risk,High Risk,0.75,1.032472324723247,Standard Value,High,Launch retention campaign and personalized offer
14646.0,10,78,248396.50000000052,170278,140.09954878736636,606,5,5,5,15,Champions,Low Risk,0.15,1761357.0000000037,Very High Value,Medium,Provide premium rewards and exclusive offers
14647.0,159,1,276.75,85,13.178571428571429,18,2,1,2,5,At Risk,High Risk,0.75,1.7296875,Standard Value,High,Launch retention campaign and personalized offer
14648.0,52,15,4546.859999999999,3326,9.993098901098898,286,3,5,5,13,Champions,Low Risk,0.15,1286.8471698113203,Very High Value,Medium,Provide premium rewards and exclusive offers
14649.0,18,5,2358.02,1446,6.321769436997319,270,4,4,5,13,Champions,Low Risk,0.15,620.5315789473684,Very High Value,Medium,Provide premium rewards and exclusive offers
14650.0,224,1,62.5,22,15.625,4,1,1,1,3,At Risk,High Risk,0.75,0.2777777777777778,Standard Value,High,Launch retention campaign and personalized offer
14651.0,30,7,1379.520000000001,542,7.416774193548392,146,4,5,4,13,Champions,Low Risk,0.15,311.5045161290325,Very High Value,Medium,Provide premium rewards and exclusive offers
14653.0,149,5,1666.989999999999,1026,11.187852348993284,132,2,4,4,10,Loyal Customers,High Risk,0.75,55.566333333333304,High Value,High,Launch retention campaign and personalized offer
14654.0,374,1,246.86,273,9.142962962962963,27,1,1,1,3,At Risk,High Risk,0.75,0.6582933333333334,Standard Value,High,Launch retention campaign and personalized offer
14655.0,24,3,1946.2800000000004,1252,36.04222222222223,48,4,3,4,11,Loyal Customers,Low Risk,0.15,233.55360000000005,High Value,Medium,Maintain regular engagement and monitor customer activity
14656.0,51,3,523.5999999999998,198,3.878518518518517,95,3,3,3,9,Potential Customers,Low Risk,0.15,30.207692307692295,Standard Value,Low,Use personalized promotions to increase customer engagement
14657.0,65,2,612.6500000000001,419,6.883707865168541,66,3,2,3,8,Potential Customers,High Risk,0.75,18.565151515151516,Standard Value,High,Launch retention campaign and personalized offer
14662.0,63,3,645.1599999999999,333,7.590117647058822,70,3,3,3,9,Potential Customers,High Risk,0.75,30.241874999999993,Standard Value,High,Launch retention campaign and personalized offer
14663.0,66,2,490.5999999999997,397,7.214705882352938,60,3,2,2,7,Potential Customers,High Risk,0.75,14.644776119402975,Standard Value,High,Launch retention campaign and personalized offer
14665.0,63,2,913.9500000000004,404,21.760714285714293,40,3,2,3,8,Potential Customers,High Risk,0.75,28.560937500000012,Standard Value,High,Launch retention campaign and personalized offer
14667.0,1,31,12685.940000000022,7625,16.078504435994958,392,5,5,5,15,Champions,Low Risk,0.15,196632.07000000036,Very High Value,Medium,Provide premium rewards and exclusive offers
14668.0,81,1,111.63,49,9.3025,10,2,1,1,4,At Risk,High Risk,0.75,1.3613414634146341,Standard Value,High,Launch retention campaign and personalized offer
14669.0,269,4,1973.9400000000005,1279,8.773066666666669,203,1,4,4,9,Potential Customers,High Risk,0.75,29.243555555555563,Standard Value,High,Launch retention campaign and personalized offer
14670.0,368,1,190.47,97,3.40125,56,1,1,1,3,At Risk,High Risk,0.75,0.5161788617886179,Standard Value,High,Launch retention campaign and personalized offer
14671.0,185,2,1127.45,571,20.49909090909091,48,1,2,4,7,Potential Customers,High Risk,0.75,12.123118279569892,Standard Value,High,Launch retention campaign and personalized offer
14672.0,151,2,347.59,192,7.724222222222222,38,2,2,2,6,At Risk,High Risk,0.75,4.573552631578947,Standard Value,High,Launch retention campaign and personalized offer
14673.0,3,3,1674.41,1031,18.81359550561798,65,5,3,4,12,Loyal Customers,Low Risk,0.15,1255.8075000000001,Very High Value,Medium,Provide premium rewards and exclusive offers
14674.0,145,1,173.66000000000005,103,12.404285714285717,14,2,1,1,4,At Risk,High Risk,0.75,1.1894520547945209,Standard Value,High,Launch retention campaign and personalized offer
14675.0,24,1,462.1500000000002,385,3.3489130434782624,114,4,1,2,7,Potential Customers,Low Risk,0.15,18.486000000000008,Standard Value,Low,Use personalized promotions to increase customer engagement
14676.0,30,6,5808.549999999999,6292,63.83021978021977,63,4,4,5,13,Champions,Low Risk,0.15,1124.2354838709675,Very High Value,Medium,Provide premium rewards and exclusive offers
14677.0,228,1,184.91,139,13.20785714285714,14,1,1,1,3,At Risk,High Risk,0.75,0.8074672489082969,Standard Value,High,Launch retention campaign and personalized offer
14678.0,215,1,403.39,179,16.807916666666667,24,1,1,2,4,At Risk,High Risk,0.75,1.8675462962962963,Standard Value,High,Launch retention campaign and personalized offer
14679.0,17,3,1289.44,794,20.467301587301588,49,4,3,4,11,Loyal Customers,Low Risk,0.15,214.90666666666667,High Value,Medium,Maintain regular engagement and monitor customer activity
14680.0,7,43,28658.66000000001,13888,27.716305609284348,205,5,5,5,15,Champions,Low Risk,0.15,154040.29750000004,Very High Value,Medium,Provide premium rewards and exclusive offers
14681.0,23,3,376.2000000000001,96,28.938461538461542,13,4,3,2,9,Potential Customers,Low Risk,0.15,47.02500000000001,High Value,Medium,Use personalized promotions to increase customer engagement
14682.0,64,4,1462.81,869,17.414404761904763,78,3,4,4,11,Loyal Customers,High Risk,0.75,90.01907692307692,High Value,High,Launch retention campaign and personalized offer
14683.0,224,1,146.56000000000003,386,6.979047619047621,21,1,1,1,3,At Risk,High Risk,0.75,0.6513777777777779,Standard Value,High,Launch retention campaign and personalized offer
14684.0,26,1,232.2699999999999,186,2.3701020408163256,94,4,1,1,6,At Risk,Low Risk,0.15,8.602592592592588,Standard Value,Low,Maintain regular engagement and monitor customer activity
14685.0,212,8,4619.790000000001,2012,23.69123076923077,109,1,5,5,11,Loyal Customers,High Risk,0.75,173.51323943661976,High Value,High,Launch retention campaign and personalized offer
14686.0,50,5,885.830000000001,475,3.769489361702132,185,3,4,3,10,Loyal Customers,Low Risk,0.15,86.84607843137265,High Value,Medium,Maintain regular engagement and monitor customer activity
14687.0,36,2,773.6800000000001,380,30.9472,23,4,2,3,9,Potential Customers,Low Risk,0.15,41.82054054054054,High Value,Medium,Use personalized promotions to increase customer engagement
14688.0,9,8,2082.7000000000016,1959,11.197311827956998,94,5,5,4,14,Champions,Low Risk,0.15,1666.1600000000012,Very High Value,Medium,Provide premium rewards and exclusive offers
14690.0,28,2,422.6299999999999,174,7.684181818181816,43,4,2,2,8,Potential Customers,Low Risk,0.15,29.14689655172413,Standard Value,Low,Use personalized promotions to increase customer engagement
14692.0,16,8,1153.5400000000002,640,12.142526315789476,60,4,5,4,13,Champions,Low Risk,0.15,542.8423529411766,Very High Value,Medium,Provide premium rewards and exclusive offers
14693.0,61,6,992.46,354,14.812835820895522,39,3,4,4,11,Loyal Customers,High Risk,0.75,96.04451612903226,High Value,High,Launch retention campaign and personalized offer
14694.0,253,1,244.31,193,16.287333333333333,15,1,1,1,3,At Risk,High Risk,0.75,0.9618503937007874,Standard Value,High,Launch retention campaign and personalized offer
14695.0,155,3,1620.0699999999997,678,18.83802325581395,76,2,3,4,9,Potential Customers,High Risk,0.75,31.155192307692303,Standard Value,High,Launch retention campaign and personalized offer
14696.0,9,2,688.95,521,16.40357142857143,41,5,3,3,11,Loyal Customers,Low Risk,0.15,137.79000000000002,High Value,Medium,Maintain regular engagement and monitor customer activity
14699.0,71,3,593.4699999999998,407,14.13023809523809,40,3,3,3,9,Potential Customers,High Risk,0.75,24.72791666666666,Standard Value,High,Launch retention campaign and personalized offer
14700.0,51,2,880.96,292,16.017454545454545,45,3,3,3,9,Potential Customers,Low Risk,0.15,33.88307692307693,High Value,Medium,Use personalized promotions to increase customer engagement
14701.0,78,6,2012.7200000000028,850,7.16270462633453,230,2,4,4,10,Loyal Customers,High Risk,0.75,152.86481012658248,High Value,High,Launch retention campaign and personalized offer
14702.0,1,13,3462.079999999997,1619,9.256898395721915,204,5,5,5,15,Champions,Low Risk,0.15,22503.519999999982,Very High Value,Medium,Provide premium rewards and exclusive offers
14704.0,60,2,266.6599999999999,127,3.9214705882352927,53,3,3,2,8,Potential Customers,High Risk,0.75,8.742950819672128,Standard Value,High,Launch retention campaign and personalized offer
14706.0,254,1,390.69,263,13.953214285714283,25,1,1,2,4,At Risk,High Risk,0.75,1.5321176470588236,Standard Value,High,Launch retention campaign and personalized offer
14707.0,71,2,139.2,96,69.6,1,3,3,1,7,Potential Customers,High Risk,0.75,3.8666666666666663,Standard Value,High,Launch retention campaign and personalized offer
14708.0,4,3,1085.91,888,43.43639999999999,14,5,3,4,12,Loyal Customers,Low Risk,0.15,651.546,Very High Value,Medium,Provide premium rewards and exclusive offers
14709.0,15,12,3965.29,1657,24.629130434782606,60,5,5,5,15,Champions,Low Risk,0.15,2973.9674999999997,Very High Value,Medium,Provide premium rewards and exclusive offers
14710.0,15,9,1316.460000000002,773,4.344752475247532,203,5,5,4,14,Champions,Low Risk,0.15,740.5087500000012,Very High Value,Medium,Provide premium rewards and exclusive offers
14712.0,54,1,411.0,96,58.71428571428572,7,3,1,2,6,At Risk,High Risk,0.75,7.472727272727273,Standard Value,High,Launch retention campaign and personalized offer
14713.0,1,11,2752.510000000002,1841,7.582672176308545,147,5,5,5,15,Champions,Low Risk,0.15,15138.805000000011,Very High Value,Medium,Provide premium rewards and exclusive offers
14714.0,43,3,746.05,413,8.988554216867469,59,3,3,3,9,Potential Customers,Low Risk,0.15,50.86704545454545,High Value,Medium,Use personalized promotions to increase customer engagement
14715.0,78,4,973.0700000000002,513,14.523432835820898,57,2,4,3,9,Potential Customers,High Risk,0.75,49.2693670886076,High Value,High,Launch retention campaign and personalized offer
14716.0,80,1,235.77,148,5.239333333333334,44,2,1,1,4,At Risk,High Risk,0.75,2.910740740740741,Standard Value,High,Launch retention campaign and personalized offer
14717.0,369,1,81.3,32,7.390909090909091,11,1,1,1,3,At Risk,High Risk,0.75,0.21972972972972973,Standard Value,High,Launch retention campaign and personalized offer
14718.0,46,1,226.42,202,20.58363636363637,11,3,1,1,5,At Risk,Low Risk,0.15,4.817446808510638,Standard Value,Low,Maintain regular engagement and monitor customer activity
14721.0,15,1,115.77,59,4.2877777777777775,24,5,1,1,7,Potential Customers,Low Risk,0.15,7.235625,Standard Value,Low,Use personalized promotions to increase customer engagement
14722.0,113,2,325.4500000000001,102,5.006923076923078,53,2,3,2,7,Potential Customers,High Risk,0.75,5.709649122807019,Standard Value,High,Launch retention campaign and personalized offer
14723.0,7,7,934.76,613,4.604729064039409,152,5,5,3,13,Champions,Low Risk,0.15,817.915,Very High Value,Medium,Provide premium rewards and exclusive offers
14724.0,226,1,345.25,187,8.029069767441861,40,1,1,2,4,At Risk,High Risk,0.75,1.5209251101321586,Standard Value,High,Launch retention campaign and personalized offer
14725.0,30,3,597.1599999999999,747,11.267169811320752,41,4,3,3,10,Loyal Customers,Low Risk,0.15,57.789677419354824,High Value,Medium,Maintain regular engagement and monitor customer activity
14726.0,290,1,124.75,91,6.565789473684211,15,1,1,1,3,At Risk,High Risk,0.75,0.42869415807560135,Standard Value,High,Launch retention campaign and personalized offer
14727.0,182,2,199.35,406,5.3878378378378375,33,1,3,1,5,At Risk,High Risk,0.75,2.178688524590164,Standard Value,High,Launch retention campaign and personalized offer
14728.0,49,1,190.58,68,13.61285714285714,14,3,1,1,5,At Risk,Low Risk,0.15,3.8116000000000003,Standard Value,Low,Maintain regular engagement and monitor customer activity
14729.0,9,3,593.8899999999999,377,4.334963503649634,126,5,3,3,11,Loyal Customers,Low Risk,0.15,178.16699999999997,High Value,Medium,Maintain regular engagement and monitor customer activity
14732.0,28,11,2814.580000000001,868,21.650615384615392,82,4,5,5,14,Champions,Low Risk,0.15,1067.599310344828,Very High Value,Medium,Provide premium rewards and exclusive offers
14733.0,3,4,6599.060000000002,2727,45.19904109589043,90,5,4,5,14,Champions,Low Risk,0.15,6599.060000000002,Very High Value,Medium,Provide premium rewards and exclusive offers
14734.0,61,4,1056.4199999999998,378,16.768571428571427,48,3,4,4,11,Loyal Customers,High Risk,0.75,68.15612903225805,High Value,High,Launch retention campaign and personalized offer
14735.0,24,24,6174.470000000001,2249,35.89808139534885,122,4,5,5,14,Champions,Low Risk,0.15,5927.491200000001,Very High Value,Medium,Provide premium rewards and exclusive offers
14736.0,121,2,401.08,164,4.0108,70,2,3,2,7,Potential Customers,High Risk,0.75,6.575081967213115,Standard Value,High,Launch retention campaign and personalized offer
14737.0,36,1,2389.62,726,85.34357142857142,28,4,1,5,10,Loyal Customers,Low Risk,0.15,64.58432432432433,High Value,Medium,Maintain regular engagement and monitor customer activity
14738.0,196,2,507.4499999999999,156,19.51730769230769,23,1,3,3,7,Potential Customers,High Risk,0.75,5.151776649746192,Standard Value,High,Launch retention campaign and personalized offer
14739.0,3,19,8385.22,6352,42.781734693877546,112,5,5,5,15,Champions,Low Risk,0.15,39829.795,Very High Value,Medium,Provide premium rewards and exclusive offers
14740.0,45,8,2712.8499999999985,1346,19.10457746478872,116,3,5,5,13,Champions,Low Risk,0.15,471.7999999999997,Very High Value,Medium,Provide premium rewards and exclusive offers
14741.0,8,2,497.25,279,19.125,23,5,3,2,10,Loyal Customers,Low Risk,0.15,110.5,High Value,Medium,Maintain regular engagement and monitor customer activity
14742.0,71,1,579.8499999999997,374,17.054411764705872,34,3,1,3,7,Potential Customers,High Risk,0.75,8.053472222222219,Standard Value,High,Launch retention campaign and personalized offer
14743.0,228,1,50.48,40,16.826666666666664,3,1,1,1,3,At Risk,High Risk,0.75,0.2204366812227074,Standard Value,High,Launch retention campaign and personalized offer
14744.0,2,8,2785.1000000000004,1920,29.316842105263163,45,5,5,5,15,Champions,Low Risk,0.15,7426.933333333334,Very High Value,Medium,Provide premium rewards and exclusive offers
14745.0,137,7,1351.5500000000006,939,18.771527777777788,39,2,5,4,11,Loyal Customers,High Risk,0.75,68.55688405797105,High Value,High,Launch retention campaign and personalized offer
14746.0,42,4,593.5,398,65.94444444444444,7,3,4,3,10,Loyal Customers,Low Risk,0.15,55.2093023255814,High Value,Medium,Maintain regular engagement and monitor customer activity
14748.0,4,7,1736.5700000000004,1529,17.025196078431378,77,5,5,4,14,Champions,Low Risk,0.15,2431.198000000001,Very High Value,Medium,Provide premium rewards and exclusive offers
14749.0,115,1,310.15,403,17.230555555555554,18,2,1,2,5,At Risk,High Risk,0.75,2.673706896551724,Standard Value,High,Launch retention campaign and personalized offer
14750.0,372,1,112.03000000000002,65,3.5009375000000005,32,1,1,1,3,At Risk,High Risk,0.75,0.30034852546916896,Standard Value,High,Launch retention campaign and personalized offer
14751.0,320,2,126.45000000000002,65,18.06428571428572,7,1,3,1,5,At Risk,High Risk,0.75,0.7878504672897197,Standard Value,High,Launch retention campaign and personalized offer
14753.0,96,1,306.36,201,17.02,18,2,1,2,5,At Risk,High Risk,0.75,3.1583505154639178,Standard Value,High,Launch retention campaign and personalized offer
14754.0,61,4,912.4300000000002,525,9.504479166666668,82,3,4,3,10,Loyal Customers,High Risk,0.75,58.86645161290324,High Value,High,Launch retention campaign and personalized offer
14755.0,17,14,4962.269999999995,2182,20.676124999999978,144,4,5,5,14,Champions,Low Risk,0.15,3859.5433333333294,Very High Value,Medium,Provide premium rewards and exclusive offers
14756.0,18,2,1914.8,1007,23.639506172839507,68,4,3,4,11,Loyal Customers,Low Risk,0.15,201.5578947368421,High Value,Medium,Maintain regular engagement and monitor customer activity
14758.0,32,3,1380.9100000000003,421,21.24476923076924,52,4,3,4,11,Loyal Customers,Low Risk,0.15,125.53727272727276,High Value,Medium,Maintain regular engagement and monitor customer activity
14761.0,80,1,192.02,88,14.770769230769227,13,2,1,1,4,At Risk,High Risk,0.75,2.3706172839506174,Standard Value,High,Launch retention campaign and personalized offer
14762.0,262,1,117.04999999999998,87,13.005555555555553,9,1,1,1,3,At Risk,High Risk,0.75,0.4450570342205323,Standard Value,High,Launch retention campaign and personalized offer
14766.0,2,6,4082.759999999998,2714,19.91590243902438,164,5,4,5,14,Champions,Low Risk,0.15,8165.519999999996,Very High Value,Medium,Provide premium rewards and exclusive offers
14767.0,110,1,382.81,117,21.26722222222222,18,2,1,2,5,At Risk,High Risk,0.75,3.4487387387387387,Standard Value,High,Launch retention campaign and personalized offer
14769.0,26,9,5097.129999999999,3819,15.17002976190476,252,4,5,5,14,Champions,Low Risk,0.15,1699.043333333333,Very High Value,Medium,Provide premium rewards and exclusive offers
14770.0,103,6,2761.22,1108,19.042896551724137,119,2,4,5,11,Loyal Customers,High Risk,0.75,159.30115384615385,High Value,High,Launch retention campaign and personalized offer
14771.0,257,2,594.6199999999999,622,12.651489361702126,46,1,3,3,7,Potential Customers,High Risk,0.75,4.609457364341084,Standard Value,High,Launch retention campaign and personalized offer
14773.0,228,1,140.55,53,14.055,10,1,1,1,3,At Risk,High Risk,0.75,0.6137554585152839,Standard Value,High,Launch retention campaign and personalized offer
14774.0,164,1,241.45,99,18.57307692307692,13,2,1,1,4,At Risk,High Risk,0.75,1.4633333333333334,Standard Value,High,Launch retention campaign and personalized offer
14775.0,8,1,406.56,384,20.328,20,5,1,2,8,Potential Customers,Low Risk,0.15,45.17333333333333,High Value,Medium,Use personalized promotions to increase customer engagement
14776.0,23,4,1170.0000000000005,1524,16.02739726027398,45,4,4,4,12,Loyal Customers,Low Risk,0.15,195.00000000000009,High Value,Medium,Maintain regular engagement and monitor customer activity
14777.0,39,1,307.55999999999995,212,19.2225,16,3,1,2,6,At Risk,Low Risk,0.15,7.688999999999998,Standard Value,Low,Maintain regular engagement and monitor customer activity
14783.0,295,1,307.3,262,18.076470588235296,17,1,1,2,4,At Risk,High Risk,0.75,1.0381756756756757,Standard Value,High,Launch retention campaign and personalized offer
14784.0,25,1,159.93999999999997,126,13.328333333333331,12,4,1,1,6,At Risk,Low Risk,0.15,6.15153846153846,Standard Value,Low,Maintain regular engagement and monitor customer activity
14786.0,186,1,90.96,112,12.994285714285716,7,1,1,1,3,At Risk,High Risk,0.75,0.4864171122994652,Standard Value,High,Launch retention campaign and personalized offer
14787.0,107,1,110.65,59,7.376666666666666,14,2,1,1,4,At Risk,High Risk,0.75,1.024537037037037,Standard Value,High,Launch retention campaign and personalized offer
14788.0,232,1,476.88,298,17.03142857142857,28,1,1,2,4,At Risk,High Risk,0.75,2.046695278969957,Standard Value,High,Launch retention campaign and personalized offer
14790.0,10,6,1781.5600000000002,1943,17.99555555555556,52,5,4,4,13,Champions,Low Risk,0.15,971.7600000000001,Very High Value,Medium,Provide premium rewards and exclusive offers
14791.0,242,1,303.63,127,15.980526315789474,19,1,1,2,4,At Risk,High Risk,0.75,1.249506172839506,Standard Value,High,Launch retention campaign and personalized offer
14793.0,171,1,396.91,270,15.8764,25,2,1,2,5,At Risk,High Risk,0.75,2.3076162790697676,Standard Value,High,Launch retention campaign and personalized offer
14794.0,38,3,633.9900000000001,110,26.416250000000005,23,3,3,3,9,Potential Customers,Low Risk,0.15,48.768461538461544,High Value,Medium,Use personalized promotions to increase customer engagement
14796.0,2,11,2867.1500000000024,1628,6.959101941747578,195,5,5,5,15,Champions,Low Risk,0.15,10512.883333333342,Very High Value,Medium,Provide premium rewards and exclusive offers
14797.0,143,1,300.31,99,18.769375,16,2,1,2,5,At Risk,High Risk,0.75,2.085486111111111,Standard Value,High,Launch retention campaign and personalized offer
14798.0,17,5,550.57,451,14.880270270270271,22,4,4,3,11,Loyal Customers,Low Risk,0.15,152.93611111111113,High Value,Medium,Maintain regular engagement and monitor customer activity
14799.0,373,1,180.45,349,18.045,10,1,1,1,3,At Risk,High Risk,0.75,0.4824866310160428,Standard Value,High,Launch retention campaign and personalized offer
14800.0,5,6,3434.5799999999995,3312,12.67372693726937,175,5,4,5,14,Champions,Low Risk,0.15,3434.5799999999995,Very High Value,Medium,Provide premium rewards and exclusive offers
14802.0,74,2,1502.98,2,751.49,1,2,3,4,9,Potential Customers,High Risk,0.75,40.07946666666667,High Value,High,Launch retention campaign and personalized offer
14805.0,40,3,549.9899999999999,306,6.470470588235293,72,3,3,3,9,Potential Customers,Low Risk,0.15,40.24317073170731,High Value,Medium,Use personalized promotions to increase customer engagement
14806.0,75,1,110.04,93,12.226666666666668,9,2,1,1,4,At Risk,High Risk,0.75,1.4478947368421053,Standard Value,High,Launch retention campaign and personalized offer
14807.0,26,2,519.29,247,12.98225,37,4,3,3,10,Loyal Customers,Low Risk,0.15,38.46592592592592,High Value,Medium,Maintain regular engagement and monitor customer activity
14809.0,257,2,686.7600000000001,232,38.153333333333336,18,1,3,3,7,Potential Customers,High Risk,0.75,5.323720930232559,Standard Value,High,Launch retention campaign and personalized offer
14810.0,5,3,449.13999999999993,231,6.4162857142857135,51,5,3,2,10,Loyal Customers,Low Risk,0.15,224.56999999999996,High Value,Medium,Maintain regular engagement and monitor customer activity
14811.0,23,1,170.50000000000006,74,6.089285714285716,28,4,1,1,6,At Risk,Low Risk,0.15,7.104166666666669,Standard Value,Low,Maintain regular engagement and monitor customer activity
14812.0,234,1,185.80000000000004,136,5.021621621621622,36,1,1,1,3,At Risk,High Risk,0.75,0.7906382978723406,Standard Value,High,Launch retention campaign and personalized offer
14813.0,5,4,935.4400000000004,407,6.363537414965989,110,5,4,3,12,Loyal Customers,Low Risk,0.15,623.6266666666669,Very High Value,Medium,Provide premium rewards and exclusive offers
14814.0,217,1,160.46,96,5.014375,28,1,1,1,3,At Risk,High Risk,0.75,0.7360550458715597,Standard Value,High,Launch retention campaign and personalized offer
14817.0,31,5,2849.519999999998,1807,17.062994011976038,107,4,4,5,13,Champions,Low Risk,0.15,445.2374999999997,Very High Value,Medium,Provide premium rewards and exclusive offers
14818.0,94,3,512.6099999999999,222,8.68830508474576,52,2,3,3,8,Potential Customers,High Risk,0.75,16.187684210526314,Standard Value,High,Launch retention campaign and personalized offer
14819.0,130,2,198.09,64,4.502045454545455,40,2,3,1,6,At Risk,High Risk,0.75,3.0242748091603056,Standard Value,High,Launch retention campaign and personalized offer
14820.0,16,5,767.47,471,21.927714285714288,31,4,4,3,11,Loyal Customers,Low Risk,0.15,225.72647058823532,High Value,Medium,Maintain regular engagement and monitor customer activity
14821.0,2,7,1237.6500000000003,465,17.68071428571429,65,5,5,4,14,Champions,Low Risk,0.15,2887.850000000001,Very High Value,Medium,Provide premium rewards and exclusive offers
14822.0,121,1,157.70000000000002,94,17.522222222222226,9,2,1,1,4,At Risk,High Risk,0.75,1.2926229508196723,Standard Value,High,Launch retention campaign and personalized offer
14824.0,15,6,2895.1999999999985,1429,22.443410852713168,76,5,4,5,14,Champions,Low Risk,0.15,1085.6999999999994,Very High Value,Medium,Provide premium rewards and exclusive offers
14825.0,4,13,2698.1699999999983,1857,14.276031746031736,129,5,5,5,15,Champions,Low Risk,0.15,7015.241999999996,Very High Value,Medium,Provide premium rewards and exclusive offers
14826.0,217,2,385.2,152,38.52,10,1,3,2,6,At Risk,High Risk,0.75,3.5339449541284402,Standard Value,High,Launch retention campaign and personalized offer
14828.0,24,10,7699.699999999999,7546,91.66309523809522,65,4,5,5,14,Champions,Low Risk,0.15,3079.879999999999,Very High Value,Medium,Provide premium rewards and exclusive offers
14829.0,8,4,995.2899999999998,695,14.636617647058822,61,5,4,4,13,Champions,Low Risk,0.15,442.35111111111104,Very High Value,Medium,Provide premium rewards and exclusive offers
14831.0,316,3,1676.5699999999997,885,20.445975609756093,67,1,3,4,8,Potential Customers,High Risk,0.75,15.866593059936905,Standard Value,High,Launch retention campaign and personalized offer
14832.0,266,1,322.69,1,322.69,1,1,1,2,4,At Risk,High Risk,0.75,1.2085767790262172,Standard Value,High,Launch retention campaign and personalized offer
14833.0,134,1,94.8,58,13.542857142857144,7,2,1,1,4,At Risk,High Risk,0.75,0.7022222222222222,Standard Value,High,Launch retention campaign and personalized offer
14834.0,43,1,485.86,138,24.293,20,3,1,2,6,At Risk,Low Risk,0.15,11.042272727272728,Standard Value,Low,Maintain regular engagement and monitor customer activity
14835.0,164,2,297.0,180,148.5,1,2,3,2,7,Potential Customers,High Risk,0.75,3.6,Standard Value,High,Launch retention campaign and personalized offer
14837.0,78,5,1810.82,1594,17.92891089108911,91,2,4,4,10,Loyal Customers,High Risk,0.75,114.60886075949368,High Value,High,Launch retention campaign and personalized offer
14838.0,59,2,773.67,362,10.896760563380282,69,3,3,3,9,Potential Customers,High Risk,0.75,25.788999999999998,Standard Value,High,Launch retention campaign and personalized offer
14839.0,54,3,915.28,927,12.36864864864865,61,3,3,3,9,Potential Customers,High Risk,0.75,49.92436363636364,High Value,High,Launch retention campaign and personalized offer
14840.0,175,1,299.86,148,16.658888888888885,18,2,1,2,5,At Risk,High Risk,0.75,1.70375,Standard Value,High,Launch retention campaign and personalized offer
14841.0,10,8,3867.240000000001,2386,23.871851851851854,129,5,5,5,15,Champions,Low Risk,0.15,2812.5381818181827,Very High Value,Medium,Provide premium rewards and exclusive offers
14843.0,72,1,211.79999999999995,132,23.533333333333328,9,2,1,1,4,At Risk,High Risk,0.75,2.901369863013698,Standard Value,High,Launch retention campaign and personalized offer
14844.0,66,6,3512.62,2536,23.89537414965986,98,3,5,5,13,Champions,High Risk,0.75,314.5629850746269,Very High Value,High,Launch retention campaign and personalized offer
14845.0,235,1,150.0,600,150.0,1,1,1,1,3,At Risk,High Risk,0.75,0.635593220338983,Standard Value,High,Launch retention campaign and personalized offer
14846.0,63,1,437.4,193,36.45,12,3,1,2,6,At Risk,High Risk,0.75,6.834375,Standard Value,High,Launch retention campaign and personalized offer
14847.0,43,2,1039.55,413,21.21530612244898,47,3,3,4,10,Loyal Customers,Low Risk,0.15,47.252272727272725,High Value,Medium,Maintain regular engagement and monitor customer activity
14848.0,40,1,310.56,260,28.232727272727274,11,3,1,2,6,At Risk,Low Risk,0.15,7.574634146341463,Standard Value,Low,Maintain regular engagement and monitor customer activity
14849.0,9,21,7832.909999999986,6332,21.34307901907353,182,5,5,5,15,Champions,Low Risk,0.15,16449.11099999997,Very High Value,Medium,Provide premium rewards and exclusive offers
14850.0,53,6,1468.2600000000016,1115,8.157000000000009,120,3,5,4,12,Loyal Customers,Low Risk,0.15,163.14000000000016,High Value,Medium,Maintain regular engagement and monitor customer activity
14851.0,266,1,318.06,306,22.71857142857143,14,1,1,2,4,At Risk,High Risk,0.75,1.1912359550561797,Standard Value,High,Launch retention campaign and personalized offer
14852.0,60,12,3310.489999999998,2624,19.82329341317364,73,3,5,5,13,Champions,High Risk,0.75,651.2439344262291,Very High Value,High,Launch retention campaign and personalized offer
14853.0,59,3,901.07,263,40.95772727272728,19,3,3,3,9,Potential Customers,High Risk,0.75,45.0535,High Value,High,Launch retention campaign and personalized offer
14854.0,26,4,1563.03,1167,17.761704545454545,75,4,4,4,12,Loyal Customers,Low Risk,0.15,231.56,High Value,Medium,Maintain regular engagement and monitor customer activity
14855.0,110,5,5874.650000000001,3243,31.415240641711232,156,2,4,5,11,Loyal Customers,High Risk,0.75,264.6238738738739,High Value,High,Launch retention campaign and personalized offer
14857.0,78,5,2478.731,1617,16.200856209150324,125,2,4,5,11,Loyal Customers,High Risk,0.75,156.8817088607595,High Value,High,Launch retention campaign and personalized offer
14858.0,141,1,180.75,105,16.431818181818183,11,2,1,1,4,At Risk,High Risk,0.75,1.272887323943662,Standard Value,High,Launch retention campaign and personalized offer
14859.0,190,1,351.9,217,43.9875,8,1,1,2,4,At Risk,High Risk,0.75,1.8424083769633506,Standard Value,High,Launch retention campaign and personalized offer
14861.0,16,9,1254.9400000000005,959,15.686750000000004,58,4,5,4,13,Champions,Low Risk,0.15,664.3800000000002,Very High Value,Medium,Provide premium rewards and exclusive offers
14865.0,8,3,77.52000000000001,192,15.504,3,5,3,1,9,Potential Customers,Low Risk,0.15,25.840000000000003,Standard Value,Low,Use personalized promotions to increase customer engagement
14866.0,2,8,6460.32,2481,170.00842105263158,13,5,5,5,15,Champions,Low Risk,0.15,17227.52,Very High Value,Medium,Provide premium rewards and exclusive offers
14867.0,31,13,2241.780000000001,668,22.195841584158423,53,4,5,5,14,Champions,Low Risk,0.15,910.7231250000004,Very High Value,Medium,Provide premium rewards and exclusive offers
14868.0,16,4,1230.4200000000003,825,18.364477611940305,56,4,4,4,12,Loyal Customers,Low Risk,0.15,289.51058823529416,High Value,Medium,Maintain regular engagement and monitor customer activity
14869.0,24,4,2078.5399999999995,1588,11.611955307262567,136,4,4,4,12,Loyal Customers,Low Risk,0.15,332.56639999999993,Very High Value,Medium,Provide premium rewards and exclusive offers
14870.0,49,5,1511.7000000000005,364,29.07115384615385,34,3,4,4,11,Loyal Customers,Low Risk,0.15,151.17000000000004,High Value,Medium,Maintain regular engagement and monitor customer activity
14871.0,129,5,736.5899999999999,269,7.15135922330097,73,2,4,3,9,Potential Customers,High Risk,0.75,28.330384615384613,Standard Value,High,Launch retention campaign and personalized offer
14872.0,119,3,816.6,662,18.990697674418605,34,2,3,3,8,Potential Customers,High Risk,0.75,20.415000000000003,Standard Value,High,Launch retention campaign and personalized offer
14873.0,269,1,334.45000000000005,143,15.92619047619048,21,1,1,2,4,At Risk,High Risk,0.75,1.2387037037037039,Standard Value,High,Launch retention campaign and personalized offer
14874.0,171,1,116.18,148,19.363333333333333,6,2,1,1,4,At Risk,High Risk,0.75,0.6754651162790698,Standard Value,High,Launch retention campaign and personalized offer
14875.0,77,1,1397.08,774,33.26380952380952,42,2,1,4,7,Potential Customers,High Risk,0.75,17.91128205128205,Standard Value,High,Launch retention campaign and personalized offer
14876.0,157,2,256.70000000000005,162,19.74615384615385,12,2,3,2,7,Potential Customers,High Risk,0.75,3.2493670886075954,Standard Value,High,Launch retention campaign and personalized offer
14877.0,54,2,436.9999999999999,171,6.621212121212119,57,3,3,2,8,Potential Customers,High Risk,0.75,15.890909090909087,Standard Value,High,Launch retention campaign and personalized offer
14878.0,12,16,2619.700000000001,1630,10.35454545454546,122,5,5,5,15,Champions,Low Risk,0.15,3224.2461538461553,Very High Value,Medium,Provide premium rewards and exclusive offers
14879.0,320,1,185.06000000000003,104,6.854074074074076,27,1,1,1,3,At Risk,High Risk,0.75,0.5765109034267913,Standard Value,High,Launch retention campaign and personalized offer
14882.0,26,12,3038.4500000000003,1482,53.3061403508772,31,4,5,5,14,Champions,Low Risk,0.15,1350.4222222222222,Very High Value,Medium,Provide premium rewards and exclusive offers
14884.0,305,1,120.6,72,15.075,8,1,1,1,3,At Risk,High Risk,0.75,0.3941176470588235,Standard Value,High,Launch retention campaign and personalized offer
14885.0,63,2,832.8,584,52.05,16,3,3,3,9,Potential Customers,High Risk,0.75,26.025,Standard Value,High,Launch retention campaign and personalized offer
14890.0,254,2,691.5999999999999,585,13.832,49,1,3,3,7,Potential Customers,High Risk,0.75,5.424313725490196,Standard Value,High,Launch retention campaign and personalized offer
14891.0,52,2,552.3499999999999,283,18.411666666666665,29,3,3,3,9,Potential Customers,Low Risk,0.15,20.84339622641509,Standard Value,Low,Use personalized promotions to increase customer engagement
14892.0,326,1,202.35,79,15.565384615384618,13,1,1,1,3,At Risk,High Risk,0.75,0.6188073394495412,Standard Value,High,Launch retention campaign and personalized offer
14893.0,253,1,571.76,248,17.326060606060604,33,1,1,3,5,At Risk,High Risk,0.75,2.251023622047244,Standard Value,High,Launch retention campaign and personalized offer
14894.0,79,2,837.0600000000001,338,36.39391304347826,23,2,3,3,8,Potential Customers,High Risk,0.75,20.9265,Standard Value,High,Launch retention campaign and personalized offer
14895.0,19,18,13980.830000000013,5863,34.77818407960202,265,4,5,5,14,Champions,Low Risk,0.15,12582.747000000012,Very High Value,Medium,Provide premium rewards and exclusive offers
14896.0,1,7,1623.6500000000003,838,6.654303278688527,140,5,5,4,14,Champions,Low Risk,0.15,5682.7750000000015,Very High Value,Medium,Provide premium rewards and exclusive offers
14897.0,45,4,1774.1599999999996,694,24.641111111111105,61,3,4,4,11,Loyal Customers,Low Risk,0.15,154.27478260869563,High Value,Medium,Maintain regular engagement and monitor customer activity
14898.0,7,9,2204.290000000001,1227,11.724946808510644,124,5,5,5,15,Champions,Low Risk,0.15,2479.826250000001,Very High Value,Medium,Provide premium rewards and exclusive offers
14899.0,31,1,1384.88,586,10.108613138686133,126,4,1,4,9,Potential Customers,Low Risk,0.15,43.2775,High Value,Medium,Use personalized promotions to increase customer engagement
14900.0,158,1,13.919999999999998,48,13.919999999999998,1,2,1,1,4,At Risk,High Risk,0.75,0.08754716981132074,Standard Value,High,Launch retention campaign and personalized offer
14901.0,2,5,868.3599999999998,392,12.230422535211265,60,5,4,3,12,Loyal Customers,Low Risk,0.15,1447.2666666666664,Very High Value,Medium,Provide premium rewards and exclusive offers
14902.0,31,2,702.9600000000002,498,18.024615384615387,34,4,3,3,10,Loyal Customers,Low Risk,0.15,43.93500000000001,High Value,Medium,Maintain regular engagement and monitor customer activity
14904.0,44,2,615.2,564,8.202666666666667,62,3,3,3,9,Potential Customers,Low Risk,0.15,27.342222222222226,Standard Value,Low,Use personalized promotions to increase customer engagement
14905.0,10,6,1355.24,722,22.21704918032787,39,5,5,4,14,Champions,Low Risk,0.15,739.2218181818182,Very High Value,Medium,Provide premium rewards and exclusive offers
14906.0,81,1,68.44,1,68.44,1,2,1,1,4,At Risk,High Risk,0.75,0.8346341463414634,Standard Value,High,Launch retention campaign and personalized offer
14907.0,3,10,2664.6900000000005,1126,20.341145038167944,79,5,5,5,15,Champions,Low Risk,0.15,6661.725000000001,Very High Value,Medium,Provide premium rewards and exclusive offers
14908.0,99,1,104.1,50,20.82,5,2,1,1,4,At Risk,High Risk,0.75,1.041,Standard Value,High,Launch retention campaign and personalized offer
14909.0,73,3,1404.6800000000007,888,17.55850000000001,61,2,3,4,9,Potential Customers,High Risk,0.75,56.94648648648652,High Value,High,Launch retention campaign and personalized offer
14911.0,1,205,152147.5699999996,69722,27.31554219030513,1741,5,5,5,15,Champions,Low Risk,0.15,15595125.92499996,Very High Value,Medium,Provide premium rewards and exclusive offers
14912.0,37,4,1021.4,848,28.37222222222222,28,3,4,4,11,Loyal Customers,Low Risk,0.15,107.51578947368421,High Value,Medium,Maintain regular engagement and monitor customer activity
14913.0,24,4,2845.699999999996,2212,17.785624999999975,124,4,4,5,13,Champions,Low Risk,0.15,455.3119999999994,Very High Value,Medium,Provide premium rewards and exclusive offers
14915.0,11,9,1503.7700000000002,595,19.27910256410257,56,5,5,4,14,Champions,Low Risk,0.15,1127.8275,Very High Value,Medium,Provide premium rewards and exclusive offers
14916.0,67,4,1773.97,1279,31.122280701754388,52,3,4,4,11,Loyal Customers,High Risk,0.75,104.35117647058824,High Value,High,Launch retention campaign and personalized offer
14917.0,232,2,1123.75,891,38.75,29,1,3,4,8,Potential Customers,High Risk,0.75,9.645922746781116,Standard Value,High,Launch retention campaign and personalized offer
14918.0,40,7,4345.66,1876,45.267291666666665,64,3,5,5,13,Champions,Low Risk,0.15,741.9419512195121,Very High Value,Medium,Provide premium rewards and exclusive offers
14919.0,175,1,359.35,129,27.64230769230769,13,2,1,2,5,At Risk,High Risk,0.75,2.041761363636364,Standard Value,High,Launch retention campaign and personalized offer
14920.0,201,1,629.4000000000001,377,15.735000000000005,40,1,1,3,5,At Risk,High Risk,0.75,3.1158415841584164,Standard Value,High,Launch retention campaign and personalized offer
14922.0,29,2,843.7400000000004,376,16.874800000000008,49,4,3,3,10,Loyal Customers,Low Risk,0.15,56.249333333333354,High Value,Medium,Maintain regular engagement and monitor customer activity
14924.0,246,2,620.9600000000002,248,29.56952380952381,20,1,3,3,7,Potential Customers,High Risk,0.75,5.028016194331985,Standard Value,High,Launch retention campaign and personalized offer
14926.0,17,2,359.4,204,119.8,2,4,3,2,9,Potential Customers,Low Risk,0.15,39.93333333333333,High Value,Medium,Use personalized promotions to increase customer engagement
14927.0,32,1,308.19999999999993,196,15.409999999999997,20,4,1,2,7,Potential Customers,Low Risk,0.15,9.339393939393938,Standard Value,Low,Use personalized promotions to increase customer engagement
14928.0,263,1,223.91,268,10.662380952380952,21,1,1,1,3,At Risk,High Risk,0.75,0.8481439393939394,Standard Value,High,Launch retention campaign and personalized offer
14929.0,57,1,612.8100000000001,351,26.643913043478264,23,3,1,3,7,Potential Customers,High Risk,0.75,10.565689655172415,Standard Value,High,Launch retention campaign and personalized offer
14930.0,106,3,2873.7700000000004,1033,19.031589403973516,129,2,3,5,10,Loyal Customers,High Risk,0.75,80.57299065420563,High Value,High,Launch retention campaign and personalized offer
14932.0,1,2,666.1299999999999,257,20.8165625,29,5,3,3,11,Loyal Customers,Low Risk,0.15,666.1299999999999,Very High Value,Medium,Provide premium rewards and exclusive offers
14933.0,79,4,1770.0,600,442.5,1,2,4,4,10,Loyal Customers,High Risk,0.75,88.5,High Value,High,Launch retention campaign and personalized offer
14934.0,14,3,1612.5600000000002,1058,16.454693877551023,66,5,3,4,12,Loyal Customers,Low Risk,0.15,322.512,Very High Value,Medium,Provide premium rewards and exclusive offers
14935.0,255,1,1065.1199999999997,996,66.56999999999998,16,1,1,4,6,At Risk,High Risk,0.75,4.160624999999999,Standard Value,High,Launch retention campaign and personalized offer
14936.0,26,4,4273.789999999997,2189,26.21957055214722,129,4,4,5,13,Champions,Low Risk,0.15,633.1540740740737,Very High Value,Medium,Provide premium rewards and exclusive offers
14938.0,198,2,2322.4300000000003,1369,32.710281690140846,71,1,3,5,9,Potential Customers,High Risk,0.75,23.341005025125632,Standard Value,High,Launch retention campaign and personalized offer
14940.0,53,2,531.4899999999999,384,16.609062499999997,32,3,3,3,9,Potential Customers,Low Risk,0.15,19.68481481481481,Standard Value,Low,Use personalized promotions to increase customer engagement
14941.0,214,1,182.1,80,26.01428571428571,7,1,1,1,3,At Risk,High Risk,0.75,0.8469767441860465,Standard Value,High,Launch retention campaign and personalized offer
14942.0,37,4,746.5600000000001,354,39.29263157894737,12,3,4,3,10,Loyal Customers,Low Risk,0.15,78.58526315789474,High Value,Medium,Maintain regular engagement and monitor customer activity
14943.0,299,1,107.62,46,21.524,5,1,1,1,3,At Risk,High Risk,0.75,0.35873333333333335,Standard Value,High,Launch retention campaign and personalized offer
14944.0,25,7,3884.42,2049,29.20616541353383,110,4,5,5,14,Champions,Low Risk,0.15,1045.8053846153848,Very High Value,Medium,Provide premium rewards and exclusive offers
14945.0,49,1,179.39999999999998,156,16.30909090909091,11,3,1,1,5,At Risk,Low Risk,0.15,3.5879999999999996,Standard Value,Low,Maintain regular engagement and monitor customer activity
14947.0,24,4,758.97,237,18.97425,37,4,4,3,11,Loyal Customers,Low Risk,0.15,121.43520000000001,High Value,Medium,Maintain regular engagement and monitor customer activity
14949.0,105,4,515.0,250,19.074074074074076,16,2,4,3,9,Potential Customers,High Risk,0.75,19.433962264150942,Standard Value,High,Launch retention campaign and personalized offer
14952.0,32,21,9529.859999999995,3622,56.38970414201181,141,4,5,5,14,Champions,Low Risk,0.15,6064.456363636361,Very High Value,Medium,Provide premium rewards and exclusive offers
14953.0,54,3,723.9499999999996,803,3.5487745098039194,153,3,3,3,9,Potential Customers,High Risk,0.75,39.48818181818179,High Value,High,Launch retention campaign and personalized offer
14954.0,339,1,167.27000000000004,92,4.079756097560977,41,1,1,1,3,At Risk,High Risk,0.75,0.4919705882352942,Standard Value,High,Launch retention campaign and personalized offer
14955.0,368,1,163.76999999999998,74,5.282903225806451,30,1,1,1,3,At Risk,High Risk,0.75,0.4438211382113821,Standard Value,High,Launch retention campaign and personalized offer
14956.0,57,1,1325.0,2500,331.25,4,3,1,4,8,Potential Customers,High Risk,0.75,22.844827586206897,Standard Value,High,Launch retention campaign and personalized offer
14957.0,280,1,274.79999999999995,71,16.164705882352937,15,1,1,2,4,At Risk,High Risk,0.75,0.977935943060498,Standard Value,High,Launch retention campaign and personalized offer
14958.0,231,3,458.25999999999993,120,15.27533333333333,26,1,3,2,6,At Risk,High Risk,0.75,5.9257758620689645,Standard Value,High,Launch retention campaign and personalized offer
14961.0,15,13,9365.469999999988,4664,26.160530726256948,212,5,5,5,15,Champions,Low Risk,0.15,7609.444374999991,Very High Value,Medium,Provide premium rewards and exclusive offers
14962.0,175,3,240.21,79,26.69,9,2,3,1,6,At Risk,High Risk,0.75,4.094488636363637,Standard Value,High,Launch retention campaign and personalized offer
14963.0,15,7,1676.680000000002,1141,5.683661016949159,193,5,5,4,14,Champions,Low Risk,0.15,733.5475000000009,Very High Value,Medium,Provide premium rewards and exclusive offers
14966.0,23,5,924.5200000000004,911,7.57803278688525,93,4,4,3,11,Loyal Customers,Low Risk,0.15,192.60833333333343,High Value,Medium,Maintain regular engagement and monitor customer activity
14967.0,77,5,1518.8100000000002,512,66.03521739130436,19,2,4,4,10,Loyal Customers,High Risk,0.75,97.3596153846154,High Value,High,Launch retention campaign and personalized offer
14968.0,94,1,357.4,131,7.445833333333333,47,2,1,2,5,At Risk,High Risk,0.75,3.7621052631578946,Standard Value,High,Launch retention campaign and personalized offer
14969.0,339,1,906.23,665,69.71000000000001,13,1,1,3,5,At Risk,High Risk,0.75,2.6653823529411764,Standard Value,High,Launch retention campaign and personalized offer
14970.0,45,8,3327.2900000000004,732,42.11759493670887,54,3,5,5,13,Champions,Low Risk,0.15,578.6591304347827,Very High Value,Medium,Provide premium rewards and exclusive offers
14972.0,17,1,30.300000000000004,12,15.150000000000002,2,4,1,1,6,At Risk,Low Risk,0.15,1.6833333333333336,Standard Value,Low,Maintain regular engagement and monitor customer activity
14975.0,57,1,192.45,127,12.83,15,3,1,1,5,At Risk,High Risk,0.75,3.318103448275862,Standard Value,High,Launch retention campaign and personalized offer
14977.0,361,1,31.93,17,7.982499999999999,4,1,1,1,3,At Risk,High Risk,0.75,0.08820441988950276,Standard Value,High,Launch retention campaign and personalized offer
14978.0,66,5,1210.7200000000007,215,15.723636363636372,56,3,4,4,11,Loyal Customers,High Risk,0.75,90.3522388059702,High Value,High,Launch retention campaign and personalized offer
14979.0,371,1,439.4599999999999,213,8.291698113207545,42,1,1,2,4,At Risk,High Risk,0.75,1.1813440860215052,Standard Value,High,Launch retention campaign and personalized offer
14980.0,373,1,150.68,79,6.278333333333333,24,1,1,1,3,At Risk,High Risk,0.75,0.40288770053475936,Standard Value,High,Launch retention campaign and personalized offer
14981.0,59,1,270.8,144,19.342857142857145,14,3,1,2,6,At Risk,High Risk,0.75,4.513333333333334,Standard Value,High,Launch retention campaign and personalized offer
14982.0,208,1,237.78,125,6.096923076923077,39,1,1,1,3,At Risk,High Risk,0.75,1.1377033492822965,Standard Value,High,Launch retention campaign and personalized offer
14983.0,325,1,183.2000000000001,90,6.10666666666667,30,1,1,1,3,At Risk,High Risk,0.75,0.5619631901840494,Standard Value,High,Launch retention campaign and personalized offer
14984.0,24,4,1058.14,290,70.54266666666668,11,4,4,4,12,Loyal Customers,Low Risk,0.15,169.3024,High Value,Medium,Maintain regular engagement and monitor customer activity
14986.0,12,2,566.9000000000002,342,5.669000000000002,87,5,3,3,11,Loyal Customers,Low Risk,0.15,87.21538461538465,High Value,Medium,Maintain regular engagement and monitor customer activity
14987.0,1,7,1387.45,543,106.72692307692309,4,5,5,4,14,Champions,Low Risk,0.15,4856.075,Very High Value,Medium,Provide premium rewards and exclusive offers
14988.0,16,6,1732.0599999999995,1135,8.49049019607843,140,4,5,4,13,Champions,Low Risk,0.15,611.3152941176469,Very High Value,Medium,Provide premium rewards and exclusive offers
14989.0,297,1,342.40000000000003,200,19.022222222222226,18,1,1,2,4,At Risk,High Risk,0.75,1.1489932885906042,Standard Value,High,Launch retention campaign and personalized offer
14990.0,248,2,305.42,130,7.102790697674419,41,1,3,2,6,At Risk,High Risk,0.75,2.4531726907630524,Standard Value,High,Launch retention campaign and personalized offer
14991.0,66,1,314.67,191,14.984285714285711,21,3,1,2,6,At Risk,High Risk,0.75,4.696567164179105,Standard Value,High,Launch retention campaign and personalized offer
14992.0,78,1,210.5,145,7.796296296296295,27,2,1,1,4,At Risk,High Risk,0.75,2.6645569620253164,Standard Value,High,Launch retention campaign and personalized offer
14993.0,199,1,36.13,21,3.613,9,1,1,1,3,At Risk,High Risk,0.75,0.18065,Standard Value,High,Launch retention campaign and personalized offer
14994.0,18,5,960.630000000001,577,3.0988064516129064,233,4,4,3,11,Loyal Customers,Low Risk,0.15,252.7973684210529,High Value,Medium,Maintain regular engagement and monitor customer activity
14996.0,117,2,442.2900000000001,404,10.787560975609756,37,2,3,2,7,Potential Customers,High Risk,0.75,7.496440677966103,Standard Value,High,Launch retention campaign and personalized offer
14997.0,291,1,230.4,288,19.2,12,1,1,1,3,At Risk,High Risk,0.75,0.7890410958904109,Standard Value,High,Launch retention campaign and personalized offer
14998.0,64,2,340.86000000000007,97,6.5550000000000015,49,3,3,2,8,Potential Customers,High Risk,0.75,10.488000000000001,Standard Value,High,Launch retention campaign and personalized offer
14999.0,228,1,129.48,88,14.386666666666663,9,1,1,1,3,At Risk,High Risk,0.75,0.565414847161572,Standard Value,High,Launch retention campaign and personalized offer
15001.0,30,2,230.86,81,4.275185185185184,44,4,3,1,8,Potential Customers,Low Risk,0.15,14.894193548387097,Standard Value,Low,Use personalized promotions to increase customer engagement
15002.0,3,6,3175.519999999999,1656,12.453019607843132,172,5,5,5,15,Champions,Low Risk,0.15,4763.279999999999,Very High Value,Medium,Provide premium rewards and exclusive offers
15003.0,109,6,1060.7000000000007,547,3.039255014326649,253,2,5,4,11,Loyal Customers,High Risk,0.75,57.856363636363675,High Value,High,Launch retention campaign and personalized offer
15005.0,2,29,7789.629999999967,4609,5.834928838951287,409,5,5,5,15,Champions,Low Risk,0.15,75299.75666666635,Very High Value,Medium,Provide premium rewards and exclusive offers
15006.0,89,1,323.05,114,5.127777777777778,47,2,1,2,5,At Risk,High Risk,0.75,3.5894444444444447,Standard Value,High,Launch retention campaign and personalized offer
15008.0,116,2,359.99999999999994,1500,30.0,6,2,3,2,7,Potential Customers,High Risk,0.75,6.153846153846153,Standard Value,High,Launch retention campaign and personalized offer
15011.0,31,2,416.6,289,20.83,17,4,3,2,9,Potential Customers,Low Risk,0.15,26.0375,Standard Value,Low,Use personalized promotions to increase customer engagement
15012.0,9,2,437.5799999999999,248,3.445511811023621,107,5,3,2,10,Loyal Customers,Low Risk,0.15,87.51599999999999,High Value,Medium,Maintain regular engagement and monitor customer activity
15013.0,123,10,1641.300000000001,1747,4.623380281690144,177,2,5,4,11,Loyal Customers,High Risk,0.75,132.36290322580655,High Value,High,Launch retention campaign and personalized offer
15015.0,137,13,2365.0199999999995,1593,7.989932432432431,158,2,5,5,12,Loyal Customers,High Risk,0.75,222.79173913043473,High Value,High,Launch retention campaign and personalized offer
15016.0,29,4,460.2599999999998,171,5.23022727272727,77,4,4,2,10,Loyal Customers,Low Risk,0.15,61.367999999999974,High Value,Medium,Maintain regular engagement and monitor customer activity
15018.0,3,1,111.25,21,22.25,5,5,1,1,7,Potential Customers,Low Risk,0.15,27.8125,Standard Value,Low,Use personalized promotions to increase customer engagement
15020.0,15,1,203.42,112,7.264999999999999,27,5,1,1,7,Potential Customers,Low Risk,0.15,12.71375,Standard Value,Low,Use personalized promotions to increase customer engagement
15021.0,2,4,869.0100000000001,370,3.5325609756097567,154,5,4,3,12,Loyal Customers,Low Risk,0.15,1158.68,Very High Value,Medium,Provide premium rewards and exclusive offers
15022.0,313,1,281.05,113,14.792105263157897,19,1,1,2,4,At Risk,High Risk,0.75,0.895063694267516,Standard Value,High,Launch retention campaign and personalized offer
15023.0,5,10,5367.919999999995,2181,11.849713024282549,264,5,5,5,15,Champions,Low Risk,0.15,8946.533333333324,Very High Value,Medium,Provide premium rewards and exclusive offers
15024.0,3,8,2414.179999999998,1281,11.17675925925925,120,5,5,5,15,Champions,Low Risk,0.15,4828.359999999996,Very High Value,Medium,Provide premium rewards and exclusive offers
15025.0,204,1,636.0799999999999,326,8.595675675675675,72,1,1,3,5,At Risk,High Risk,0.75,3.1028292682926826,Standard Value,High,Launch retention campaign and personalized offer
15026.0,11,2,592.6099999999999,388,7.50139240506329,65,5,3,3,11,Loyal Customers,Low Risk,0.15,98.76833333333332,High Value,Medium,Maintain regular engagement and monitor customer activity
15027.0,31,6,2129.45,2217,38.02589285714286,46,4,5,4,13,Champions,Low Risk,0.15,399.27187499999997,Very High Value,Medium,Provide premium rewards and exclusive offers
15028.0,4,3,530.5799999999998,337,7.472957746478871,45,5,3,3,11,Loyal Customers,Low Risk,0.15,318.34799999999984,Very High Value,Medium,Provide premium rewards and exclusive offers
15029.0,255,1,365.1,234,36.510000000000005,10,1,1,2,4,At Risk,High Risk,0.75,1.426171875,Standard Value,High,Launch retention campaign and personalized offer
15030.0,16,6,1461.63,853,56.21653846153846,19,4,5,4,13,Champions,Low Risk,0.15,515.8694117647059,Very High Value,Medium,Provide premium rewards and exclusive offers
15031.0,30,10,2488.4399999999982,1214,8.464081632653055,187,4,5,5,14,Champions,Low Risk,0.15,802.7225806451607,Very High Value,Medium,Provide premium rewards and exclusive offers
15032.0,2,7,8821.550000000005,5291,120.84315068493156,39,5,5,5,15,Champions,Low Risk,0.15,20583.61666666668,Very High Value,Medium,Provide premium rewards and exclusive offers
15034.0,22,6,4004.789999999997,2366,10.82375675675675,231,4,5,5,14,Champions,Low Risk,0.15,1044.7278260869557,Very High Value,Medium,Provide premium rewards and exclusive offers
15037.0,12,2,402.50999999999993,301,8.385625,40,5,3,2,10,Loyal Customers,Low Risk,0.15,61.92461538461537,High Value,Medium,Maintain regular engagement and monitor customer activity
15038.0,5,4,604.3699999999998,224,3.924480519480518,119,5,4,3,12,Loyal Customers,Low Risk,0.15,402.9133333333332,Very High Value,Medium,Provide premium rewards and exclusive offers
15039.0,4,47,20116.990000000053,8974,15.594565891472907,389,5,5,5,15,Champions,Low Risk,0.15,189099.7060000005,Very High Value,Medium,Provide premium rewards and exclusive offers
15040.0,177,1,7.49,1,7.49,1,1,1,1,3,At Risk,High Risk,0.75,0.04207865168539326,Standard Value,High,Launch retention campaign and personalized offer
15041.0,80,1,113.67000000000002,93,2.84175,35,2,1,1,4,At Risk,High Risk,0.75,1.4033333333333335,Standard Value,High,Launch retention campaign and personalized offer
15042.0,231,1,179.52,208,44.88,4,1,1,1,3,At Risk,High Risk,0.75,0.7737931034482759,Standard Value,High,Launch retention campaign and personalized offer
15043.0,99,5,2336.8,731,47.68979591836734,39,2,4,5,11,Loyal Customers,High Risk,0.75,116.84,High Value,High,Launch retention campaign and personalized offer
15044.0,15,18,8504.099999999995,2484,18.407142857142848,202,5,5,5,15,Champions,Low Risk,0.15,9567.112499999994,Very High Value,Medium,Provide premium rewards and exclusive offers
15046.0,61,10,2598.6200000000003,1250,12.993100000000002,139,3,5,5,13,Champions,High Risk,0.75,419.1322580645162,Very High Value,High,Launch retention campaign and personalized offer
15048.0,4,1,98.70000000000005,32,4.291304347826088,23,5,1,1,7,Potential Customers,Low Risk,0.15,19.74000000000001,Standard Value,Low,Use personalized promotions to increase customer engagement
15050.0,57,2,2411.7,1404,30.91923076923077,58,3,3,5,11,Loyal Customers,High Risk,0.75,83.16206896551724,High Value,High,Launch retention campaign and personalized offer
15051.0,15,6,2543.55,2042,17.3030612244898,113,5,5,5,15,Champions,Low Risk,0.15,953.8312500000001,Very High Value,Medium,Provide premium rewards and exclusive offers
15055.0,110,3,560.0699999999998,230,6.58905882352941,77,2,3,3,8,Potential Customers,High Risk,0.75,15.137027027027024,Standard Value,High,Launch retention campaign and personalized offer
15056.0,156,1,133.45,81,19.064285714285717,6,2,1,1,4,At Risk,High Risk,0.75,0.85,Standard Value,High,Launch retention campaign and personalized offer
15057.0,79,3,1766.4600000000007,726,39.25466666666668,38,2,3,4,9,Potential Customers,High Risk,0.75,66.24225000000003,High Value,High,Launch retention campaign and personalized offer
15058.0,12,5,1285.0400000000006,591,15.8646913580247,52,5,4,4,13,Champions,Low Risk,0.15,494.24615384615413,Very High Value,Medium,Provide premium rewards and exclusive offers
15059.0,12,10,2185.8500000000035,1013,6.10572625698325,210,5,5,5,15,Champions,Low Risk,0.15,1681.4230769230796,Very High Value,Medium,Provide premium rewards and exclusive offers
15061.0,3,86,83284.38000000002,51791,142.61023972602743,116,5,5,5,15,Champions,Low Risk,0.15,1790614.1700000004,Very High Value,Medium,Provide premium rewards and exclusive offers
15062.0,59,4,1597.7600000000004,1109,15.6643137254902,75,3,4,4,11,Loyal Customers,High Risk,0.75,106.51733333333337,High Value,High,Launch retention campaign and personalized offer
15064.0,46,4,1254.4100000000008,810,15.486543209876553,75,3,4,4,11,Loyal Customers,Low Risk,0.15,106.75829787234049,High Value,Medium,Maintain regular engagement and monitor customer activity
15065.0,46,1,168.73000000000002,63,15.339090909090912,11,3,1,1,5,At Risk,Low Risk,0.15,3.5900000000000003,Standard Value,Low,Maintain regular engagement and monitor customer activity
15067.0,49,2,2133.1200000000013,1209,22.220000000000013,94,3,3,4,10,Loyal Customers,Low Risk,0.15,85.32480000000005,High Value,Medium,Maintain regular engagement and monitor customer activity
15068.0,54,2,623.4899999999996,471,5.328974358974355,104,3,3,3,9,Potential Customers,High Risk,0.75,22.67236363636362,Standard Value,High,Launch retention campaign and personalized offer
15070.0,8,3,737.0500000000002,339,23.03281250000001,26,5,3,3,11,Loyal Customers,Low Risk,0.15,245.6833333333334,High Value,Medium,Maintain regular engagement and monitor customer activity
15071.0,22,2,473.49000000000007,147,16.910357142857144,27,4,3,2,9,Potential Customers,Low Risk,0.15,41.17304347826087,High Value,Medium,Use personalized promotions to increase customer engagement
15072.0,115,1,187.52,164,14.424615384615382,13,2,1,1,4,At Risk,High Risk,0.75,1.616551724137931,Standard Value,High,Launch retention campaign and personalized offer
15073.0,36,5,1744.6099999999994,919,16.61533333333333,89,4,4,4,12,Loyal Customers,Low Risk,0.15,235.75810810810805,High Value,Medium,Maintain regular engagement and monitor customer activity
15074.0,65,2,817.46,608,26.36967741935484,31,3,3,3,9,Potential Customers,High Risk,0.75,24.771515151515153,Standard Value,High,Launch retention campaign and personalized offer
15076.0,128,2,566.8899999999999,295,18.286774193548386,30,2,3,3,8,Potential Customers,High Risk,0.75,8.788992248062014,Standard Value,High,Launch retention campaign and personalized offer
15077.0,130,2,2428.0799999999995,528,75.87749999999998,28,2,3,5,10,Loyal Customers,High Risk,0.75,37.06992366412213,High Value,High,Launch retention campaign and personalized offer
15078.0,4,23,8018.769999999987,3885,22.716062322946136,58,5,5,5,15,Champions,Low Risk,0.15,36886.34199999994,Very High Value,Medium,Provide premium rewards and exclusive offers
15079.0,1,8,2871.74,1115,29.303469387755104,83,5,5,5,15,Champions,Low Risk,0.15,11486.96,Very High Value,Medium,Provide premium rewards and exclusive offers
15080.0,63,2,546.2500000000001,287,17.620967741935488,31,3,3,3,9,Potential Customers,High Risk,0.75,17.070312500000004,Standard Value,High,Launch retention campaign and personalized offer
15081.0,3,8,1460.9199999999998,616,19.222631578947368,58,5,5,4,14,Champions,Low Risk,0.15,2921.8399999999997,Very High Value,Medium,Provide premium rewards and exclusive offers
15082.0,304,1,93.35,43,15.558333333333332,6,1,1,1,3,At Risk,High Risk,0.75,0.30606557377049176,Standard Value,High,Launch retention campaign and personalized offer
15084.0,15,2,965.2,600,31.135483870967743,31,5,3,3,11,Loyal Customers,Low Risk,0.15,120.65,High Value,Medium,Maintain regular engagement and monitor customer activity
15085.0,365,1,347.54,169,38.61555555555555,9,1,1,2,4,At Risk,High Risk,0.75,0.9495628415300547,Standard Value,High,Launch retention campaign and personalized offer
15086.0,200,2,218.53000000000003,95,19.86636363636364,10,1,3,1,5,At Risk,High Risk,0.75,2.1744278606965177,Standard Value,High,Launch retention campaign and personalized offer
15091.0,310,2,565.9000000000001,236,20.959259259259262,27,1,3,3,7,Potential Customers,High Risk,0.75,3.6392282958199362,Standard Value,High,Launch retention campaign and personalized offer
15092.0,98,1,318.65,95,16.771052631578947,19,2,1,2,5,At Risk,High Risk,0.75,3.2186868686868686,Standard Value,High,Launch retention campaign and personalized offer
15093.0,8,18,9729.090000000002,7897,43.43343750000001,86,5,5,5,15,Champions,Low Risk,0.15,19458.180000000004,Very High Value,Medium,Provide premium rewards and exclusive offers
15094.0,99,2,83.0,28,16.6,4,2,3,1,6,At Risk,High Risk,0.75,1.66,Standard Value,High,Launch retention campaign and personalized offer
15095.0,56,6,1771.0400000000004,1154,23.00051948051949,60,3,5,4,12,Loyal Customers,High Risk,0.75,186.42526315789476,High Value,High,Launch retention campaign and personalized offer
15097.0,219,2,660.2700000000002,254,16.10414634146342,39,1,3,3,7,Potential Customers,High Risk,0.75,6.0024545454545475,Standard Value,High,Launch retention campaign and personalized offer
15100.0,2,6,2018.7,254,134.57999999999998,11,5,5,4,14,Champions,Low Risk,0.15,4037.4,Very High Value,Medium,Provide premium rewards and exclusive offers
15101.0,151,4,1160.41,435,23.2082,48,2,4,4,10,Loyal Customers,High Risk,0.75,30.537105263157898,Standard Value,High,Launch retention campaign and personalized offer
15102.0,166,2,554.67,339,20.543333333333333,26,2,3,3,8,Potential Customers,High Risk,0.75,6.642754491017963,Standard Value,High,Launch retention campaign and personalized offer
15105.0,66,2,795.9800000000001,536,15.919600000000004,50,3,3,3,9,Potential Customers,High Risk,0.75,23.760597014925377,Standard Value,High,Launch retention campaign and personalized offer
15107.0,8,4,620.8499999999998,187,20.027419354838703,28,5,4,3,12,Loyal Customers,Low Risk,0.15,275.9333333333332,High Value,Medium,Maintain regular engagement and monitor customer activity
15109.0,215,2,498.15,127,24.9075,18,1,3,2,6,At Risk,High Risk,0.75,4.6125,Standard Value,High,Launch retention campaign and personalized offer
15110.0,39,2,509.75000000000006,91,28.319444444444446,14,3,3,3,9,Potential Customers,Low Risk,0.15,25.487500000000004,Standard Value,Low,Use personalized promotions to increase customer engagement
15111.0,8,3,1163.3900000000008,454,17.36402985074628,60,5,3,4,12,Loyal Customers,Low Risk,0.15,387.7966666666669,Very High Value,Medium,Provide premium rewards and exclusive offers
15112.0,247,1,209.4,72,29.914285714285715,7,1,1,1,3,At Risk,High Risk,0.75,0.8443548387096774,Standard Value,High,Launch retention campaign and personalized offer
15114.0,19,2,639.56,436,18.81058823529412,33,4,3,3,10,Loyal Customers,Low Risk,0.15,63.955999999999996,High Value,Medium,Maintain regular engagement and monitor customer activity
15115.0,368,1,191.74,88,13.695714285714288,14,1,1,1,3,At Risk,High Risk,0.75,0.5196205962059621,Standard Value,High,Launch retention campaign and personalized offer
15117.0,84,3,934.1900000000002,1145,17.965192307692313,46,2,3,3,8,Potential Customers,High Risk,0.75,32.97141176470589,High Value,High,Launch retention campaign and personalized offer
15122.0,58,8,2863.6900000000005,1245,19.61431506849316,107,3,5,5,13,Champions,High Risk,0.75,388.2969491525424,Very High Value,High,Launch retention campaign and personalized offer
15123.0,57,3,2456.8600000000006,1329,31.907272727272733,66,3,3,5,11,Loyal Customers,High Risk,0.75,127.07896551724141,High Value,High,Launch retention campaign and personalized offer
15124.0,112,2,266.63000000000005,229,16.664375000000003,16,2,3,2,7,Potential Customers,High Risk,0.75,4.719115044247789,Standard Value,High,Launch retention campaign and personalized offer
15125.0,115,9,5496.39,2240,48.64061946902656,72,2,5,5,12,Loyal Customers,High Risk,0.75,426.4440517241379,Very High Value,High,Launch retention campaign and personalized offer
15126.0,172,2,449.49,273,17.979599999999998,25,2,3,2,7,Potential Customers,High Risk,0.75,5.196416184971098,Standard Value,High,Launch retention campaign and personalized offer
15127.0,155,1,304.97,213,25.41416666666667,12,2,1,2,5,At Risk,High Risk,0.75,1.9549358974358977,Standard Value,High,Launch retention campaign and personalized offer
15128.0,66,1,312.68,240,14.88952380952381,21,3,1,2,6,At Risk,High Risk,0.75,4.666865671641792,Standard Value,High,Launch retention campaign and personalized offer
15129.0,21,12,3412.779999999998,2208,27.7461788617886,56,4,5,5,14,Champions,Low Risk,0.15,1861.5163636363623,Very High Value,Medium,Provide premium rewards and exclusive offers
15131.0,30,1,80.28000000000002,88,11.468571428571432,7,4,1,1,6,At Risk,Low Risk,0.15,2.5896774193548393,Standard Value,Low,Maintain regular engagement and monitor customer activity
15133.0,18,2,824.48,280,41.224,20,4,3,3,10,Loyal Customers,Low Risk,0.15,86.78736842105263,High Value,Medium,Maintain regular engagement and monitor customer activity
15134.0,17,2,208.3,170,17.358333333333334,12,4,3,1,8,Potential Customers,Low Risk,0.15,23.144444444444446,Standard Value,Low,Use personalized promotions to increase customer engagement
15135.0,192,1,166.63,41,15.148181818181818,11,1,1,1,3,At Risk,High Risk,0.75,0.8633678756476684,Standard Value,High,Launch retention campaign and personalized offer
15137.0,156,2,823.4,596,24.21764705882353,34,2,3,3,8,Potential Customers,High Risk,0.75,10.489171974522293,Standard Value,High,Launch retention campaign and personalized offer
15138.0,29,1,502.5199999999999,300,16.21032258064516,31,4,1,2,7,Potential Customers,Low Risk,0.15,16.750666666666664,Standard Value,Low,Use personalized promotions to increase customer engagement
15140.0,78,1,889.44,438,27.795,32,2,1,3,6,At Risk,High Risk,0.75,11.25873417721519,Standard Value,High,Launch retention campaign and personalized offer
15141.0,93,7,1388.4699999999998,1197,17.355874999999997,44,2,5,4,11,Loyal Customers,High Risk,0.75,103.39670212765957,High Value,High,Launch retention campaign and personalized offer
15142.0,46,5,2121.1799999999994,1790,18.286034482758616,97,3,4,4,11,Loyal Customers,Low Risk,0.15,225.6574468085106,High Value,Medium,Maintain regular engagement and monitor customer activity
15143.0,68,1,304.17999999999995,170,17.892941176470586,17,3,1,2,6,At Risk,High Risk,0.75,4.408405797101449,Standard Value,High,Launch retention campaign and personalized offer
15144.0,15,12,5579.869999999997,2201,42.2717424242424,98,5,5,5,15,Champions,Low Risk,0.15,4184.902499999998,Very High Value,Medium,Provide premium rewards and exclusive offers
15149.0,212,4,1033.81,252,22.47413043478261,44,1,4,4,9,Potential Customers,High Risk,0.75,19.41427230046948,Standard Value,High,Launch retention campaign and personalized offer
15150.0,92,3,3686.609999999997,2525,15.890560344827572,231,2,3,5,10,Loyal Customers,High Risk,0.75,118.92290322580635,High Value,High,Launch retention campaign and personalized offer
15151.0,59,2,2085.61,795,36.58964912280702,56,3,3,4,10,Loyal Customers,High Risk,0.75,69.52033333333334,High Value,High,Launch retention campaign and personalized offer
15152.0,337,1,518.1400000000001,290,17.866896551724142,29,1,1,3,5,At Risk,High Risk,0.75,1.5329585798816572,Standard Value,High,Launch retention campaign and personalized offer
15154.0,114,2,1091.9900000000005,245,10.60184466019418,101,2,3,4,9,Potential Customers,High Risk,0.75,18.991130434782615,Standard Value,High,Launch retention campaign and personalized offer
15155.0,19,1,383.97,192,15.99875,24,4,1,2,7,Potential Customers,Low Risk,0.15,19.198500000000003,Standard Value,Low,Use personalized promotions to increase customer engagement
15157.0,205,2,718.0400000000001,1074,26.59407407407408,27,1,3,3,7,Potential Customers,High Risk,0.75,6.971262135922331,Standard Value,High,Launch retention campaign and personalized offer
15158.0,37,1,204.62,21,51.155,4,3,1,1,5,At Risk,Low Risk,0.15,5.384736842105263,Standard Value,Low,Maintain regular engagement and monitor customer activity
15159.0,31,4,3475.720000000001,2071,34.75720000000001,91,4,4,5,13,Champions,Low Risk,0.15,434.46500000000015,Very High Value,Medium,Provide premium rewards and exclusive offers
15160.0,10,3,431.11,223,22.69,16,5,3,2,10,Loyal Customers,Low Risk,0.15,117.57545454545453,High Value,Medium,Maintain regular engagement and monitor customer activity
15161.0,24,1,119.92000000000004,144,3.6339393939393942,33,4,1,1,6,At Risk,Low Risk,0.15,4.796800000000002,Standard Value,Low,Maintain regular engagement and monitor customer activity
15162.0,367,1,312.9,74,26.075,12,1,1,2,4,At Risk,High Risk,0.75,0.8502717391304347,Standard Value,High,Launch retention campaign and personalized offer
15164.0,25,6,1225.8700000000006,571,4.751434108527134,193,4,5,4,13,Champions,Low Risk,0.15,282.89307692307705,High Value,Medium,Maintain regular engagement and monitor customer activity
15165.0,9,1,487.75,160,18.064814814814813,27,5,1,2,8,Potential Customers,Low Risk,0.15,48.775,High Value,Medium,Use personalized promotions to increase customer engagement
15166.0,103,1,167.15999999999997,140,13.929999999999998,12,2,1,1,4,At Risk,High Risk,0.75,1.607307692307692,Standard Value,High,Launch retention campaign and personalized offer
15167.0,43,4,1496.6700000000023,805,5.502463235294126,233,3,4,4,11,Loyal Customers,Low Risk,0.15,136.0609090909093,High Value,Medium,Maintain regular engagement and monitor customer activity
15169.0,18,2,569.2200000000001,356,9.647796610169491,58,4,3,3,10,Loyal Customers,Low Risk,0.15,59.91789473684212,High Value,Medium,Maintain regular engagement and monitor customer activity
15170.0,42,1,81.15,33,20.2875,4,3,1,1,5,At Risk,Low Risk,0.15,1.8872093023255816,Standard Value,Low,Maintain regular engagement and monitor customer activity
15173.0,16,7,1494.6,840,17.379069767441862,68,4,5,4,13,Champions,Low Risk,0.15,615.4235294117647,Very High Value,Medium,Provide premium rewards and exclusive offers
15174.0,46,1,345.71,237,15.03086956521739,23,3,1,2,6,At Risk,Low Risk,0.15,7.355531914893617,Standard Value,Low,Maintain regular engagement and monitor customer activity
15176.0,303,1,988.0400000000004,448,19.00076923076924,52,1,1,3,5,At Risk,High Risk,0.75,3.2501315789473697,Standard Value,High,Launch retention campaign and personalized offer
15177.0,61,1,948.9299999999998,485,36.497307692307686,26,3,1,3,7,Potential Customers,High Risk,0.75,15.305322580645159,Standard Value,High,Launch retention campaign and personalized offer
15179.0,28,8,5284.970000000002,3478,23.913891402714945,154,4,5,5,14,Champions,Low Risk,0.15,1457.9227586206903,Very High Value,Medium,Provide premium rewards and exclusive offers
15180.0,3,3,816.9300000000002,654,15.710192307692312,46,5,3,3,11,Loyal Customers,Low Risk,0.15,612.6975000000001,Very High Value,Medium,Provide premium rewards and exclusive offers
15181.0,56,2,510.72,144,127.68,4,3,3,3,9,Potential Customers,High Risk,0.75,17.92,Standard Value,High,Launch retention campaign and personalized offer
15182.0,21,9,2376.102,933,24.7510625,68,4,5,5,14,Champions,Low Risk,0.15,972.0417272727271,Very High Value,Medium,Provide premium rewards and exclusive offers
15183.0,183,3,639.93,297,16.840263157894736,33,1,3,3,7,Potential Customers,High Risk,0.75,10.433641304347827,Standard Value,High,Launch retention campaign and personalized offer
15184.0,23,2,283.19,263,12.872272727272728,19,4,3,2,9,Potential Customers,Low Risk,0.15,23.599166666666665,Standard Value,Low,Use personalized promotions to increase customer engagement
15186.0,110,3,991.79,501,30.054242424242425,22,2,3,3,8,Potential Customers,High Risk,0.75,26.805135135135135,Standard Value,High,Launch retention campaign and personalized offer
15188.0,361,1,310.42999999999995,233,13.496956521739127,23,1,1,2,4,At Risk,High Risk,0.75,0.8575414364640883,Standard Value,High,Launch retention campaign and personalized offer
15189.0,17,5,1298.99,753,44.79275862068965,20,4,4,4,12,Loyal Customers,Low Risk,0.15,360.8305555555555,Very High Value,Medium,Provide premium rewards and exclusive offers
15190.0,70,1,834.4399999999999,790,20.861,40,3,1,3,7,Potential Customers,High Risk,0.75,11.752676056338027,Standard Value,High,Launch retention campaign and personalized offer
15191.0,99,3,588.05,287,16.80142857142857,33,2,3,3,8,Potential Customers,High Risk,0.75,17.641499999999997,Standard Value,High,Launch retention campaign and personalized offer
15192.0,1,3,937.0700000000004,726,17.03763636363637,40,5,3,3,11,Loyal Customers,Low Risk,0.15,1405.6050000000005,Very High Value,Medium,Provide premium rewards and exclusive offers
15194.0,4,14,4811.159999999992,3466,26.434945054945008,105,5,5,5,15,Champions,Low Risk,0.15,13471.247999999978,Very High Value,Medium,Provide premium rewards and exclusive offers
15196.0,68,2,316.2499999999999,131,7.354651162790695,34,3,3,2,8,Potential Customers,High Risk,0.75,9.166666666666663,Standard Value,High,Launch retention campaign and personalized offer
15197.0,30,3,797.9,589,29.55185185185185,23,4,3,3,10,Loyal Customers,Low Risk,0.15,77.21612903225805,High Value,Medium,Maintain regular engagement and monitor customer activity
15198.0,44,3,377.71,207,17.986190476190476,20,3,3,2,8,Potential Customers,Low Risk,0.15,25.180666666666664,Standard Value,Low,Use personalized promotions to increase customer engagement
15199.0,10,6,1853.7000000000005,498,48.78157894736843,17,5,5,4,14,Champions,Low Risk,0.15,1011.1090909090912,Very High Value,Medium,Provide premium rewards and exclusive offers
15200.0,130,1,549.0499999999998,195,18.301666666666662,30,2,1,3,6,At Risk,High Risk,0.75,4.1912213740458,Standard Value,High,Launch retention campaign and personalized offer
15201.0,75,2,606.4100000000003,450,19.561612903225814,23,2,3,3,8,Potential Customers,High Risk,0.75,15.95815789473685,Standard Value,High,Launch retention campaign and personalized offer
15202.0,56,3,6001.49,3,2000.496666666667,1,3,3,5,11,Loyal Customers,High Risk,0.75,315.8678947368421,Very High Value,High,Launch retention campaign and personalized offer
15203.0,26,9,2572.38,2429,12.797910447761195,108,4,5,5,14,Champions,Low Risk,0.15,857.46,Very High Value,Medium,Provide premium rewards and exclusive offers
15207.0,52,3,683.92,428,28.496666666666663,19,3,3,3,9,Potential Customers,Low Risk,0.15,38.712452830188674,High Value,Medium,Use personalized promotions to increase customer engagement
15208.0,59,1,100.4,40,16.733333333333334,6,3,1,1,5,At Risk,High Risk,0.75,1.6733333333333333,Standard Value,High,Launch retention campaign and personalized offer
15209.0,366,1,178.97999999999996,94,13.767692307692304,13,1,1,1,3,At Risk,High Risk,0.75,0.48768392370572194,Standard Value,High,Launch retention campaign and personalized offer
15210.0,14,2,845.01,613,17.978936170212766,46,5,3,3,11,Loyal Customers,Low Risk,0.15,112.66799999999999,High Value,Medium,Maintain regular engagement and monitor customer activity
15211.0,1,1,383.0700000000001,117,16.65521739130435,23,5,1,2,8,Potential Customers,Low Risk,0.15,191.53500000000005,High Value,Medium,Use personalized promotions to increase customer engagement
15212.0,12,1,106.48,48,21.296,5,5,1,1,7,Potential Customers,Low Risk,0.15,8.19076923076923,Standard Value,Low,Use personalized promotions to increase customer engagement
15215.0,29,4,1687.4900000000011,551,21.634487179487195,59,4,4,4,12,Loyal Customers,Low Risk,0.15,224.99866666666682,High Value,Medium,Maintain regular engagement and monitor customer activity
15216.0,254,1,389.49,189,17.704090909090908,22,1,1,2,4,At Risk,High Risk,0.75,1.5274117647058825,Standard Value,High,Launch retention campaign and personalized offer
15217.0,199,1,426.2400000000001,190,15.222857142857148,28,1,1,2,4,At Risk,High Risk,0.75,2.1312000000000006,Standard Value,High,Launch retention campaign and personalized offer
15218.0,25,11,5759.679999999998,3224,24.50927659574467,95,4,5,5,14,Champions,Low Risk,0.15,2436.7876923076915,Very High Value,Medium,Provide premium rewards and exclusive offers
15219.0,284,1,379.7,226,22.33529411764706,17,1,1,2,4,At Risk,High Risk,0.75,1.3322807017543858,Standard Value,High,Launch retention campaign and personalized offer
15221.0,2,4,2062.2,244,71.1103448275862,21,5,4,4,13,Champions,Low Risk,0.15,2749.6,Very High Value,Medium,Provide premium rewards and exclusive offers
15222.0,108,10,2965.9099999999985,4018,22.300075187969917,97,2,5,5,12,Loyal Customers,High Risk,0.75,272.10183486238515,High Value,High,Launch retention campaign and personalized offer
15223.0,245,3,662.1999999999999,172,47.3,12,1,3,3,7,Potential Customers,High Risk,0.75,8.075609756097561,Standard Value,High,Launch retention campaign and personalized offer
15224.0,148,3,549.2799999999999,291,26.15619047619047,19,2,3,3,8,Potential Customers,High Risk,0.75,11.0593288590604,Standard Value,High,Launch retention campaign and personalized offer
15227.0,32,4,1269.09,467,20.4691935483871,54,4,4,4,12,Loyal Customers,Low Risk,0.15,153.8290909090909,High Value,Medium,Maintain regular engagement and monitor customer activity
15228.0,64,2,2193.5600000000004,1120,20.12440366972477,94,3,3,5,11,Loyal Customers,High Risk,0.75,67.49415384615386,High Value,High,Launch retention campaign and personalized offer
15229.0,222,1,160.5,114,17.833333333333332,9,1,1,1,3,At Risk,High Risk,0.75,0.7197309417040358,Standard Value,High,Launch retention campaign and personalized offer
15231.0,257,1,250.25999999999996,190,17.87571428571428,14,1,1,1,3,At Risk,High Risk,0.75,0.9699999999999999,Standard Value,High,Launch retention campaign and personalized offer
15233.0,37,1,59.400000000000006,12,59.400000000000006,1,3,1,1,5,At Risk,Low Risk,0.15,1.5631578947368423,Standard Value,Low,Maintain regular engagement and monitor customer activity
15235.0,5,6,690.3000000000001,411,15.688636363636364,43,5,5,3,13,Champions,Low Risk,0.15,690.3000000000001,Very High Value,Medium,Provide premium rewards and exclusive offers
15240.0,10,7,2753.4099999999994,1845,18.858972602739723,97,5,5,5,15,Champions,Low Risk,0.15,1752.1699999999996,Very High Value,Medium,Provide premium rewards and exclusive offers
15241.0,66,3,1293.7199999999998,1510,17.4827027027027,56,3,3,4,10,Loyal Customers,High Risk,0.75,57.92776119402984,High Value,High,Launch retention campaign and personalized offer
15242.0,58,1,302.04,196,75.51,4,3,1,2,6,At Risk,High Risk,0.75,5.119322033898306,Standard Value,High,Launch retention campaign and personalized offer
15243.0,71,1,610.6000000000001,358,15.65641025641026,39,3,1,3,7,Potential Customers,High Risk,0.75,8.480555555555558,Standard Value,High,Launch retention campaign and personalized offer
15244.0,302,1,280.51,67,20.03642857142857,14,1,1,2,4,At Risk,High Risk,0.75,0.9257755775577557,Standard Value,High,Launch retention campaign and personalized offer
15245.0,38,5,2095.0,1237,35.50847457627118,36,3,4,4,11,Loyal Customers,Low Risk,0.15,268.5897435897436,High Value,Medium,Maintain regular engagement and monitor customer activity
15246.0,191,1,266.24999999999994,112,14.791666666666664,18,1,1,2,4,At Risk,High Risk,0.75,1.3867187499999998,Standard Value,High,Launch retention campaign and personalized offer
15247.0,113,2,620.06,354,56.36909090909091,10,2,3,3,8,Potential Customers,High Risk,0.75,10.878245614035087,Standard Value,High,Launch retention campaign and personalized offer
15248.0,47,3,1893.93,1065,17.86726415094339,103,3,3,4,10,Loyal Customers,Low Risk,0.15,118.370625,High Value,Medium,Maintain regular engagement and monitor customer activity
15249.0,66,5,2577.54,1403,16.9575,122,3,4,5,12,Loyal Customers,High Risk,0.75,192.35373134328358,High Value,High,Launch retention campaign and personalized offer
15250.0,276,1,60.0,48,20.0,3,1,1,1,3,At Risk,High Risk,0.75,0.21660649819494585,Standard Value,High,Launch retention campaign and personalized offer
15251.0,50,10,9839.550000000005,5937,82.68529411764709,99,3,5,5,13,Champions,Low Risk,0.15,1929.3235294117655,Very High Value,Medium,Provide premium rewards and exclusive offers
15252.0,57,3,1362.63,908,18.41391891891892,73,3,3,4,10,Loyal Customers,High Risk,0.75,70.48086206896552,High Value,High,Launch retention campaign and personalized offer
15253.0,39,3,1136.89,722,18.045873015873017,58,3,3,4,10,Loyal Customers,Low Risk,0.15,85.26675,High Value,Medium,Maintain regular engagement and monitor customer activity
15254.0,182,2,787.9900000000001,436,16.081428571428575,46,1,3,3,7,Potential Customers,High Risk,0.75,8.611912568306012,Standard Value,High,Launch retention campaign and personalized offer
15255.0,32,8,2838.5699999999997,1737,19.989929577464785,101,4,5,5,14,Champions,Low Risk,0.15,688.1381818181817,Very High Value,Medium,Provide premium rewards and exclusive offers
15256.0,197,1,71.95,37,17.9875,4,1,1,1,3,At Risk,High Risk,0.75,0.3633838383838384,Standard Value,High,Launch retention campaign and personalized offer
15257.0,50,1,368.75,25,73.75,5,3,1,2,6,At Risk,Low Risk,0.15,7.230392156862745,Standard Value,Low,Maintain regular engagement and monitor customer activity
15259.0,148,4,1182.38,631,20.743508771929825,50,2,4,4,10,Loyal Customers,High Risk,0.75,31.741744966442955,Standard Value,High,Launch retention campaign and personalized offer
15260.0,8,20,7377.460000000001,3837,22.98274143302181,161,5,5,5,15,Champions,Low Risk,0.15,16394.355555555558,Very High Value,Medium,Provide premium rewards and exclusive offers
15261.0,17,3,1253.1800000000003,536,17.1668493150685,70,4,3,4,11,Loyal Customers,Low Risk,0.15,208.86333333333337,High Value,Medium,Maintain regular engagement and monitor customer activity
15262.0,16,2,239.87,145,14.991875,14,4,3,1,8,Potential Customers,Low Risk,0.15,28.22,Standard Value,Low,Use personalized promotions to increase customer engagement
15264.0,166,1,454.66,178,14.208125,32,2,1,2,5,At Risk,High Risk,0.75,2.7225149700598803,Standard Value,High,Launch retention campaign and personalized offer
15265.0,240,2,1839.520000000001,958,16.572252252252262,109,1,3,4,8,Potential Customers,High Risk,0.75,15.265726141078845,Standard Value,High,Launch retention campaign and personalized offer
15266.0,15,4,732.9100000000002,218,18.792564102564107,36,5,4,3,12,Loyal Customers,Low Risk,0.15,183.22750000000005,High Value,Medium,Maintain regular engagement and monitor customer activity
15268.0,114,3,961.9,428,43.72272727272727,21,2,3,3,8,Potential Customers,High Risk,0.75,25.093043478260867,Standard Value,High,Launch retention campaign and personalized offer
15269.0,16,2,816.5599999999998,346,24.74424242424242,32,4,3,3,10,Loyal Customers,Low Risk,0.15,96.06588235294116,High Value,Medium,Maintain regular engagement and monitor customer activity
15270.0,36,14,6145.369999999995,2489,48.38874015748028,55,4,5,5,14,Champions,Low Risk,0.15,2325.2751351351335,Very High Value,Medium,Provide premium rewards and exclusive offers
15271.0,1,10,2202.47,1262,6.2927714285714265,248,5,5,5,15,Champions,Low Risk,0.15,11012.349999999999,Very High Value,Medium,Provide premium rewards and exclusive offers
15272.0,86,4,1363.540000000001,377,5.5882786885245945,209,2,4,4,10,Loyal Customers,High Risk,0.75,62.69149425287361,High Value,High,Launch retention campaign and personalized offer
15273.0,235,1,228.96,216,228.96,1,1,1,1,3,At Risk,High Risk,0.75,0.9701694915254238,Standard Value,High,Launch retention campaign and personalized offer
15276.0,30,3,514.2199999999996,267,3.726231884057968,115,4,3,3,10,Loyal Customers,Low Risk,0.15,49.76322580645157,High Value,Medium,Maintain regular engagement and monitor customer activity
15277.0,61,1,220.44,168,15.745714285714286,14,3,1,1,5,At Risk,High Risk,0.75,3.555483870967742,Standard Value,High,Launch retention campaign and personalized offer
15278.0,197,4,496.16,458,17.10896551724138,29,1,4,2,7,Potential Customers,High Risk,0.75,10.023434343434344,Standard Value,High,Launch retention campaign and personalized offer
15279.0,16,4,1290.03,613,17.2004,58,4,4,4,12,Loyal Customers,Low Risk,0.15,303.53647058823526,Very High Value,Medium,Provide premium rewards and exclusive offers
15280.0,124,2,293.1,359,6.513333333333333,39,2,3,2,7,Potential Customers,High Risk,0.75,4.6896,Standard Value,High,Launch retention campaign and personalized offer
15281.0,14,7,6211.419999999989,4022,16.21780678851172,337,5,5,5,15,Champions,Low Risk,0.15,2898.6626666666616,Very High Value,Medium,Provide premium rewards and exclusive offers
15282.0,206,1,348.59000000000003,395,12.910740740740742,27,1,1,2,4,At Risk,High Risk,0.75,1.684009661835749,Standard Value,High,Launch retention campaign and personalized offer
15283.0,26,3,148.33,27,16.48111111111111,9,4,3,1,8,Potential Customers,Low Risk,0.15,16.48111111111111,Standard Value,Low,Use personalized promotions to increase customer engagement
15284.0,136,1,24.75,5,24.75,1,2,1,1,4,At Risk,High Risk,0.75,0.18065693430656934,Standard Value,High,Launch retention campaign and personalized offer
15285.0,43,1,94.92,120,15.82,6,3,1,1,5,At Risk,Low Risk,0.15,2.1572727272727272,Standard Value,Low,Maintain regular engagement and monitor customer activity
15287.0,15,3,369.34,577,23.08375,13,5,3,2,10,Loyal Customers,Low Risk,0.15,69.25125,High Value,Medium,Maintain regular engagement and monitor customer activity
15288.0,1,6,1576.6100000000008,629,16.95279569892474,78,5,5,4,14,Champions,Low Risk,0.15,4729.830000000003,Very High Value,Medium,Provide premium rewards and exclusive offers
15289.0,94,2,653.31,619,16.75153846153846,33,2,3,3,8,Potential Customers,High Risk,0.75,13.753894736842105,Standard Value,High,Launch retention campaign and personalized offer
15290.0,29,8,2553.0600000000004,2066,29.012045454545454,34,4,5,5,14,Champions,Low Risk,0.15,680.8160000000001,Very High Value,Medium,Provide premium rewards and exclusive offers
15291.0,9,26,9178.26,2914,64.18363636363637,80,5,5,5,15,Champions,Low Risk,0.15,23863.476000000002,Very High Value,Medium,Provide premium rewards and exclusive offers
15293.0,301,1,247.50000000000003,178,13.026315789473683,19,1,1,1,3,At Risk,High Risk,0.75,0.8195364238410597,Standard Value,High,Launch retention campaign and personalized offer
15294.0,46,1,233.35,97,15.556666666666668,15,3,1,1,5,At Risk,Low Risk,0.15,4.964893617021277,Standard Value,Low,Maintain regular engagement and monitor customer activity
15295.0,290,1,217.2399999999999,151,4.0988679245283,50,1,1,1,3,At Risk,High Risk,0.75,0.7465292096219928,Standard Value,High,Launch retention campaign and personalized offer
15296.0,56,6,6669.969999999993,3698,19.560029325513177,253,3,5,5,13,Champions,High Risk,0.75,702.1021052631571,Very High Value,High,Launch retention campaign and personalized offer
15298.0,2,12,4659.469999999998,3170,18.637879999999992,145,5,5,5,15,Champions,Low Risk,0.15,18637.879999999994,Very High Value,Medium,Provide premium rewards and exclusive offers
15299.0,8,6,3484.53,2505,580.755,5,5,5,5,15,Champions,Low Risk,0.15,2323.02,Very High Value,Medium,Provide premium rewards and exclusive offers
15301.0,4,6,2533.09,1515,18.48970802919708,106,5,5,5,15,Champions,Low Risk,0.15,3039.708,Very High Value,Medium,Provide premium rewards and exclusive offers
15302.0,366,1,307.99999999999994,102,20.533333333333328,15,1,1,2,4,At Risk,High Risk,0.75,0.8392370572207083,Standard Value,High,Launch retention campaign and personalized offer
15303.0,201,2,650.1600000000001,266,17.109473684210528,36,1,3,3,7,Potential Customers,High Risk,0.75,6.437227722772278,Standard Value,High,Launch retention campaign and personalized offer
15304.0,4,2,225.15,29,37.525,5,5,3,1,9,Potential Customers,Low Risk,0.15,90.06,High Value,Medium,Use personalized promotions to increase customer engagement
15305.0,191,1,93.6,40,18.72,5,1,1,1,3,At Risk,High Risk,0.75,0.4875,Standard Value,High,Launch retention campaign and personalized offer
15306.0,136,6,2310.380000000001,2264,22.215192307692316,80,2,5,5,12,Loyal Customers,High Risk,0.75,101.1845255474453,High Value,High,Launch retention campaign and personalized offer
15309.0,246,4,797.9600000000002,440,14.77703703703704,49,1,4,3,8,Potential Customers,High Risk,0.75,12.922429149797573,Standard Value,High,Launch retention campaign and personalized offer
15310.0,114,1,1634.64,1476,36.32533333333333,45,2,1,4,7,Potential Customers,High Risk,0.75,14.214260869565218,Standard Value,High,Launch retention campaign and personalized offer
15311.0,1,121,56003.25999999985,32816,27.252194647201872,594,5,5,5,15,Champions,Low Risk,0.15,3388197.2299999907,Very High Value,Medium,Provide premium rewards and exclusive offers
15312.0,19,8,2005.3400000000008,1177,17.287413793103454,90,4,5,4,13,Champions,Low Risk,0.15,802.1360000000003,Very High Value,Medium,Provide premium rewards and exclusive offers
15314.0,49,2,492.4799999999999,437,18.941538461538457,25,3,3,2,8,Potential Customers,Low Risk,0.15,19.699199999999998,Standard Value,Low,Use personalized promotions to increase customer engagement
15317.0,313,1,129.75,45,25.95,5,1,1,1,3,At Risk,High Risk,0.75,0.41321656050955413,Standard Value,High,Launch retention campaign and personalized offer
15321.0,73,9,3961.4199999999983,2472,18.511308411214944,186,2,5,5,12,Loyal Customers,High Risk,0.75,481.7943243243241,Very High Value,High,Launch retention campaign and personalized offer
15322.0,112,1,711.18,555,17.345853658536583,41,2,1,3,6,At Risk,High Risk,0.75,6.29362831858407,Standard Value,High,Launch retention campaign and personalized offer
15323.0,198,3,434.5999999999999,188,14.98620689655172,29,1,3,2,6,At Risk,High Risk,0.75,6.551758793969848,Standard Value,High,Launch retention campaign and personalized offer
15324.0,337,1,140.22000000000003,74,17.527500000000003,8,1,1,1,3,At Risk,High Risk,0.75,0.41485207100591726,Standard Value,High,Launch retention campaign and personalized offer
15325.0,31,7,1439.7200000000005,1151,8.180227272727276,141,4,5,4,13,Champions,Low Risk,0.15,314.9387500000001,Very High Value,Medium,Provide premium rewards and exclusive offers
15326.0,245,4,1388.8099999999995,965,13.888099999999994,78,1,4,4,9,Potential Customers,High Risk,0.75,22.58227642276422,Standard Value,High,Launch retention campaign and personalized offer
15328.0,43,1,107.24000000000002,88,13.405000000000005,8,3,1,1,5,At Risk,Low Risk,0.15,2.437272727272728,Standard Value,Low,Maintain regular engagement and monitor customer activity
15329.0,10,8,1934.6300000000008,733,19.7411224489796,60,5,5,4,14,Champions,Low Risk,0.15,1407.003636363637,Very High Value,Medium,Provide premium rewards and exclusive offers
15331.0,135,3,767.9099999999999,701,17.452499999999997,41,2,3,3,8,Potential Customers,High Risk,0.75,16.939191176470587,Standard Value,High,Launch retention campaign and personalized offer
15332.0,2,6,4892.680000000004,2306,31.77064935064937,113,5,5,5,15,Champions,Low Risk,0.15,9785.360000000008,Very High Value,Medium,Provide premium rewards and exclusive offers
15336.0,37,1,240.5,84,16.033333333333335,15,3,1,1,5,At Risk,Low Risk,0.15,6.328947368421052,Standard Value,Low,Maintain regular engagement and monitor customer activity
15337.0,47,1,373.02,200,17.762857142857143,21,3,1,2,6,At Risk,Low Risk,0.15,7.771249999999999,Standard Value,Low,Maintain regular engagement and monitor customer activity
15338.0,313,1,283.4299999999999,150,4.723833333333332,56,1,1,2,4,At Risk,High Risk,0.75,0.9026433121019105,Standard Value,High,Launch retention campaign and personalized offer
15339.0,57,5,1253.7700000000002,727,9.085289855072466,108,3,4,4,11,Loyal Customers,High Risk,0.75,108.08362068965519,High Value,High,Launch retention campaign and personalized offer
15340.0,197,1,105.5,76,15.071428571428571,7,1,1,1,3,At Risk,High Risk,0.75,0.5328282828282829,Standard Value,High,Launch retention campaign and personalized offer
15341.0,85,1,382.2,196,54.6,7,2,1,2,5,At Risk,High Risk,0.75,4.444186046511628,Standard Value,High,Launch retention campaign and personalized offer
15346.0,61,2,343.69999999999993,116,17.184999999999995,20,3,3,2,8,Potential Customers,High Risk,0.75,11.087096774193546,Standard Value,High,Launch retention campaign and personalized offer
15347.0,2,4,1162.0000000000002,542,32.277777777777786,29,5,4,4,13,Champions,Low Risk,0.15,1549.3333333333337,Very High Value,Medium,Provide premium rewards and exclusive offers
15350.0,9,2,547.5999999999999,272,18.25333333333333,26,5,3,3,11,Loyal Customers,Low Risk,0.15,109.51999999999998,High Value,Medium,Maintain regular engagement and monitor customer activity
15351.0,5,4,1778.1800000000012,738,12.096462585034022,103,5,4,4,13,Champions,Low Risk,0.15,1185.453333333334,Very High Value,Medium,Provide premium rewards and exclusive offers
15352.0,184,1,114.95,43,3.1067567567567567,34,1,1,1,3,At Risk,High Risk,0.75,0.6213513513513513,Standard Value,High,Launch retention campaign and personalized offer
15353.0,3,6,2398.930000000002,1208,7.404104938271612,247,5,5,5,15,Champions,Low Risk,0.15,3598.395000000003,Very High Value,Medium,Provide premium rewards and exclusive offers
15354.0,239,3,284.4,3,94.8,1,1,3,2,6,At Risk,High Risk,0.75,3.5549999999999997,Standard Value,High,Launch retention campaign and personalized offer
15356.0,4,4,698.4500000000008,342,2.9595338983050885,153,5,4,3,12,Loyal Customers,Low Risk,0.15,558.7600000000007,Very High Value,Medium,Provide premium rewards and exclusive offers
15358.0,1,22,8703.209999999994,8328,15.031450777202062,264,5,5,5,15,Champions,Low Risk,0.15,95735.30999999992,Very High Value,Medium,Provide premium rewards and exclusive offers
15359.0,298,8,181.35,145,11.334375,10,1,5,1,7,Potential Customers,High Risk,0.75,4.852173913043478,Standard Value,High,Launch retention campaign and personalized offer
15361.0,162,3,270.15000000000003,37,90.05000000000001,3,2,3,2,7,Potential Customers,High Risk,0.75,4.972085889570552,Standard Value,High,Launch retention campaign and personalized offer
15362.0,84,2,613.08,368,15.327000000000002,38,2,3,3,8,Potential Customers,High Risk,0.75,14.425411764705883,Standard Value,High,Launch retention campaign and personalized offer
15363.0,8,2,678.11,383,19.37457142857143,32,5,3,3,11,Loyal Customers,Low Risk,0.15,150.69111111111113,High Value,Medium,Maintain regular engagement and monitor customer activity
15365.0,39,6,2242.8099999999995,1047,21.565480769230764,82,3,5,5,13,Champions,Low Risk,0.15,336.4214999999999,Very High Value,Medium,Provide premium rewards and exclusive offers
15366.0,45,5,1786.57,1826,19.006063829787237,67,3,4,4,11,Loyal Customers,Low Risk,0.15,194.19239130434784,High Value,Medium,Maintain regular engagement and monitor customer activity
15367.0,54,7,3203.74,1887,17.41163043478261,148,3,5,5,13,Champions,High Risk,0.75,407.74872727272725,Very High Value,High,Launch retention campaign and personalized offer
15368.0,30,1,275.79999999999995,176,68.94999999999999,4,4,1,2,7,Potential Customers,Low Risk,0.15,8.896774193548385,Standard Value,Low,Use personalized promotions to increase customer engagement
15369.0,128,11,6251.259999999999,3288,105.95355932203388,44,2,5,5,12,Loyal Customers,High Risk,0.75,533.0531782945735,Very High Value,High,Launch retention campaign and personalized offer
15370.0,46,1,1352.9600000000005,567,27.059200000000004,50,3,1,4,8,Potential Customers,Low Risk,0.15,28.786382978723413,Standard Value,Low,Use personalized promotions to increase customer engagement
15371.0,298,1,59.400000000000006,12,59.400000000000006,1,1,1,1,3,At Risk,High Risk,0.75,0.19866220735785955,Standard Value,High,Launch retention campaign and personalized offer
15372.0,86,7,4009.66,3486,133.65533333333337,19,2,5,5,12,Loyal Customers,High Risk,0.75,322.61632183908046,Very High Value,High,Launch retention campaign and personalized offer
15373.0,7,6,1005.48,269,14.572173913043477,49,5,5,4,14,Champions,Low Risk,0.15,754.11,Very High Value,Medium,Provide premium rewards and exclusive offers
15374.0,260,1,139.32000000000002,164,19.902857142857147,6,1,1,1,3,At Risk,High Risk,0.75,0.5337931034482759,Standard Value,High,Launch retention campaign and personalized offer
15375.0,326,1,60.96,84,10.159999999999998,6,1,1,1,3,At Risk,High Risk,0.75,0.18642201834862385,Standard Value,High,Launch retention campaign and personalized offer
15377.0,18,4,1211.75,253,57.70238095238095,15,4,4,4,12,Loyal Customers,Low Risk,0.15,255.10526315789474,High Value,Medium,Maintain regular engagement and monitor customer activity
15378.0,98,2,246.5,130,20.541666666666668,8,2,3,1,6,At Risk,High Risk,0.75,4.97979797979798,Standard Value,High,Launch retention campaign and personalized offer
15379.0,36,1,1174.5500000000002,695,17.022463768115944,69,4,1,4,9,Potential Customers,Low Risk,0.15,31.7445945945946,Standard Value,Low,Use personalized promotions to increase customer engagement
15380.0,1,7,1788.8000000000002,656,105.22352941176472,6,5,5,4,14,Champions,Low Risk,0.15,6260.800000000001,Very High Value,Medium,Provide premium rewards and exclusive offers
15381.0,59,3,1293.7200000000005,631,80.85750000000002,16,3,3,4,10,Loyal Customers,High Risk,0.75,64.68600000000002,High Value,High,Launch retention campaign and personalized offer
15382.0,10,6,7777.839999999988,5166,23.56921212121209,196,5,5,5,15,Champions,Low Risk,0.15,4242.458181818175,Very High Value,Medium,Provide premium rewards and exclusive offers
15384.0,17,2,1385.38,1171,17.991948051948054,70,4,3,4,11,Loyal Customers,Low Risk,0.15,153.93111111111114,High Value,Medium,Maintain regular engagement and monitor customer activity
15385.0,28,2,625.2,267,69.46666666666667,8,4,3,3,10,Loyal Customers,Low Risk,0.15,43.11724137931035,High Value,Medium,Maintain regular engagement and monitor customer activity
15387.0,128,1,468.6499999999998,335,23.43249999999999,20,2,1,2,5,At Risk,High Risk,0.75,3.632945736434107,Standard Value,High,Launch retention campaign and personalized offer
15389.0,36,4,2233.8,3540,446.7600000000001,2,4,4,5,13,Champions,Low Risk,0.15,241.49189189189192,High Value,Medium,Maintain regular engagement and monitor customer activity
15390.0,32,2,1216.66,894,15.80077922077922,77,4,3,4,11,Loyal Customers,Low Risk,0.15,73.73696969696971,High Value,Medium,Maintain regular engagement and monitor customer activity
15391.0,220,1,289.87,109,24.155833333333334,12,1,1,2,4,At Risk,High Risk,0.75,1.3116289592760182,Standard Value,High,Launch retention campaign and personalized offer
15392.0,10,3,1376.0899999999997,867,22.934833333333323,48,5,3,4,12,Loyal Customers,Low Risk,0.15,375.2972727272726,Very High Value,Medium,Provide premium rewards and exclusive offers
15393.0,203,3,659.4799999999999,228,20.60875,29,1,3,3,7,Potential Customers,High Risk,0.75,9.698235294117644,Standard Value,High,Launch retention campaign and personalized offer
15394.0,31,7,3103.2599999999998,1462,21.853943661971822,101,4,5,5,14,Champions,Low Risk,0.15,678.838125,Very High Value,Medium,Provide premium rewards and exclusive offers
15396.0,219,1,508.2000000000001,156,254.1,2,1,1,3,5,At Risk,High Risk,0.75,2.3100000000000005,Standard Value,High,Launch retention campaign and personalized offer
15400.0,56,3,586.0999999999999,272,39.07333333333333,11,3,3,3,9,Potential Customers,High Risk,0.75,30.847368421052625,Standard Value,High,Launch retention campaign and personalized offer
15401.0,88,2,216.95,93,15.496428571428568,14,2,3,1,6,At Risk,High Risk,0.75,4.8752808988764045,Standard Value,High,Launch retention campaign and personalized offer
15402.0,23,4,1203.770000000001,1340,13.525505617977537,58,4,4,4,12,Loyal Customers,Low Risk,0.15,200.62833333333347,High Value,Medium,Maintain regular engagement and monitor customer activity
15403.0,127,2,170.88000000000002,492,21.360000000000003,6,2,3,1,6,At Risk,High Risk,0.75,2.6700000000000004,Standard Value,High,Launch retention campaign and personalized offer
15404.0,11,1,257.06,334,16.06625,16,5,1,2,8,Potential Customers,Low Risk,0.15,21.421666666666667,Standard Value,Low,Use personalized promotions to increase customer engagement
15405.0,212,1,310.73999999999995,155,14.124545454545451,22,1,1,2,4,At Risk,High Risk,0.75,1.4588732394366195,Standard Value,High,Launch retention campaign and personalized offer
15406.0,89,2,465.1599999999998,293,6.741449275362316,66,2,3,2,7,Potential Customers,High Risk,0.75,10.336888888888884,Standard Value,High,Launch retention campaign and personalized offer
15409.0,357,1,131.25,59,14.583333333333334,9,1,1,1,3,At Risk,High Risk,0.75,0.36662011173184356,Standard Value,High,Launch retention campaign and personalized offer
15410.0,204,2,1234.88,702,30.872000000000003,32,1,3,4,8,Potential Customers,High Risk,0.75,12.047609756097563,Standard Value,High,Launch retention campaign and personalized offer
15413.0,327,5,6798.72,2694,271.9488,20,1,4,5,10,Loyal Customers,High Risk,0.75,103.6390243902439,High Value,High,Launch retention campaign and personalized offer
15416.0,114,3,588.5000000000001,330,16.347222222222225,36,2,3,3,8,Potential Customers,High Risk,0.75,15.352173913043481,Standard Value,High,Launch retention campaign and personalized offer
15418.0,61,2,452.32,266,6.555362318840579,64,3,3,2,8,Potential Customers,High Risk,0.75,14.590967741935483,Standard Value,High,Launch retention campaign and personalized offer
15420.0,70,6,742.9999999999999,844,13.26785714285714,52,3,5,3,11,Loyal Customers,High Risk,0.75,62.788732394366185,High Value,High,Launch retention campaign and personalized offer
15421.0,21,6,2854.9799999999973,1427,10.855437262357404,160,4,5,5,14,Champions,Low Risk,0.15,778.6309090909083,Very High Value,Medium,Provide premium rewards and exclusive offers
15422.0,15,5,1522.2700000000002,672,13.353245614035089,79,5,4,4,13,Champions,Low Risk,0.15,475.7093750000001,Very High Value,Medium,Provide premium rewards and exclusive offers
15423.0,217,2,223.39,97,18.61583333333333,12,1,3,1,5,At Risk,High Risk,0.75,2.0494495412844036,Standard Value,High,Launch retention campaign and personalized offer
15424.0,99,1,214.44000000000003,319,13.402500000000002,16,2,1,1,4,At Risk,High Risk,0.75,2.1444,Standard Value,High,Launch retention campaign and personalized offer
15425.0,36,4,1944.5699999999997,1042,13.50395833333333,114,4,4,4,12,Loyal Customers,Low Risk,0.15,210.22378378378374,High Value,Medium,Maintain regular engagement and monitor customer activity
15426.0,5,5,1168.000000000001,546,4.826446280991739,199,5,4,4,13,Champions,Low Risk,0.15,973.333333333334,Very High Value,Medium,Provide premium rewards and exclusive offers
15428.0,23,3,668.97,245,17.60447368421053,35,4,3,3,10,Loyal Customers,Low Risk,0.15,83.62125,High Value,Medium,Maintain regular engagement and monitor customer activity
15430.0,103,2,954.75,309,26.52083333333333,36,2,3,3,8,Potential Customers,High Risk,0.75,18.360576923076923,Standard Value,High,Launch retention campaign and personalized offer
15431.0,138,1,153.24,84,76.62,2,2,1,1,4,At Risk,High Risk,0.75,1.1024460431654677,Standard Value,High,Launch retention campaign and personalized offer
15432.0,177,1,149.57000000000002,27,24.928333333333335,6,1,1,1,3,At Risk,High Risk,0.75,0.8402808988764047,Standard Value,High,Launch retention campaign and personalized offer
15434.0,10,6,1525.5800000000004,776,19.311139240506336,60,5,5,4,14,Champions,Low Risk,0.15,832.1345454545458,Very High Value,Medium,Provide premium rewards and exclusive offers
15437.0,276,1,193.29,98,16.107499999999998,12,1,1,1,3,At Risk,High Risk,0.75,0.697797833935018,Standard Value,High,Launch retention campaign and personalized offer
15439.0,40,4,1269.0499999999995,572,22.264035087719293,49,3,4,4,11,Loyal Customers,Low Risk,0.15,123.80975609756092,High Value,Medium,Maintain regular engagement and monitor customer activity
15441.0,32,3,1254.2100000000005,587,22.00368421052632,45,4,3,4,11,Loyal Customers,Low Risk,0.15,114.01909090909095,High Value,Medium,Maintain regular engagement and monitor customer activity
15443.0,110,7,1939.02,1072,7.344772727272728,212,2,5,4,11,Loyal Customers,High Risk,0.75,122.28054054054054,High Value,High,Launch retention campaign and personalized offer
15445.0,226,1,171.0,60,19.0,9,1,1,1,3,At Risk,High Risk,0.75,0.7533039647577092,Standard Value,High,Launch retention campaign and personalized offer
15446.0,12,3,406.94999999999993,267,3.5697368421052627,90,5,3,2,10,Loyal Customers,Low Risk,0.15,93.91153846153846,High Value,Medium,Maintain regular engagement and monitor customer activity
15447.0,163,4,337.71,143,16.8855,20,2,4,2,8,Potential Customers,High Risk,0.75,8.236829268292682,Standard Value,High,Launch retention campaign and personalized offer
15448.0,310,1,294.17,255,14.008095238095237,21,1,1,2,4,At Risk,High Risk,0.75,0.9458842443729905,Standard Value,High,Launch retention campaign and personalized offer
15451.0,70,2,233.21,79,3.701746031746032,56,3,3,1,7,Potential Customers,High Risk,0.75,6.5692957746478875,Standard Value,High,Launch retention campaign and personalized offer
15452.0,26,3,1260.38,808,8.752638888888889,126,4,3,4,11,Loyal Customers,Low Risk,0.15,140.04222222222222,High Value,Medium,Maintain regular engagement and monitor customer activity
15454.0,254,1,128.59,62,8.036875,15,1,1,1,3,At Risk,High Risk,0.75,0.5042745098039216,Standard Value,High,Launch retention campaign and personalized offer
15455.0,233,1,38.25,3,19.125,2,1,1,1,3,At Risk,High Risk,0.75,0.16346153846153846,Standard Value,High,Launch retention campaign and personalized offer
15456.0,39,7,1672.0499999999993,2166,9.835588235294113,105,3,5,4,12,Loyal Customers,Low Risk,0.15,292.6087499999999,High Value,Medium,Maintain regular engagement and monitor customer activity
15458.0,38,1,208.8,144,34.8,6,3,1,1,5,At Risk,Low Risk,0.15,5.353846153846154,Standard Value,Low,Maintain regular engagement and monitor customer activity
15459.0,53,2,202.83,121,28.97571428571429,6,3,3,1,7,Potential Customers,Low Risk,0.15,7.512222222222222,Standard Value,Low,Use personalized promotions to increase customer engagement
15461.0,96,2,429.7,230,214.85,1,2,3,2,7,Potential Customers,High Risk,0.75,8.85979381443299,Standard Value,High,Launch retention campaign and personalized offer
15462.0,81,1,502.44999999999993,323,16.74833333333333,30,2,1,2,5,At Risk,High Risk,0.75,6.1274390243902435,Standard Value,High,Launch retention campaign and personalized offer
15465.0,5,15,5301.03,1512,31.9339156626506,77,5,5,5,15,Champions,Low Risk,0.15,13252.574999999999,Very High Value,Medium,Provide premium rewards and exclusive offers
15466.0,25,3,1236.4799999999996,698,5.944615384615383,172,4,3,4,11,Loyal Customers,Low Risk,0.15,142.67076923076917,High Value,Medium,Maintain regular engagement and monitor customer activity
15468.0,28,1,962.97,1245,17.19589285714286,56,4,1,3,8,Potential Customers,Low Risk,0.15,33.205862068965516,High Value,Medium,Use personalized promotions to increase customer engagement
15469.0,74,1,335.7,134,17.66842105263158,19,2,1,2,5,At Risk,High Risk,0.75,4.476,Standard Value,High,Launch retention campaign and personalized offer
15470.0,211,1,63.42,232,15.855,4,1,1,1,3,At Risk,High Risk,0.75,0.29915094339622644,Standard Value,High,Launch retention campaign and personalized offer
15471.0,16,2,847.0799999999999,417,9.965647058823528,67,4,3,3,10,Loyal Customers,Low Risk,0.15,99.65647058823528,High Value,Medium,Maintain regular engagement and monitor customer activity
15473.0,80,1,274.8,104,91.6,3,2,1,2,5,At Risk,High Risk,0.75,3.392592592592593,Standard Value,High,Launch retention campaign and personalized offer
15474.0,231,1,163.10000000000002,56,8.155000000000001,19,1,1,1,3,At Risk,High Risk,0.75,0.7030172413793104,Standard Value,High,Launch retention campaign and personalized offer
15476.0,16,4,2209.98,1174,27.97443037974683,67,4,4,5,13,Champions,Low Risk,0.15,519.9952941176471,Very High Value,Medium,Provide premium rewards and exclusive offers
15477.0,285,1,368.4,216,184.2,2,1,1,2,4,At Risk,High Risk,0.75,1.288111888111888,Standard Value,High,Launch retention campaign and personalized offer
15478.0,211,1,583.56,319,23.3424,24,1,1,3,5,At Risk,High Risk,0.75,2.752641509433962,Standard Value,High,Launch retention campaign and personalized offer
15479.0,369,1,147.39999999999998,38,16.377777777777776,9,1,1,1,3,At Risk,High Risk,0.75,0.3983783783783783,Standard Value,High,Launch retention campaign and personalized offer
15480.0,101,4,5373.499999999998,1549,31.608823529411755,162,2,4,5,11,Loyal Customers,High Risk,0.75,210.72549019607837,High Value,High,Launch retention campaign and personalized offer
15481.0,37,1,1993.3400000000004,1450,52.45631578947369,38,3,1,4,8,Potential Customers,Low Risk,0.15,52.45631578947369,High Value,Medium,Use personalized promotions to increase customer engagement
15482.0,22,7,3537.6000000000004,1512,69.36470588235295,41,4,5,5,14,Champions,Low Risk,0.15,1076.6608695652176,Very High Value,Medium,Provide premium rewards and exclusive offers
15483.0,21,6,628.3900000000001,649,3.1108415841584165,149,4,5,3,12,Loyal Customers,Low Risk,0.15,171.37909090909093,High Value,Medium,Maintain regular engagement and monitor customer activity
15484.0,176,2,1061.6900000000005,924,20.031886792452838,53,2,3,4,9,Potential Customers,High Risk,0.75,11.996497175141249,Standard Value,High,Launch retention campaign and personalized offer
15485.0,9,5,3196.51,1288,42.620133333333335,45,5,4,5,14,Champions,Low Risk,0.15,1598.255,Very High Value,Medium,Provide premium rewards and exclusive offers
15486.0,163,1,102.0,40,102.0,1,2,1,1,4,At Risk,High Risk,0.75,0.6219512195121951,Standard Value,High,Launch retention campaign and personalized offer
15487.0,315,1,231.32,144,16.522857142857145,14,1,1,1,3,At Risk,High Risk,0.75,0.7320253164556961,Standard Value,High,Launch retention campaign and personalized offer
15488.0,92,4,340.6,178,37.84444444444445,8,2,4,2,8,Potential Customers,High Risk,0.75,14.649462365591399,Standard Value,High,Launch retention campaign and personalized offer
15489.0,36,5,1285.3300000000006,656,20.08328125000001,43,4,4,4,12,Loyal Customers,Low Risk,0.15,173.69324324324333,High Value,Medium,Maintain regular engagement and monitor customer activity
15490.0,66,1,217.6,85,7.77142857142857,22,3,1,1,5,At Risk,High Risk,0.75,3.2477611940298505,Standard Value,High,Launch retention campaign and personalized offer
15493.0,25,4,2313.1800000000026,700,6.552917847025503,201,4,4,5,13,Champions,Low Risk,0.15,355.87384615384656,Very High Value,Medium,Provide premium rewards and exclusive offers
15494.0,114,3,2480.8199999999997,1949,9.767007874015745,219,2,3,5,10,Loyal Customers,High Risk,0.75,64.71704347826086,High Value,High,Launch retention campaign and personalized offer
15495.0,15,1,246.5,194,12.325,20,5,1,1,7,Potential Customers,Low Risk,0.15,15.40625,Standard Value,Low,Use personalized promotions to increase customer engagement
15496.0,267,1,146.14,98,6.642727272727272,22,1,1,1,3,At Risk,High Risk,0.75,0.5452985074626865,Standard Value,High,Launch retention campaign and personalized offer
15497.0,18,7,7395.189999999991,2313,69.76594339622633,61,4,5,5,14,Champions,Low Risk,0.15,2724.543684210523,Very High Value,Medium,Provide premium rewards and exclusive offers
15498.0,2,19,12723.180000000017,6517,27.719346405228794,340,5,5,5,15,Champions,Low Risk,0.15,80580.1400000001,Very High Value,Medium,Provide premium rewards and exclusive offers
15499.0,359,1,161.6,60,3.8476190476190473,40,1,1,1,3,At Risk,High Risk,0.75,0.4488888888888889,Standard Value,High,Launch retention campaign and personalized offer
15501.0,40,2,402.49999999999983,206,5.749999999999997,64,3,3,2,8,Potential Customers,Low Risk,0.15,19.634146341463406,Standard Value,Low,Use personalized promotions to increase customer engagement
15502.0,4,5,3608.540000000002,1625,24.38202702702704,114,5,4,5,14,Champions,Low Risk,0.15,3608.540000000002,Very High Value,Medium,Provide premium rewards and exclusive offers
15503.0,362,1,120.06,62,2.2652830188679247,50,1,1,1,3,At Risk,High Risk,0.75,0.3307438016528926,Standard Value,High,Launch retention campaign and personalized offer
15504.0,156,3,371.02,115,6.625357142857142,33,2,3,2,7,Potential Customers,High Risk,0.75,7.0895541401273885,Standard Value,High,Launch retention campaign and personalized offer
15506.0,17,3,1060.7699999999995,799,9.304999999999996,82,4,3,4,11,Loyal Customers,Low Risk,0.15,176.79499999999993,High Value,Medium,Maintain regular engagement and monitor customer activity
15509.0,16,1,166.50999999999996,72,5.741724137931033,26,4,1,1,6,At Risk,Low Risk,0.15,9.79470588235294,Standard Value,Low,Maintain regular engagement and monitor customer activity
15512.0,26,2,210.58,167,8.4232,22,4,3,1,8,Potential Customers,Low Risk,0.15,15.59851851851852,Standard Value,Low,Use personalized promotions to increase customer engagement
15513.0,1,18,12992.329999999996,5122,51.15090551181101,154,5,5,5,15,Champions,Low Risk,0.15,116930.96999999997,Very High Value,Medium,Provide premium rewards and exclusive offers
15514.0,15,7,2459.09,2086,15.179567901234568,97,5,5,5,15,Champions,Low Risk,0.15,1075.851875,Very High Value,Medium,Provide premium rewards and exclusive offers
15515.0,23,1,171.80999999999997,131,24.54428571428571,7,4,1,1,6,At Risk,Low Risk,0.15,7.158749999999999,Standard Value,Low,Maintain regular engagement and monitor customer activity
15518.0,15,7,2276.4899999999984,1550,9.446016597510368,166,5,5,5,15,Champions,Low Risk,0.15,995.9643749999993,Very High Value,Medium,Provide premium rewards and exclusive offers
15519.0,19,2,344.61,116,9.313783783783782,34,4,3,2,9,Potential Customers,Low Risk,0.15,34.461,High Value,Medium,Use personalized promotions to increase customer engagement
15521.0,36,8,4106.49,2680,18.665863636363635,121,4,5,5,14,Champions,Low Risk,0.15,887.8897297297297,Very High Value,Medium,Provide premium rewards and exclusive offers
15523.0,24,15,16947.980000000003,15741,83.07833333333335,63,4,5,5,14,Champions,Low Risk,0.15,10168.788000000002,Very High Value,Medium,Provide premium rewards and exclusive offers
15524.0,242,1,151.4,24,18.925,8,1,1,1,3,At Risk,High Risk,0.75,0.623045267489712,Standard Value,High,Launch retention campaign and personalized offer
15525.0,9,2,469.7799999999997,264,5.7997530864197495,66,5,3,2,10,Loyal Customers,Low Risk,0.15,93.95599999999993,High Value,Medium,Maintain regular engagement and monitor customer activity
15527.0,30,15,3145.86,1230,18.725357142857145,119,4,5,5,14,Champions,Low Risk,0.15,1522.1903225806452,Very High Value,Medium,Provide premium rewards and exclusive offers
15529.0,2,2,1116.72,992,8.092173913043478,133,5,3,4,12,Loyal Customers,Low Risk,0.15,744.48,Very High Value,Medium,Provide premium rewards and exclusive offers
15530.0,148,1,311.3699999999999,390,8.89628571428571,31,2,1,2,5,At Risk,High Risk,0.75,2.0897315436241604,Standard Value,High,Launch retention campaign and personalized offer
15532.0,12,6,2190.970000000003,828,5.905579514824806,281,5,5,5,15,Champions,Low Risk,0.15,1011.2169230769244,Very High Value,Medium,Provide premium rewards and exclusive offers
15534.0,361,1,162.25,63,20.28125,8,1,1,1,3,At Risk,High Risk,0.75,0.44820441988950277,Standard Value,High,Launch retention campaign and personalized offer
15535.0,40,2,551.4199999999998,180,9.346101694915252,50,3,3,3,9,Potential Customers,Low Risk,0.15,26.898536585365846,Standard Value,Low,Use personalized promotions to increase customer engagement
15536.0,45,1,259.09000000000003,242,16.193125000000002,16,3,1,2,6,At Risk,Low Risk,0.15,5.632391304347827,Standard Value,Low,Maintain regular engagement and monitor customer activity
15538.0,173,6,3358.4,1016,239.8857142857143,3,2,5,5,12,Loyal Customers,High Risk,0.75,115.80689655172415,High Value,High,Launch retention campaign and personalized offer
15540.0,11,1,247.38,244,15.46125,16,5,1,1,7,Potential Customers,Low Risk,0.15,20.615,Standard Value,Low,Use personalized promotions to increase customer engagement
15542.0,148,3,918.4500000000008,469,3.644642857142861,212,2,3,3,8,Potential Customers,High Risk,0.75,18.49228187919465,Standard Value,High,Launch retention campaign and personalized offer
15543.0,95,1,114.98000000000005,83,3.832666666666668,28,2,1,1,4,At Risk,High Risk,0.75,1.1977083333333338,Standard Value,High,Launch retention campaign and personalized offer
15544.0,8,12,4615.719999999998,3910,15.4889932885906,125,5,5,5,15,Champions,Low Risk,0.15,6154.293333333331,Very High Value,Medium,Provide premium rewards and exclusive offers
15545.0,7,1,135.32999999999998,75,4.365483870967742,31,5,1,1,7,Potential Customers,Low Risk,0.15,16.916249999999998,Standard Value,Low,Use personalized promotions to increase customer engagement
15546.0,242,2,1079.1,198,89.925,6,1,3,4,8,Potential Customers,High Risk,0.75,8.881481481481481,Standard Value,High,Launch retention campaign and personalized offer
15547.0,12,12,5199.549999999988,3330,7.926143292682909,365,5,5,5,15,Champions,Low Risk,0.15,4799.584615384605,Very High Value,Medium,Provide premium rewards and exclusive offers
15548.0,231,1,158.08999999999995,64,6.873478260869564,23,1,1,1,3,At Risk,High Risk,0.75,0.6814224137931032,Standard Value,High,Launch retention campaign and personalized offer
15549.0,57,5,652.7,242,13.887234042553192,43,3,4,3,10,Loyal Customers,High Risk,0.75,56.26724137931034,High Value,High,Launch retention campaign and personalized offer
15550.0,14,8,1643.1700000000003,849,9.179720670391063,138,5,5,4,14,Champions,Low Risk,0.15,876.3573333333335,Very High Value,Medium,Provide premium rewards and exclusive offers
15551.0,30,6,1274.0200000000004,596,10.442786885245903,95,4,5,4,13,Champions,Low Risk,0.15,246.58451612903235,High Value,Medium,Maintain regular engagement and monitor customer activity
15552.0,259,1,162.39999999999998,106,12.49230769230769,13,1,1,1,3,At Risk,High Risk,0.75,0.6246153846153846,Standard Value,High,Launch retention campaign and personalized offer
15555.0,1,22,7307.179999999996,4598,9.3442199488491,437,5,5,5,15,Champions,Low Risk,0.15,80378.97999999995,Very High Value,Medium,Provide premium rewards and exclusive offers
15558.0,275,1,214.13,86,8.565199999999999,23,1,1,1,3,At Risk,High Risk,0.75,0.7758333333333333,Standard Value,High,Launch retention campaign and personalized offer
15559.0,204,1,1109.3999999999996,526,17.893548387096768,62,1,1,4,6,At Risk,High Risk,0.75,5.411707317073169,Standard Value,High,Launch retention campaign and personalized offer
15560.0,33,2,153.51999999999998,72,15.352,10,4,3,1,8,Potential Customers,Low Risk,0.15,9.030588235294116,Standard Value,Low,Use personalized promotions to increase customer engagement
15561.0,19,4,1133.7999999999995,1067,17.44307692307692,44,4,4,4,12,Loyal Customers,Low Risk,0.15,226.7599999999999,High Value,Medium,Maintain regular engagement and monitor customer activity
15562.0,60,2,538.8299999999999,522,16.328181818181815,31,3,3,3,9,Potential Customers,High Risk,0.75,17.666557377049177,Standard Value,High,Launch retention campaign and personalized offer
15563.0,150,3,1466.5599999999986,1518,10.044931506849306,111,2,3,4,9,Potential Customers,High Risk,0.75,29.13695364238408,Standard Value,High,Launch retention campaign and personalized offer
15564.0,99,2,70.74000000000001,42,17.685000000000002,4,2,3,1,6,At Risk,High Risk,0.75,1.4148000000000003,Standard Value,High,Launch retention campaign and personalized offer
15566.0,28,2,227.87,153,18.989166666666662,9,4,3,1,8,Potential Customers,Low Risk,0.15,15.715172413793104,Standard Value,Low,Use personalized promotions to increase customer engagement
15569.0,26,5,2210.6400000000017,1070,19.91567567567569,102,4,4,5,13,Champions,Low Risk,0.15,409.3777777777781,Very High Value,Medium,Provide premium rewards and exclusive offers
15570.0,5,14,5145.519999999997,2212,11.113434125269972,302,5,5,5,15,Champions,Low Risk,0.15,12006.213333333326,Very High Value,Medium,Provide premium rewards and exclusive offers
15571.0,22,10,3401.1999999999966,2242,5.884429065743939,410,4,5,5,14,Champions,Low Risk,0.15,1478.7826086956507,Very High Value,Medium,Provide premium rewards and exclusive offers
15572.0,16,3,1515.8100000000004,919,10.750425531914896,113,4,3,4,11,Loyal Customers,Low Risk,0.15,267.49588235294124,High Value,Medium,Maintain regular engagement and monitor customer activity
15573.0,254,3,599.7300000000001,417,5.170086206896553,104,1,3,3,7,Potential Customers,High Risk,0.75,7.055647058823531,Standard Value,High,Launch retention campaign and personalized offer
15574.0,8,3,816.45,600,3.982682926829269,159,5,3,3,11,Loyal Customers,Low Risk,0.15,272.15000000000003,High Value,Medium,Maintain regular engagement and monitor customer activity
15575.0,255,1,30.1,6,10.033333333333331,3,1,1,1,3,At Risk,High Risk,0.75,0.117578125,Standard Value,High,Launch retention campaign and personalized offer
15577.0,359,2,139.09999999999997,32,6.6238095238095225,20,1,3,1,5,At Risk,High Risk,0.75,0.7727777777777776,Standard Value,High,Launch retention campaign and personalized offer
15579.0,19,3,953.9000000000004,603,7.949166666666671,106,4,3,3,10,Loyal Customers,Low Risk,0.15,143.08500000000006,High Value,Medium,Maintain regular engagement and monitor customer activity
15580.0,12,8,1381.1899999999998,959,6.031397379912663,150,5,5,4,14,Champions,Low Risk,0.15,849.9630769230769,Very High Value,Medium,Provide premium rewards and exclusive offers
15581.0,2,26,4114.619999999998,2860,7.244049295774644,456,5,5,5,15,Champions,Low Risk,0.15,35660.039999999986,Very High Value,Medium,Provide premium rewards and exclusive offers
15583.0,12,1,107.86000000000004,63,2.344782608695653,37,5,1,1,7,Potential Customers,Low Risk,0.15,8.29692307692308,Standard Value,Low,Use personalized promotions to increase customer engagement
15584.0,35,2,552.3900000000001,173,5.46920792079208,93,4,3,3,10,Loyal Customers,Low Risk,0.15,30.68833333333334,Standard Value,Low,Maintain regular engagement and monitor customer activity
15586.0,228,3,1139.1,1338,29.97631578947368,30,1,3,4,8,Potential Customers,High Risk,0.75,14.922707423580786,Standard Value,High,Launch retention campaign and personalized offer
15587.0,28,3,608.4000000000001,216,121.68000000000002,3,4,3,3,10,Loyal Customers,Low Risk,0.15,62.937931034482766,High Value,Medium,Maintain regular engagement and monitor customer activity
15588.0,313,1,579.6,96,144.9,4,1,1,3,5,At Risk,High Risk,0.75,1.845859872611465,Standard Value,High,Launch retention campaign and personalized offer
15590.0,18,5,1496.6,832,17.202298850574714,75,4,4,4,12,Loyal Customers,Low Risk,0.15,393.8421052631579,Very High Value,Medium,Provide premium rewards and exclusive offers
15591.0,218,3,217.9,58,31.12857142857143,6,1,3,1,5,At Risk,High Risk,0.75,2.9849315068493154,Standard Value,High,Launch retention campaign and personalized offer
15595.0,123,1,357.6,144,89.4,4,2,1,2,5,At Risk,High Risk,0.75,2.883870967741936,Standard Value,High,Launch retention campaign and personalized offer
15596.0,1,5,1723.4500000000007,815,17.408585858585866,65,5,4,4,13,Champions,Low Risk,0.15,4308.625000000002,Very High Value,Medium,Provide premium rewards and exclusive offers
15597.0,211,1,238.8,114,15.92,15,1,1,1,3,At Risk,High Risk,0.75,1.1264150943396227,Standard Value,High,Launch retention campaign and personalized offer
15598.0,63,1,307.34,244,13.97,22,3,1,2,6,At Risk,High Risk,0.75,4.8021875,Standard Value,High,Launch retention campaign and personalized offer
15599.0,81,1,488.3199999999999,380,15.752258064516123,31,2,1,2,5,At Risk,High Risk,0.75,5.95512195121951,Standard Value,High,Launch retention campaign and personalized offer
15600.0,64,4,1199.3100000000002,657,16.89169014084507,55,3,4,4,11,Loyal Customers,High Risk,0.75,73.80369230769232,High Value,High,Launch retention campaign and personalized offer
15601.0,8,17,8183.559999999981,6078,17.713333333333292,161,5,5,5,15,Champions,Low Risk,0.15,15457.835555555519,Very High Value,Medium,Provide premium rewards and exclusive offers
15602.0,4,8,1932.6400000000008,1212,23.568780487804887,47,5,5,4,14,Champions,Low Risk,0.15,3092.224000000001,Very High Value,Medium,Provide premium rewards and exclusive offers
15603.0,284,1,40.0,32,20.0,2,1,1,1,3,At Risk,High Risk,0.75,0.14035087719298245,Standard Value,High,Launch retention campaign and personalized offer
15605.0,9,5,738.57,271,16.785681818181818,37,5,4,3,12,Loyal Customers,Low Risk,0.15,369.285,Very High Value,Medium,Provide premium rewards and exclusive offers
15606.0,26,8,2310.83,723,33.98279411764706,47,4,5,5,14,Champions,Low Risk,0.15,684.6903703703704,Very High Value,Medium,Provide premium rewards and exclusive offers
15607.0,179,8,1604.21,1268,16.710520833333334,83,1,5,4,10,Loyal Customers,High Risk,0.75,71.29822222222222,High Value,High,Launch retention campaign and personalized offer
15608.0,51,1,692.3,548,15.384444444444444,45,3,1,3,7,Potential Customers,Low Risk,0.15,13.313461538461537,Standard Value,Low,Use personalized promotions to increase customer engagement
15611.0,19,13,1405.83,243,27.565294117647056,24,4,5,4,13,Champions,Low Risk,0.15,913.7895000000001,Very High Value,Medium,Provide premium rewards and exclusive offers
15613.0,246,1,433.7199999999999,700,16.063703703703702,27,1,1,2,4,At Risk,High Risk,0.75,1.7559514170040482,Standard Value,High,Launch retention campaign and personalized offer
15614.0,73,4,3147.3599999999988,1632,38.85629629629628,73,2,4,5,11,Loyal Customers,High Risk,0.75,170.1275675675675,High Value,High,Launch retention campaign and personalized offer
15615.0,26,24,10974.22999999999,6582,22.958640167363995,193,4,5,5,14,Champions,Low Risk,0.15,9754.871111111102,Very High Value,Medium,Provide premium rewards and exclusive offers
15616.0,74,1,317.11,137,24.39307692307692,13,2,1,2,5,At Risk,High Risk,0.75,4.228133333333333,Standard Value,High,Launch retention campaign and personalized offer
15617.0,32,3,828.5500000000002,485,19.72738095238096,41,4,3,3,10,Loyal Customers,Low Risk,0.15,75.32272727272729,High Value,Medium,Maintain regular engagement and monitor customer activity
15620.0,45,1,389.18,334,13.42,29,3,1,2,6,At Risk,Low Risk,0.15,8.460434782608695,Standard Value,Low,Maintain regular engagement and monitor customer activity
15622.0,63,8,4143.049999999998,2417,17.191078838174267,197,3,5,5,13,Champions,High Risk,0.75,517.8812499999998,Very High Value,High,Launch retention campaign and personalized offer
15623.0,29,7,2136.020000000001,962,24.000224719101134,77,4,5,4,13,Champions,Low Risk,0.15,498.4046666666669,Very High Value,Medium,Provide premium rewards and exclusive offers
15625.0,12,5,1702.14,1832,15.907850467289718,78,5,4,4,13,Champions,Low Risk,0.15,654.6692307692308,Very High Value,Medium,Provide premium rewards and exclusive offers
15626.0,57,1,391.72,372,12.636129032258063,31,3,1,2,6,At Risk,High Risk,0.75,6.7537931034482765,Standard Value,High,Launch retention campaign and personalized offer
15627.0,93,2,566.8999999999999,344,23.620833333333326,23,2,3,3,8,Potential Customers,High Risk,0.75,12.061702127659572,Standard Value,High,Launch retention campaign and personalized offer
15628.0,2,9,2782.02,1925,17.06760736196319,86,5,5,5,15,Champions,Low Risk,0.15,8346.06,Very High Value,Medium,Provide premium rewards and exclusive offers
15629.0,86,4,2240.900000000001,1518,29.10259740259741,39,2,4,5,11,Loyal Customers,High Risk,0.75,103.0298850574713,High Value,High,Launch retention campaign and personalized offer
15630.0,280,1,295.05,187,14.7525,20,1,1,2,4,At Risk,High Risk,0.75,1.05,Standard Value,High,Launch retention campaign and personalized offer
15631.0,278,1,596.6700000000001,525,15.299230769230771,39,1,1,3,5,At Risk,High Risk,0.75,2.1386021505376345,Standard Value,High,Launch retention campaign and personalized offer
15633.0,145,13,4352.459999999997,2058,24.59016949152541,77,2,5,5,12,Loyal Customers,High Risk,0.75,387.54780821917785,Very High Value,High,Launch retention campaign and personalized offer
15634.0,19,1,311.1,128,16.373684210526317,19,4,1,2,7,Potential Customers,Low Risk,0.15,15.555000000000001,Standard Value,Low,Use personalized promotions to increase customer engagement
15635.0,31,1,100.35,5,50.175,2,4,1,1,6,At Risk,Low Risk,0.15,3.1359375,Standard Value,Low,Maintain regular engagement and monitor customer activity
15636.0,73,2,719.8199999999999,276,22.494375,27,2,3,3,8,Potential Customers,High Risk,0.75,19.454594594594592,Standard Value,High,Launch retention campaign and personalized offer
15637.0,49,4,574.2300000000001,523,22.08576923076924,23,3,4,3,10,Loyal Customers,Low Risk,0.15,45.93840000000001,High Value,Medium,Maintain regular engagement and monitor customer activity
15638.0,14,6,2265.2,1134,90.608,20,5,5,5,15,Champions,Low Risk,0.15,906.0799999999999,Very High Value,Medium,Provide premium rewards and exclusive offers
15639.0,87,2,639.7599999999998,526,14.539999999999994,40,2,3,3,8,Potential Customers,High Risk,0.75,14.539999999999994,Standard Value,High,Launch retention campaign and personalized offer
15640.0,8,15,11441.92,5783,40.71857651245551,139,5,5,5,15,Champions,Low Risk,0.15,19069.866666666665,Very High Value,Medium,Provide premium rewards and exclusive offers
15641.0,32,8,3458.349999999997,2860,18.01223958333332,168,4,5,5,14,Champions,Low Risk,0.15,838.3878787878781,Very High Value,Medium,Provide premium rewards and exclusive offers
15642.0,365,1,105.78000000000004,270,17.630000000000006,6,1,1,1,3,At Risk,High Risk,0.75,0.2890163934426231,Standard Value,High,Launch retention campaign and personalized offer
15645.0,50,2,443.1599999999999,140,27.697499999999994,16,3,3,2,8,Potential Customers,Low Risk,0.15,17.37882352941176,Standard Value,Low,Use personalized promotions to increase customer engagement
15646.0,8,3,526.9700000000003,657,10.539400000000006,50,5,3,3,11,Loyal Customers,Low Risk,0.15,175.65666666666675,High Value,Medium,Maintain regular engagement and monitor customer activity
15647.0,51,1,169.0,124,15.363636363636363,11,3,1,1,5,At Risk,Low Risk,0.15,3.25,Standard Value,Low,Maintain regular engagement and monitor customer activity
15649.0,3,3,1354.35,293,135.435,8,5,3,4,12,Loyal Customers,Low Risk,0.15,1015.7624999999999,Very High Value,Medium,Provide premium rewards and exclusive offers
15650.0,157,2,553.8799999999999,210,15.385555555555552,33,2,3,3,8,Potential Customers,High Risk,0.75,7.011139240506328,Standard Value,High,Launch retention campaign and personalized offer
15651.0,56,2,612.76,392,21.884285714285717,28,3,3,3,9,Potential Customers,High Risk,0.75,21.500350877192982,Standard Value,High,Launch retention campaign and personalized offer
15652.0,23,4,1082.5999999999997,451,13.0433734939759,76,4,4,4,12,Loyal Customers,Low Risk,0.15,180.43333333333328,High Value,Medium,Maintain regular engagement and monitor customer activity
15658.0,8,4,1399.3700000000006,449,20.578970588235304,58,5,4,4,13,Champions,Low Risk,0.15,621.9422222222224,Very High Value,Medium,Provide premium rewards and exclusive offers
15659.0,22,2,226.04,50,22.604000000000003,8,4,3,1,8,Potential Customers,Low Risk,0.15,19.655652173913044,Standard Value,Low,Use personalized promotions to increase customer engagement
15660.0,1,7,1212.13,843,17.072253521126758,44,5,5,4,14,Champions,Low Risk,0.15,4242.455,Very High Value,Medium,Provide premium rewards and exclusive offers
15661.0,15,6,906.1500000000002,543,23.234615384615388,26,5,5,3,13,Champions,Low Risk,0.15,339.8062500000001,Very High Value,Medium,Provide premium rewards and exclusive offers
15662.0,297,2,283.73,145,23.644166666666667,12,1,3,2,6,At Risk,High Risk,0.75,1.9042281879194631,Standard Value,High,Launch retention campaign and personalized offer
15664.0,85,3,867.5999999999998,373,16.369811320754714,46,2,3,3,8,Potential Customers,High Risk,0.75,30.26511627906976,Standard Value,High,Launch retention campaign and personalized offer
15665.0,47,3,1773.1100000000015,1128,10.30877906976745,122,3,3,4,10,Loyal Customers,Low Risk,0.15,110.8193750000001,High Value,Medium,Maintain regular engagement and monitor customer activity
15666.0,108,2,632.94,469,9.446865671641792,62,2,3,3,8,Potential Customers,High Risk,0.75,11.613577981651376,Standard Value,High,Launch retention campaign and personalized offer
15670.0,192,1,152.15,41,21.735714285714288,7,1,1,1,3,At Risk,High Risk,0.75,0.7883419689119171,Standard Value,High,Launch retention campaign and personalized offer
15672.0,361,1,45.3,10,15.1,3,1,1,1,3,At Risk,High Risk,0.75,0.12513812154696133,Standard Value,High,Launch retention campaign and personalized offer
15673.0,87,5,3533.77,1847,26.770984848484847,95,2,4,5,11,Loyal Customers,High Risk,0.75,200.78238636363633,High Value,High,Launch retention campaign and personalized offer
15674.0,53,8,4501.629999999995,2373,18.99421940928268,199,3,5,5,13,Champions,Low Risk,0.15,666.9081481481473,Very High Value,Medium,Provide premium rewards and exclusive offers
15675.0,40,1,218.35,97,15.596428571428572,14,3,1,1,5,At Risk,Low Risk,0.15,5.325609756097561,Standard Value,Low,Maintain regular engagement and monitor customer activity
15677.0,57,2,648.4000000000002,356,16.62564102564103,32,3,3,3,9,Potential Customers,High Risk,0.75,22.35862068965518,Standard Value,High,Launch retention campaign and personalized offer
15678.0,31,2,1541.1899999999996,883,18.131647058823525,67,4,3,4,11,Loyal Customers,Low Risk,0.15,96.32437499999997,High Value,Medium,Maintain regular engagement and monitor customer activity
15680.0,2,8,3173.8999999999987,2122,16.882446808510633,128,5,5,5,15,Champions,Low Risk,0.15,8463.73333333333,Very High Value,Medium,Provide premium rewards and exclusive offers
15681.0,15,9,1563.5400000000004,576,44.67257142857144,23,5,5,4,14,Champions,Low Risk,0.15,879.4912500000003,Very High Value,Medium,Provide premium rewards and exclusive offers
15682.0,235,2,318.23999999999995,222,12.729599999999998,25,1,3,2,6,At Risk,High Risk,0.75,2.6969491525423726,Standard Value,High,Launch retention campaign and personalized offer
15683.0,109,1,330.79,201,20.674375,16,2,1,2,5,At Risk,High Risk,0.75,3.0071818181818184,Standard Value,High,Launch retention campaign and personalized offer
15684.0,183,3,173.95000000000002,77,15.813636363636364,9,1,3,1,5,At Risk,High Risk,0.75,2.836141304347826,Standard Value,High,Launch retention campaign and personalized offer
15685.0,86,1,55.98000000000001,36,3.2929411764705887,17,2,1,1,4,At Risk,High Risk,0.75,0.6434482758620691,Standard Value,High,Launch retention campaign and personalized offer
15686.0,56,1,90.0,72,90.0,1,3,1,1,5,At Risk,High Risk,0.75,1.5789473684210527,Standard Value,High,Launch retention campaign and personalized offer
15688.0,54,1,190.57,95,7.058148148148148,26,3,1,1,5,At Risk,High Risk,0.75,3.464909090909091,Standard Value,High,Launch retention campaign and personalized offer
15689.0,253,1,266.93,123,17.795333333333335,15,1,1,2,4,At Risk,High Risk,0.75,1.0509055118110235,Standard Value,High,Launch retention campaign and personalized offer
15691.0,30,3,434.5,140,36.208333333333336,10,4,3,2,9,Potential Customers,Low Risk,0.15,42.04838709677419,High Value,Medium,Use personalized promotions to increase customer engagement
15693.0,295,1,37.5,30,37.5,1,1,1,1,3,At Risk,High Risk,0.75,0.1266891891891892,Standard Value,High,Launch retention campaign and personalized offer
15694.0,1,12,4331.409999999998,981,56.252077922077895,43,5,5,5,15,Champions,Low Risk,0.15,25988.45999999999,Very High Value,Medium,Provide premium rewards and exclusive offers
15695.0,233,2,721.0599999999998,272,19.488108108108104,35,1,3,3,7,Potential Customers,High Risk,0.75,6.162905982905982,Standard Value,High,Launch retention campaign and personalized offer
15696.0,59,5,1170.1100000000004,371,22.07754716981133,36,3,4,4,11,Loyal Customers,High Risk,0.75,97.5091666666667,High Value,High,Launch retention campaign and personalized offer
15697.0,325,1,246.75,127,17.625,14,1,1,1,3,At Risk,High Risk,0.75,0.7569018404907976,Standard Value,High,Launch retention campaign and personalized offer
15698.0,260,1,46.2,60,23.1,2,1,1,1,3,At Risk,High Risk,0.75,0.17701149425287357,Standard Value,High,Launch retention campaign and personalized offer
15702.0,112,2,140.39,103,4.679666666666666,30,2,3,1,6,At Risk,High Risk,0.75,2.4847787610619467,Standard Value,High,Launch retention campaign and personalized offer
15704.0,138,2,1524.3400000000013,695,16.937111111111125,75,2,3,4,9,Potential Customers,High Risk,0.75,21.932949640287788,Standard Value,High,Launch retention campaign and personalized offer
15708.0,5,3,1014.48,408,9.481121495327104,57,5,3,4,12,Loyal Customers,Low Risk,0.15,507.24,Very High Value,Medium,Provide premium rewards and exclusive offers
15709.0,225,1,194.6,48,9.266666666666666,20,1,1,1,3,At Risk,High Risk,0.75,0.8610619469026548,Standard Value,High,Launch retention campaign and personalized offer
15710.0,53,1,898.8700000000005,641,8.171545454545459,110,3,1,3,7,Potential Customers,Low Risk,0.15,16.64574074074075,Standard Value,Low,Use personalized promotions to increase customer engagement
15711.0,192,2,420.25,199,16.81,25,1,3,2,6,At Risk,High Risk,0.75,4.3549222797927465,Standard Value,High,Launch retention campaign and personalized offer
15712.0,15,7,2400.0499999999997,791,21.239380530973445,69,5,5,5,15,Champions,Low Risk,0.15,1050.021875,Very High Value,Medium,Provide premium rewards and exclusive offers
15713.0,2,3,654.09,360,15.57357142857143,39,5,3,3,11,Loyal Customers,Low Risk,0.15,654.09,Very High Value,Medium,Provide premium rewards and exclusive offers
15714.0,89,3,453.93,175,32.42357142857143,14,2,3,2,7,Potential Customers,High Risk,0.75,15.131,Standard Value,High,Launch retention campaign and personalized offer
15715.0,191,5,658.02,246,17.316315789473684,33,1,4,3,8,Potential Customers,High Risk,0.75,17.1359375,Standard Value,High,Launch retention campaign and personalized offer
15716.0,5,8,1938.0000000000005,1077,9.317307692307695,141,5,5,4,14,Champions,Low Risk,0.15,2584.0000000000005,Very High Value,Medium,Provide premium rewards and exclusive offers
15717.0,57,4,456.7000000000001,154,26.864705882352943,13,3,4,2,9,Potential Customers,High Risk,0.75,31.496551724137937,Standard Value,High,Launch retention campaign and personalized offer
15718.0,176,1,293.79,95,16.321666666666665,18,2,1,2,5,At Risk,High Risk,0.75,1.6598305084745764,Standard Value,High,Launch retention campaign and personalized offer
15719.0,17,18,5177.449999999983,2643,6.1416963226571575,283,4,5,5,14,Champions,Low Risk,0.15,5177.449999999983,Very High Value,Medium,Provide premium rewards and exclusive offers
15720.0,186,1,143.19000000000003,48,5.303333333333335,25,1,1,1,3,At Risk,High Risk,0.75,0.76572192513369,Standard Value,High,Launch retention campaign and personalized offer
15722.0,81,6,3035.54,1257,27.103035714285717,74,2,5,5,12,Loyal Customers,High Risk,0.75,222.11268292682925,High Value,High,Launch retention campaign and personalized offer
15723.0,47,3,744.5500000000003,357,8.460795454545458,77,3,3,3,9,Potential Customers,Low Risk,0.15,46.53437500000002,High Value,Medium,Use personalized promotions to increase customer engagement
15724.0,36,1,92.6,44,15.433333333333332,6,4,1,1,6,At Risk,Low Risk,0.15,2.5027027027027025,Standard Value,Low,Maintain regular engagement and monitor customer activity
15726.0,26,1,321.9100000000001,123,13.996086956521742,23,4,1,2,7,Potential Customers,Low Risk,0.15,11.922592592592595,Standard Value,Low,Use personalized promotions to increase customer engagement
15727.0,23,8,4266.55,2877,10.88405612244898,278,4,5,5,14,Champions,Low Risk,0.15,1422.1833333333334,Very High Value,Medium,Provide premium rewards and exclusive offers
15728.0,15,2,544.6,132,45.38333333333333,10,5,3,3,11,Loyal Customers,Low Risk,0.15,68.075,High Value,Medium,Maintain regular engagement and monitor customer activity
15729.0,36,2,107.55,19,17.925,5,4,3,1,8,Potential Customers,Low Risk,0.15,5.813513513513513,Standard Value,Low,Use personalized promotions to increase customer engagement
15730.0,17,2,605.7,372,14.773170731707316,40,4,3,3,10,Loyal Customers,Low Risk,0.15,67.30000000000001,High Value,Medium,Maintain regular engagement and monitor customer activity
15731.0,189,1,125.3,122,15.6625,8,1,1,1,3,At Risk,High Risk,0.75,0.6594736842105263,Standard Value,High,Launch retention campaign and personalized offer
15732.0,8,9,1387.9500000000005,1146,15.42166666666667,53,5,5,4,14,Champions,Low Risk,0.15,1387.9500000000005,Very High Value,Medium,Provide premium rewards and exclusive offers
15734.0,72,2,923.85,170,54.344117647058816,14,2,3,3,8,Potential Customers,High Risk,0.75,25.31095890410959,Standard Value,High,Launch retention campaign and personalized offer
15735.0,57,1,327.67999999999995,206,17.24631578947368,19,3,1,2,6,At Risk,High Risk,0.75,5.649655172413793,Standard Value,High,Launch retention campaign and personalized offer
15736.0,71,2,1815.7200000000005,1268,17.628349514563112,95,3,3,4,10,Loyal Customers,High Risk,0.75,50.43666666666668,High Value,High,Launch retention campaign and personalized offer
15738.0,8,26,8560.55,6303,26.503250773993805,64,5,5,5,15,Champions,Low Risk,0.15,24730.477777777778,Very High Value,Medium,Provide premium rewards and exclusive offers
15741.0,94,2,208.62,70,17.385,11,2,3,1,6,At Risk,High Risk,0.75,4.392,Standard Value,High,Launch retention campaign and personalized offer
15742.0,255,1,156.86999999999998,51,3.8260975609756094,41,1,1,1,3,At Risk,High Risk,0.75,0.6127734374999999,Standard Value,High,Launch retention campaign and personalized offer
15747.0,11,6,1588.5700000000004,890,12.508425196850396,78,5,5,4,14,Champions,Low Risk,0.15,794.2850000000002,Very High Value,Medium,Provide premium rewards and exclusive offers
15748.0,85,2,465.4500000000001,211,29.090625000000003,16,2,3,2,7,Potential Customers,High Risk,0.75,10.824418604651164,Standard Value,High,Launch retention campaign and personalized offer
15750.0,2,12,4331.710999999996,2807,12.13364425770307,250,5,5,5,15,Champions,Low Risk,0.15,17326.843999999983,Very High Value,Medium,Provide premium rewards and exclusive offers
15751.0,96,11,1380.4400000000005,443,10.618769230769235,90,2,5,4,11,Loyal Customers,High Risk,0.75,156.5447422680413,High Value,High,Launch retention campaign and personalized offer
15752.0,8,3,1570.1600000000008,989,7.89025125628141,174,5,3,4,12,Loyal Customers,Low Risk,0.15,523.3866666666669,Very High Value,Medium,Provide premium rewards and exclusive offers
15754.0,129,6,2579.0399999999995,1563,25.039223300970868,90,2,5,5,12,Loyal Customers,High Risk,0.75,119.03261538461537,High Value,High,Launch retention campaign and personalized offer
15755.0,15,11,3628.869999999994,2607,15.777695652173886,181,5,5,5,15,Champions,Low Risk,0.15,2494.848124999996,Very High Value,Medium,Provide premium rewards and exclusive offers
15757.0,22,4,2225.939999999999,1266,15.04013513513513,127,4,4,5,13,Champions,Low Risk,0.15,387.11999999999983,Very High Value,Medium,Provide premium rewards and exclusive offers
15759.0,147,4,577.8900000000001,463,57.78900000000001,7,2,4,3,9,Potential Customers,High Risk,0.75,15.618648648648652,Standard Value,High,Launch retention campaign and personalized offer
15760.0,266,2,13916.34,2,6958.17,1,1,3,5,9,Potential Customers,High Risk,0.75,104.24224719101123,High Value,High,Launch retention campaign and personalized offer
15761.0,78,1,143.05,31,28.610000000000003,5,2,1,1,4,At Risk,High Risk,0.75,1.8107594936708862,Standard Value,High,Launch retention campaign and personalized offer
15764.0,70,2,1223.11,895,17.726231884057974,69,3,3,4,10,Loyal Customers,High Risk,0.75,34.45380281690141,High Value,High,Launch retention campaign and personalized offer
15765.0,302,1,370.6299999999999,335,14.825199999999995,25,1,1,2,4,At Risk,High Risk,0.75,1.2232013201320129,Standard Value,High,Launch retention campaign and personalized offer
15766.0,92,2,516.0,164,34.4,15,2,3,3,8,Potential Customers,High Risk,0.75,11.096774193548388,Standard Value,High,Launch retention campaign and personalized offer
15768.0,112,31,14979.26,4015,12.36933113129645,416,2,5,5,12,Loyal Customers,High Risk,0.75,4109.354513274337,Very High Value,High,Launch retention campaign and personalized offer
15769.0,7,21,32451.6,19432,345.22978723404253,11,5,5,5,15,Champions,Low Risk,0.15,85185.45,Very High Value,Medium,Provide premium rewards and exclusive offers
15770.0,248,1,321.45000000000005,67,17.858333333333334,18,1,1,2,4,At Risk,High Risk,0.75,1.290963855421687,Standard Value,High,Launch retention campaign and personalized offer
15771.0,240,3,1006.5400000000002,512,35.94785714285715,26,1,3,4,8,Potential Customers,High Risk,0.75,12.529543568464733,Standard Value,High,Launch retention campaign and personalized offer
15772.0,54,1,280.88000000000005,110,17.555000000000003,16,3,1,2,6,At Risk,High Risk,0.75,5.106909090909092,Standard Value,High,Launch retention campaign and personalized offer
15773.0,45,1,138.84,99,3.7524324324324327,37,3,1,1,5,At Risk,Low Risk,0.15,3.0182608695652173,Standard Value,Low,Maintain regular engagement and monitor customer activity
15774.0,54,5,1059.14,386,12.035681818181816,69,3,4,4,11,Loyal Customers,High Risk,0.75,96.28545454545456,High Value,High,Launch retention campaign and personalized offer
15775.0,267,1,45.6,192,22.8,2,1,1,1,3,At Risk,High Risk,0.75,0.1701492537313433,Standard Value,High,Launch retention campaign and personalized offer
15777.0,32,3,715.5000000000001,221,39.75000000000001,15,4,3,3,10,Loyal Customers,Low Risk,0.15,65.04545454545456,High Value,Medium,Maintain regular engagement and monitor customer activity
15778.0,67,1,307.95000000000005,101,18.114705882352943,17,3,1,2,6,At Risk,High Risk,0.75,4.528676470588236,Standard Value,High,Launch retention campaign and personalized offer
15779.0,99,2,124.08,20,15.51,8,2,3,1,6,At Risk,High Risk,0.75,2.4816,Standard Value,High,Launch retention campaign and personalized offer
15782.0,66,1,1399.36,980,77.74222222222222,18,3,1,4,8,Potential Customers,High Risk,0.75,20.88597014925373,Standard Value,High,Launch retention campaign and personalized offer
15784.0,103,2,848.3299999999998,381,19.728604651162787,33,2,3,3,8,Potential Customers,High Risk,0.75,16.31403846153846,Standard Value,High,Launch retention campaign and personalized offer
15785.0,15,11,3640.96,2867,25.640563380281687,78,5,5,5,15,Champions,Low Risk,0.15,2503.16,Very High Value,Medium,Provide premium rewards and exclusive offers
15786.0,53,2,3582.619999999998,2617,18.00311557788944,166,3,3,5,11,Loyal Customers,Low Risk,0.15,132.68962962962956,High Value,Medium,Maintain regular engagement and monitor customer activity
15788.0,144,1,221.83000000000004,115,15.845000000000002,14,2,1,1,4,At Risk,High Risk,0.75,1.5298620689655176,Standard Value,High,Launch retention campaign and personalized offer
15789.0,67,5,1610.709999999999,2061,14.254070796460168,90,3,4,4,11,Loyal Customers,High Risk,0.75,118.43455882352933,High Value,High,Launch retention campaign and personalized offer
15791.0,165,3,1995.65,1239,21.69184782608696,73,2,3,4,9,Potential Customers,High Risk,0.75,36.06596385542169,High Value,High,Launch retention campaign and personalized offer
15792.0,35,2,933.84,606,16.383157894736843,57,4,3,3,10,Loyal Customers,Low Risk,0.15,51.88,High Value,Medium,Maintain regular engagement and monitor customer activity
15793.0,14,5,1433.96,1132,79.66444444444444,9,5,4,4,13,Champions,Low Risk,0.15,477.9866666666667,Very High Value,Medium,Provide premium rewards and exclusive offers
15794.0,372,2,777.0,288,51.8,15,1,3,3,7,Potential Customers,High Risk,0.75,4.166219839142091,Standard Value,High,Launch retention campaign and personalized offer
15795.0,66,7,1369.86,830,15.39168539325843,74,3,5,4,12,Loyal Customers,High Risk,0.75,143.1197014925373,High Value,High,Launch retention campaign and personalized offer
15796.0,10,9,2464.2700000000004,874,15.211543209876544,107,5,5,5,15,Champions,Low Risk,0.15,2016.2209090909093,Very High Value,Medium,Provide premium rewards and exclusive offers
15797.0,217,2,613.6800000000001,408,153.42000000000002,4,1,3,3,7,Potential Customers,High Risk,0.75,5.630091743119267,Standard Value,High,Launch retention campaign and personalized offer
15798.0,128,3,1535.37,915,18.49843373493976,73,2,3,4,9,Potential Customers,High Risk,0.75,35.70627906976744,High Value,High,Launch retention campaign and personalized offer
15799.0,54,1,540.15,387,9.476315789473684,54,3,1,3,7,Potential Customers,High Risk,0.75,9.82090909090909,Standard Value,High,Launch retention campaign and personalized offer
15800.0,89,5,543.5000000000002,253,4.348000000000002,97,2,4,3,9,Potential Customers,High Risk,0.75,30.194444444444454,Standard Value,High,Launch retention campaign and personalized offer
15803.0,81,3,1513.84,740,35.20558139534884,42,2,3,4,9,Potential Customers,High Risk,0.75,55.38439024390243,High Value,High,Launch retention campaign and personalized offer
15805.0,21,13,4660.749999999996,2838,20.264130434782597,176,4,5,5,14,Champions,Low Risk,0.15,2754.0795454545437,Very High Value,Medium,Provide premium rewards and exclusive offers
15807.0,44,2,913.6199999999998,1102,22.840499999999995,40,3,3,3,9,Potential Customers,Low Risk,0.15,40.60533333333332,High Value,Medium,Use personalized promotions to increase customer engagement
15808.0,5,18,14674.96000000002,5886,22.576861538461568,314,5,5,5,15,Champions,Low Risk,0.15,44024.880000000056,Very High Value,Medium,Provide premium rewards and exclusive offers
15809.0,95,2,758.6700000000002,399,32.98565217391305,22,2,3,3,8,Potential Customers,High Risk,0.75,15.805625000000004,Standard Value,High,Launch retention campaign and personalized offer
15810.0,22,4,1607.0599999999995,792,20.870909090909084,48,4,4,4,12,Loyal Customers,Low Risk,0.15,279.4886956521738,High Value,Medium,Maintain regular engagement and monitor customer activity
15811.0,1,2,1671.8999999999994,851,9.445762711864404,120,5,3,4,12,Loyal Customers,Low Risk,0.15,1671.8999999999994,Very High Value,Medium,Provide premium rewards and exclusive offers
15812.0,71,7,3400.3299999999995,2528,40.48011904761904,57,3,5,5,13,Champions,High Risk,0.75,330.5876388888889,Very High Value,High,Launch retention campaign and personalized offer
15814.0,29,2,689.11,457,26.50423076923077,23,4,3,3,10,Loyal Customers,Low Risk,0.15,45.940666666666665,High Value,Medium,Maintain regular engagement and monitor customer activity
15816.0,178,2,144.15,54,13.104545454545455,11,1,3,1,5,At Risk,High Risk,0.75,1.6106145251396649,Standard Value,High,Launch retention campaign and personalized offer
15817.0,56,3,2766.399999999999,1596,18.2,133,3,3,5,11,Loyal Customers,High Risk,0.75,145.59999999999994,High Value,High,Launch retention campaign and personalized offer
15818.0,224,1,340.5,284,30.954545454545453,11,1,1,2,4,At Risk,High Risk,0.75,1.5133333333333334,Standard Value,High,Launch retention campaign and personalized offer
15819.0,67,6,2029.34,1571,14.812700729927007,110,3,5,4,12,Loyal Customers,High Risk,0.75,179.05941176470586,High Value,High,Launch retention campaign and personalized offer
15822.0,129,4,954.59,575,29.8309375,25,2,4,3,9,Potential Customers,High Risk,0.75,29.372,Standard Value,High,Launch retention campaign and personalized offer
15823.0,8,3,3882.170000000001,1774,25.04625806451613,155,5,3,5,13,Champions,Low Risk,0.15,1294.0566666666668,Very High Value,Medium,Provide premium rewards and exclusive offers
15824.0,89,2,890.9399999999997,478,34.266923076923064,24,2,3,3,8,Potential Customers,High Risk,0.75,19.79866666666666,Standard Value,High,Launch retention campaign and personalized offer
15826.0,204,1,943.9700000000004,861,18.50921568627452,51,1,1,3,5,At Risk,High Risk,0.75,4.604731707317075,Standard Value,High,Launch retention campaign and personalized offer
15827.0,8,16,1957.9800000000023,942,16.879137931034503,73,5,5,4,14,Champions,Low Risk,0.15,3480.8533333333376,Very High Value,Medium,Provide premium rewards and exclusive offers
15828.0,11,1,1108.8199999999997,367,14.98405405405405,74,5,1,4,10,Loyal Customers,Low Risk,0.15,92.40166666666664,High Value,Medium,Maintain regular engagement and monitor customer activity
15833.0,373,1,80.4,24,16.080000000000002,5,1,1,1,3,At Risk,High Risk,0.75,0.21497326203208558,Standard Value,High,Launch retention campaign and personalized offer
15834.0,12,3,1539.24,854,14.659428571428572,105,5,3,4,12,Loyal Customers,Low Risk,0.15,355.20923076923077,Very High Value,Medium,Provide premium rewards and exclusive offers
15837.0,121,1,385.03,216,13.751071428571429,28,2,1,2,5,At Risk,High Risk,0.75,3.1559836065573768,Standard Value,High,Launch retention campaign and personalized offer
15838.0,3,16,40519.92,46296,964.76,11,5,5,5,15,Champions,Low Risk,0.15,162079.68,Very High Value,Medium,Provide premium rewards and exclusive offers
15841.0,22,5,1518.35,1449,33.74111111111111,41,4,4,4,12,Loyal Customers,Low Risk,0.15,330.07608695652175,Very High Value,Medium,Provide premium rewards and exclusive offers
15842.0,29,2,548.8000000000001,296,21.952,24,4,3,3,10,Loyal Customers,Low Risk,0.15,36.58666666666667,High Value,Medium,Maintain regular engagement and monitor customer activity
15845.0,172,3,714.5100000000002,202,19.847500000000007,36,2,3,3,8,Potential Customers,High Risk,0.75,12.390346820809253,Standard Value,High,Launch retention campaign and personalized offer
15846.0,21,1,107.01000000000002,79,3.690000000000001,27,4,1,1,6,At Risk,Low Risk,0.15,4.86409090909091,Standard Value,Low,Maintain regular engagement and monitor customer activity
15847.0,64,3,433.3,194,16.665384615384617,22,3,3,2,8,Potential Customers,High Risk,0.75,19.99846153846154,Standard Value,High,Launch retention campaign and personalized offer
15848.0,257,1,139.94000000000003,46,3.998285714285715,34,1,1,1,3,At Risk,High Risk,0.75,0.5424031007751939,Standard Value,High,Launch retention campaign and personalized offer
15850.0,12,4,819.8700000000005,1077,3.4593670886075967,197,5,4,3,12,Loyal Customers,Low Risk,0.15,252.26769230769244,High Value,Medium,Maintain regular engagement and monitor customer activity
15851.0,162,1,109.73,67,13.71625,8,2,1,1,4,At Risk,High Risk,0.75,0.6731901840490798,Standard Value,High,Launch retention campaign and personalized offer
15852.0,162,1,96.55,12,8.77727272727273,11,2,1,1,4,At Risk,High Risk,0.75,0.5923312883435583,Standard Value,High,Launch retention campaign and personalized offer
15854.0,12,9,2609.159999999998,765,22.1115254237288,83,5,5,5,15,Champions,Low Risk,0.15,1806.3415384615369,Very High Value,Medium,Provide premium rewards and exclusive offers
15855.0,112,1,340.48,242,22.698666666666668,15,2,1,2,5,At Risk,High Risk,0.75,3.0130973451327434,Standard Value,High,Launch retention campaign and personalized offer
15856.0,1,26,17832.770000000037,9427,34.55963178294581,182,5,5,5,15,Champions,Low Risk,0.15,231826.01000000047,Very High Value,Medium,Provide premium rewards and exclusive offers
15857.0,66,1,273.48,276,27.347999999999995,10,3,1,2,6,At Risk,High Risk,0.75,4.08179104477612,Standard Value,High,Launch retention campaign and personalized offer
15858.0,3,9,2521.519999999998,1752,8.635342465753418,203,5,5,5,15,Champions,Low Risk,0.15,5673.4199999999955,Very High Value,Medium,Provide premium rewards and exclusive offers
15859.0,68,1,438.4599999999999,174,19.93,22,3,1,2,6,At Risk,High Risk,0.75,6.354492753623187,Standard Value,High,Launch retention campaign and personalized offer
15860.0,4,10,1528.0,902,6.761061946902655,169,5,5,4,14,Champions,Low Risk,0.15,3056.0,Very High Value,Medium,Provide premium rewards and exclusive offers
15861.0,92,4,1236.4299999999992,1316,4.90646825396825,191,2,4,4,10,Loyal Customers,High Risk,0.75,53.17978494623652,High Value,High,Launch retention campaign and personalized offer
15862.0,9,10,2095.4100000000035,1095,4.828133640553004,351,5,5,4,14,Champions,Low Risk,0.15,2095.4100000000035,Very High Value,Medium,Provide premium rewards and exclusive offers
15863.0,253,3,289.86,145,4.751803278688524,56,1,3,2,6,At Risk,High Risk,0.75,3.4235433070866144,Standard Value,High,Launch retention campaign and personalized offer
15864.0,17,1,244.44000000000003,294,81.48,3,4,1,1,6,At Risk,Low Risk,0.15,13.580000000000002,Standard Value,Low,Maintain regular engagement and monitor customer activity
15865.0,49,2,1353.7899999999995,779,15.560804597701145,86,3,3,4,10,Loyal Customers,Low Risk,0.15,54.15159999999998,High Value,Medium,Maintain regular engagement and monitor customer activity
15867.0,5,17,5251.31,3085,8.781454849498328,371,5,5,5,15,Champions,Low Risk,0.15,14878.711666666668,Very High Value,Medium,Provide premium rewards and exclusive offers
15868.0,219,1,94.53,57,23.6325,4,1,1,1,3,At Risk,High Risk,0.75,0.42968181818181816,Standard Value,High,Launch retention campaign and personalized offer
15869.0,262,1,174.02,99,8.701,18,1,1,1,3,At Risk,High Risk,0.75,0.6616730038022814,Standard Value,High,Launch retention campaign and personalized offer
15870.0,32,3,508.5199999999998,173,7.1622535211267575,61,4,3,3,10,Loyal Customers,Low Risk,0.15,46.22909090909089,High Value,Medium,Maintain regular engagement and monitor customer activity
15871.0,73,1,33.099999999999994,5,6.619999999999999,5,2,1,1,4,At Risk,High Risk,0.75,0.4472972972972972,Standard Value,High,Launch retention campaign and personalized offer
15872.0,14,2,434.7499999999999,294,4.997126436781608,70,5,3,2,10,Loyal Customers,Low Risk,0.15,57.966666666666654,High Value,Medium,Maintain regular engagement and monitor customer activity
15873.0,135,4,313.92,1152,52.31999999999999,3,2,4,2,8,Potential Customers,High Risk,0.75,9.23294117647059,Standard Value,High,Launch retention campaign and personalized offer
15874.0,23,14,6878.880000000003,2568,30.98594594594596,168,4,5,5,14,Champions,Low Risk,0.15,4012.6800000000017,Very High Value,Medium,Provide premium rewards and exclusive offers
15875.0,282,1,111.71999999999998,76,4.468799999999999,18,1,1,1,3,At Risk,High Risk,0.75,0.3947703180212014,Standard Value,High,Launch retention campaign and personalized offer
15876.0,45,2,1449.1399999999996,886,131.73999999999998,11,3,3,4,10,Loyal Customers,Low Risk,0.15,63.00608695652172,High Value,Medium,Maintain regular engagement and monitor customer activity
15878.0,197,2,330.7699999999999,243,6.485686274509803,47,1,3,2,6,At Risk,High Risk,0.75,3.3411111111111103,Standard Value,High,Launch retention campaign and personalized offer
15879.0,40,4,1157.3,643,6.324043715846995,171,3,4,4,11,Loyal Customers,Low Risk,0.15,112.90731707317073,High Value,Medium,Maintain regular engagement and monitor customer activity
15880.0,5,1,343.28,211,3.269333333333333,95,5,1,2,8,Potential Customers,Low Risk,0.15,57.21333333333333,High Value,Medium,Use personalized promotions to increase customer engagement
15882.0,4,6,979.6199999999995,538,18.83884615384615,45,5,5,3,13,Champions,Low Risk,0.15,1175.5439999999994,Very High Value,Medium,Provide premium rewards and exclusive offers
15884.0,68,2,249.7,158,16.64666666666667,14,3,3,1,7,Potential Customers,High Risk,0.75,7.23768115942029,Standard Value,High,Launch retention campaign and personalized offer
15885.0,19,12,1572.47,511,16.21103092783505,68,4,5,4,13,Champions,Low Risk,0.15,943.482,Very High Value,Medium,Provide premium rewards and exclusive offers
15886.0,52,3,871.78,520,17.4356,47,3,3,3,9,Potential Customers,Low Risk,0.15,49.34603773584906,High Value,Medium,Use personalized promotions to increase customer engagement
15887.0,42,3,1027.15,605,27.760810810810813,27,3,3,4,10,Loyal Customers,Low Risk,0.15,71.66162790697675,High Value,Medium,Maintain regular engagement and monitor customer activity
15888.0,36,2,260.85,63,9.661111111111111,24,4,3,2,9,Potential Customers,Low Risk,0.15,14.100000000000001,Standard Value,Low,Use personalized promotions to increase customer engagement
15889.0,5,7,1359.41,774,4.4425163398692815,237,5,5,4,14,Champions,Low Risk,0.15,1585.9783333333335,Very High Value,Medium,Provide premium rewards and exclusive offers
15890.0,30,5,535.65,119,53.565,10,4,4,3,11,Loyal Customers,Low Risk,0.15,86.39516129032258,High Value,Medium,Maintain regular engagement and monitor customer activity
15892.0,305,1,128.20000000000002,46,3.3736842105263163,38,1,1,1,3,At Risk,High Risk,0.75,0.41895424836601314,Standard Value,High,Launch retention campaign and personalized offer
15893.0,117,1,305.28000000000003,288,305.28000000000003,1,2,1,2,5,At Risk,High Risk,0.75,2.5871186440677967,Standard Value,High,Launch retention campaign and personalized offer
15894.0,5,1,156.73999999999995,115,4.1247368421052615,32,5,1,1,7,Potential Customers,Low Risk,0.15,26.123333333333324,Standard Value,Low,Use personalized promotions to increase customer engagement
15898.0,3,22,4207.429999999989,1848,6.886137479541717,277,5,5,5,15,Champions,Low Risk,0.15,23140.86499999994,Very High Value,Medium,Provide premium rewards and exclusive offers
15899.0,4,1,56.25,39,14.0625,4,5,1,1,7,Potential Customers,Low Risk,0.15,11.25,Standard Value,Low,Use personalized promotions to increase customer engagement
15900.0,49,3,549.29,440,6.953037974683544,68,3,3,3,9,Potential Customers,Low Risk,0.15,32.9574,High Value,Medium,Use personalized promotions to increase customer engagement
15901.0,87,4,339.3399999999999,318,6.16981818181818,49,2,4,2,8,Potential Customers,High Risk,0.75,15.42454545454545,Standard Value,High,Launch retention campaign and personalized offer
15902.0,16,1,145.01000000000002,124,8.056111111111113,18,4,1,1,6,At Risk,Low Risk,0.15,8.530000000000001,Standard Value,Low,Maintain regular engagement and monitor customer activity
15903.0,14,5,3813.080000000001,1516,90.78761904761907,20,5,4,5,14,Champions,Low Risk,0.15,1271.026666666667,Very High Value,Medium,Provide premium rewards and exclusive offers
15905.0,179,1,114.69000000000004,82,5.21318181818182,22,1,1,1,3,At Risk,High Risk,0.75,0.6371666666666669,Standard Value,High,Launch retention campaign and personalized offer
15906.0,10,3,987.9500000000004,207,18.64056603773585,41,5,3,3,11,Loyal Customers,Low Risk,0.15,269.4409090909092,High Value,Medium,Maintain regular engagement and monitor customer activity
15908.0,126,2,764.5699999999999,174,18.6480487804878,37,2,3,3,8,Potential Customers,High Risk,0.75,12.04047244094488,Standard Value,High,Launch retention campaign and personalized offer
15910.0,36,7,1449.62,1156,4.015567867036011,244,4,5,4,13,Champions,Low Risk,0.15,274.25243243243244,High Value,Medium,Maintain regular engagement and monitor customer activity
15911.0,259,8,1702.3400000000015,811,6.572741312741319,162,1,5,4,10,Loyal Customers,High Risk,0.75,52.37969230769235,High Value,High,Launch retention campaign and personalized offer
15912.0,72,7,810.0800000000002,574,10.658947368421057,66,2,5,3,10,Loyal Customers,High Risk,0.75,77.67890410958906,High Value,High,Launch retention campaign and personalized offer
15913.0,170,1,6.300000000000001,3,6.300000000000001,1,2,1,1,4,At Risk,High Risk,0.75,0.0368421052631579,Standard Value,High,Launch retention campaign and personalized offer
15914.0,14,2,205.98999999999995,149,15.845384615384612,13,5,3,1,9,Potential Customers,Low Risk,0.15,27.465333333333326,Standard Value,Low,Use personalized promotions to increase customer engagement
15915.0,37,1,429.2099999999999,451,2.9397945205479443,105,3,1,2,6,At Risk,Low Risk,0.15,11.294999999999998,Standard Value,Low,Maintain regular engagement and monitor customer activity
15916.0,2,7,1899.08,946,11.041162790697674,139,5,5,4,14,Champions,Low Risk,0.15,4431.1866666666665,Very High Value,Medium,Provide premium rewards and exclusive offers
15917.0,242,4,437.52999999999975,221,3.059650349650348,115,1,4,2,7,Potential Customers,High Risk,0.75,7.202139917695469,Standard Value,High,Launch retention campaign and personalized offer
15918.0,267,1,248.64999999999995,87,11.840476190476188,21,1,1,1,3,At Risk,High Risk,0.75,0.9277985074626863,Standard Value,High,Launch retention campaign and personalized offer
15919.0,4,1,270.7199999999999,242,5.524897959183671,38,5,1,2,8,Potential Customers,Low Risk,0.15,54.143999999999984,High Value,Medium,Use personalized promotions to increase customer engagement
15920.0,60,5,404.14000000000016,141,8.419583333333337,42,3,4,2,9,Potential Customers,High Risk,0.75,33.12622950819674,High Value,High,Launch retention campaign and personalized offer
15921.0,32,3,466.0799999999998,176,8.035862068965514,52,4,3,2,9,Potential Customers,Low Risk,0.15,42.37090909090907,High Value,Medium,Use personalized promotions to increase customer engagement
15922.0,9,1,369.50000000000006,138,33.59090909090909,11,5,1,2,8,Potential Customers,Low Risk,0.15,36.95,High Value,Medium,Use personalized promotions to increase customer engagement
15923.0,8,1,127.08000000000004,122,6.0514285714285725,21,5,1,1,7,Potential Customers,Low Risk,0.15,14.120000000000005,Standard Value,Low,Use personalized promotions to increase customer engagement
15924.0,367,1,102.82,103,6.854666666666668,14,1,1,1,3,At Risk,High Risk,0.75,0.27940217391304345,Standard Value,High,Launch retention campaign and personalized offer
15926.0,178,1,134.44,155,19.205714285714286,7,1,1,1,3,At Risk,High Risk,0.75,0.7510614525139665,Standard Value,High,Launch retention campaign and personalized offer
15927.0,283,1,123.39000000000004,69,7.258235294117648,13,1,1,1,3,At Risk,High Risk,0.75,0.43447183098591563,Standard Value,High,Launch retention campaign and personalized offer
15928.0,292,1,293.53000000000003,164,26.684545454545457,11,1,1,2,4,At Risk,High Risk,0.75,1.0018088737201367,Standard Value,High,Launch retention campaign and personalized offer
15929.0,280,1,594.0,120,594.0,1,1,1,3,5,At Risk,High Risk,0.75,2.113879003558719,Standard Value,High,Launch retention campaign and personalized offer
15931.0,64,1,239.9,118,17.135714285714283,14,3,1,1,5,At Risk,High Risk,0.75,3.690769230769231,Standard Value,High,Launch retention campaign and personalized offer
15934.0,53,2,2190.66,2166,75.53999999999999,29,3,3,5,11,Loyal Customers,Low Risk,0.15,81.13555555555556,High Value,Medium,Maintain regular engagement and monitor customer activity
15936.0,15,2,282.7900000000001,211,14.88368421052632,16,5,3,2,10,Loyal Customers,Low Risk,0.15,35.34875000000001,High Value,Medium,Maintain regular engagement and monitor customer activity
15938.0,92,4,330.2299999999999,209,15.72523809523809,19,2,4,2,8,Potential Customers,High Risk,0.75,14.20344086021505,Standard Value,High,Launch retention campaign and personalized offer
15939.0,10,1,2945.380000000001,1532,34.65152941176472,41,5,1,5,11,Loyal Customers,Low Risk,0.15,267.7618181818183,High Value,Medium,Maintain regular engagement and monitor customer activity
15941.0,273,1,405.0,60,67.5,6,1,1,2,4,At Risk,High Risk,0.75,1.4781021897810218,Standard Value,High,Launch retention campaign and personalized offer
15943.0,285,2,271.29,183,22.6075,12,1,3,2,6,At Risk,High Risk,0.75,1.8971328671328673,Standard Value,High,Launch retention campaign and personalized offer
15944.0,29,3,1839.1400000000003,809,57.47312500000001,25,4,3,4,11,Loyal Customers,Low Risk,0.15,183.91400000000004,High Value,Medium,Maintain regular engagement and monitor customer activity
15945.0,1,4,646.27,345,23.081071428571427,24,5,4,3,12,Loyal Customers,Low Risk,0.15,1292.54,Very High Value,Medium,Provide premium rewards and exclusive offers
15946.0,138,3,2304.1799999999994,1614,88.62230769230767,25,2,3,5,10,Loyal Customers,High Risk,0.75,49.730503597122286,High Value,High,Launch retention campaign and personalized offer
15948.0,60,1,553.8499999999999,285,15.824285714285711,35,3,1,3,7,Potential Customers,High Risk,0.75,9.07950819672131,Standard Value,High,Launch retention campaign and personalized offer
15950.0,11,6,5415.2,2655,18.23299663299663,182,5,5,5,15,Champions,Low Risk,0.15,2707.6,Very High Value,Medium,Provide premium rewards and exclusive offers
15951.0,17,1,304.95,107,16.941666666666666,18,4,1,2,7,Potential Customers,Low Risk,0.15,16.941666666666666,Standard Value,Low,Use personalized promotions to increase customer engagement
15953.0,5,11,2010.17,960,22.842840909090903,61,5,5,4,14,Champions,Low Risk,0.15,3685.311666666667,Very High Value,Medium,Provide premium rewards and exclusive offers
15954.0,225,1,190.74999999999997,119,9.537499999999998,20,1,1,1,3,At Risk,High Risk,0.75,0.8440265486725662,Standard Value,High,Launch retention campaign and personalized offer
15955.0,8,9,4242.099999999999,2078,23.69888268156424,115,5,5,5,15,Champions,Low Risk,0.15,4242.099999999999,Very High Value,Medium,Provide premium rewards and exclusive offers
15956.0,187,2,617.6,278,34.31111111111111,18,1,3,3,7,Potential Customers,High Risk,0.75,6.570212765957447,Standard Value,High,Launch retention campaign and personalized offer
15957.0,56,2,501.2099999999999,247,4.598256880733944,88,3,3,2,8,Potential Customers,High Risk,0.75,17.58631578947368,Standard Value,High,Launch retention campaign and personalized offer
15958.0,39,3,388.6399999999999,131,5.800597014925371,45,3,3,2,8,Potential Customers,Low Risk,0.15,29.14799999999999,Standard Value,Low,Use personalized promotions to increase customer engagement
15959.0,318,3,579.49,282,7.4293589743589745,58,1,3,3,7,Potential Customers,High Risk,0.75,5.4497492163009404,Standard Value,High,Launch retention campaign and personalized offer
15960.0,10,4,410.94999999999993,258,15.805769230769227,24,5,4,2,11,Loyal Customers,Low Risk,0.15,149.4363636363636,High Value,Medium,Maintain regular engagement and monitor customer activity
15961.0,15,1,451.29,154,10.745,42,5,1,2,8,Potential Customers,Low Risk,0.15,28.205625,Standard Value,Low,Use personalized promotions to increase customer engagement
15962.0,85,1,295.83,235,5.10051724137931,43,2,1,2,5,At Risk,High Risk,0.75,3.4398837209302324,Standard Value,High,Launch retention campaign and personalized offer
15964.0,299,1,272.96,94,12.998095238095235,20,1,1,2,4,At Risk,High Risk,0.75,0.9098666666666666,Standard Value,High,Launch retention campaign and personalized offer
15965.0,3,10,2167.4500000000016,980,8.810772357723584,144,5,5,5,15,Champions,Low Risk,0.15,5418.625000000004,Very High Value,Medium,Provide premium rewards and exclusive offers
15966.0,86,1,426.5300000000001,275,15.79740740740741,27,2,1,2,5,At Risk,High Risk,0.75,4.902643678160921,Standard Value,High,Launch retention campaign and personalized offer
15967.0,15,10,2622.770000000001,993,6.335193236714978,270,5,5,5,15,Champions,Low Risk,0.15,1639.2312500000005,Very High Value,Medium,Provide premium rewards and exclusive offers
15968.0,24,1,418.0499999999999,253,4.918235294117646,70,4,2,2,8,Potential Customers,Low Risk,0.15,16.721999999999994,Standard Value,Low,Use personalized promotions to increase customer engagement
15969.0,61,2,460.9500000000001,99,30.730000000000004,15,3,3,2,8,Potential Customers,High Risk,0.75,14.86935483870968,Standard Value,High,Launch retention campaign and personalized offer
15970.0,234,1,703.2199999999998,382,54.09384615384614,13,1,2,3,6,At Risk,High Risk,0.75,2.992425531914893,Standard Value,High,Launch retention campaign and personalized offer
15971.0,21,6,1702.98,534,243.28285714285715,3,4,5,4,13,Champions,Low Risk,0.15,464.44909090909096,Very High Value,Medium,Provide premium rewards and exclusive offers
15972.0,92,5,1810.2700000000011,480,12.484620689655182,104,2,4,4,10,Loyal Customers,High Risk,0.75,97.32634408602156,High Value,High,Launch retention campaign and personalized offer
15973.0,2,3,680.6199999999999,195,61.87454545454545,8,5,3,3,11,Loyal Customers,Low Risk,0.15,680.6199999999999,Very High Value,Medium,Provide premium rewards and exclusive offers
15976.0,46,4,1315.7000000000007,801,4.385666666666669,203,3,4,4,11,Loyal Customers,Low Risk,0.15,111.97446808510645,High Value,Medium,Maintain regular engagement and monitor customer activity
15978.0,68,2,2180.640000000001,1556,27.25800000000001,72,3,3,5,11,Loyal Customers,High Risk,0.75,63.20695652173915,High Value,High,Launch retention campaign and personalized offer
15979.0,238,1,329.22,450,14.964545454545451,22,1,2,2,5,At Risk,High Risk,0.75,1.3774895397489542,Standard Value,High,Launch retention campaign and personalized offer
15980.0,126,4,4194.820000000001,3302,56.686756756756765,65,2,4,5,11,Loyal Customers,High Risk,0.75,132.12031496062994,High Value,High,Launch retention campaign and personalized offer
15981.0,37,13,5954.289999999999,2961,31.174293193717272,106,3,5,5,13,Champions,Low Risk,0.15,2036.9939473684208,Very High Value,Medium,Provide premium rewards and exclusive offers
15982.0,241,1,324.50999999999993,131,7.211333333333332,45,1,2,2,5,At Risk,High Risk,0.75,1.3409504132231402,Standard Value,High,Launch retention campaign and personalized offer
15983.0,1,6,2483.8,1558,12.235467980295564,111,5,5,5,15,Champions,Low Risk,0.15,7451.400000000001,Very High Value,Medium,Provide premium rewards and exclusive offers
15984.0,4,21,5921.649999999994,4241,12.414360587002085,290,5,5,5,15,Champions,Low Risk,0.15,24870.929999999975,Very High Value,Medium,Provide premium rewards and exclusive offers
15985.0,72,5,1572.86,1664,23.475522388059705,34,2,4,4,10,Loyal Customers,High Risk,0.75,107.73013698630136,High Value,High,Launch retention campaign and personalized offer
15986.0,17,1,186.3,100,16.936363636363637,11,4,2,1,7,Potential Customers,Low Risk,0.15,10.350000000000001,Standard Value,Low,Use personalized promotions to increase customer engagement
15987.0,4,2,230.85000000000005,159,4.122321428571429,47,5,3,1,9,Potential Customers,Low Risk,0.15,92.34000000000002,High Value,Medium,Use personalized promotions to increase customer engagement
15988.0,187,2,612.0599999999997,305,6.000588235294114,93,1,3,3,7,Potential Customers,High Risk,0.75,6.511276595744678,Standard Value,High,Launch retention campaign and personalized offer
15989.0,11,2,372.50999999999976,171,4.23306818181818,81,5,3,2,10,Loyal Customers,Low Risk,0.15,62.08499999999996,High Value,Medium,Maintain regular engagement and monitor customer activity
15990.0,130,5,1217.9399999999998,647,9.51515625,86,2,4,4,10,Loyal Customers,High Risk,0.75,46.48625954198472,High Value,High,Launch retention campaign and personalized offer
15991.0,170,1,150.55,41,25.09166666666667,6,2,2,1,5,At Risk,High Risk,0.75,0.8804093567251463,Standard Value,High,Launch retention campaign and personalized offer
15992.0,32,2,854.6099999999997,497,16.757058823529405,51,4,3,3,10,Loyal Customers,Low Risk,0.15,51.794545454545435,High Value,Medium,Maintain regular engagement and monitor customer activity
15994.0,47,2,775.1099999999997,292,9.811518987341769,69,3,3,3,9,Potential Customers,Low Risk,0.15,32.296249999999986,High Value,Medium,Use personalized promotions to increase customer engagement
15995.0,50,1,696.1900000000003,353,6.271981981981985,108,3,2,3,8,Potential Customers,Low Risk,0.15,13.650784313725495,Standard Value,Low,Use personalized promotions to increase customer engagement
15996.0,2,2,626.2199999999997,363,7.636829268292679,68,5,3,3,11,Loyal Customers,Low Risk,0.15,417.4799999999998,Very High Value,Medium,Provide premium rewards and exclusive offers
15998.0,29,11,5218.369999999987,3331,5.611150537634395,502,4,5,5,14,Champions,Low Risk,0.15,1913.4023333333287,Very High Value,Medium,Provide premium rewards and exclusive offers
15999.0,371,1,20.4,24,20.4,1,1,2,1,4,At Risk,High Risk,0.75,0.05483870967741935,Standard Value,High,Launch retention campaign and personalized offer
16001.0,17,1,583.39,337,20.11689655172414,29,4,2,3,9,Potential Customers,Low Risk,0.15,32.410555555555554,High Value,Medium,Use personalized promotions to increase customer engagement
16002.0,261,1,169.21,70,4.028809523809524,42,1,2,1,4,At Risk,High Risk,0.75,0.6458396946564886,Standard Value,High,Launch retention campaign and personalized offer
16003.0,17,5,2878.4600000000005,1025,28.784600000000005,89,4,4,5,13,Champions,Low Risk,0.15,799.5722222222224,Very High Value,Medium,Provide premium rewards and exclusive offers
16004.0,110,5,2146.390000000001,1076,23.848777777777787,63,2,4,5,11,Loyal Customers,High Risk,0.75,96.68423423423427,High Value,High,Launch retention campaign and personalized offer
16005.0,11,6,1820.830000000001,1010,6.151452702702707,170,5,5,4,14,Champions,Low Risk,0.15,910.4150000000005,Very High Value,Medium,Provide premium rewards and exclusive offers
16006.0,23,1,245.7699999999999,127,3.321216216216215,67,4,2,1,7,Potential Customers,Low Risk,0.15,10.240416666666663,Standard Value,Low,Use personalized promotions to increase customer engagement
16007.0,19,3,1373.2000000000005,1250,4.886832740213524,206,4,3,4,11,Loyal Customers,Low Risk,0.15,205.98000000000008,High Value,Medium,Maintain regular engagement and monitor customer activity
16008.0,18,12,4905.350000000004,2950,22.196153846153862,58,4,5,5,14,Champions,Low Risk,0.15,3098.1157894736866,Very High Value,Medium,Provide premium rewards and exclusive offers
16010.0,12,8,1316.5600000000004,721,6.181032863849767,69,5,5,4,14,Champions,Low Risk,0.15,810.1907692307694,Very High Value,Medium,Provide premium rewards and exclusive offers
16011.0,2,14,2517.7499999999995,1429,10.361111111111107,142,5,5,5,15,Champions,Low Risk,0.15,11749.499999999998,Very High Value,Medium,Provide premium rewards and exclusive offers
16012.0,37,2,1574.5000000000011,967,10.710884353741504,138,3,3,4,10,Loyal Customers,Low Risk,0.15,82.86842105263163,High Value,Medium,Maintain regular engagement and monitor customer activity
16013.0,7,39,20315.84,10416,250.8128395061728,30,5,5,5,15,Champions,Low Risk,0.15,99039.72,Very High Value,Medium,Provide premium rewards and exclusive offers
16014.0,44,2,467.89,213,3.2047260273972604,127,3,3,2,8,Potential Customers,Low Risk,0.15,20.79511111111111,Standard Value,Low,Use personalized promotions to increase customer engagement
16016.0,2,4,1025.1800000000003,439,6.974013605442178,87,5,4,4,13,Champions,Low Risk,0.15,1366.906666666667,Very High Value,Medium,Provide premium rewards and exclusive offers
16017.0,53,4,1341.95,538,13.555050505050506,81,3,4,4,11,Loyal Customers,Low Risk,0.15,99.40370370370371,High Value,Medium,Maintain regular engagement and monitor customer activity
16018.0,32,2,289.23,313,10.329642857142858,26,4,3,2,9,Potential Customers,Low Risk,0.15,17.52909090909091,Standard Value,Low,Use personalized promotions to increase customer engagement
16019.0,17,18,13679.610000000004,5243,55.83514285714288,156,4,5,5,14,Champions,Low Risk,0.15,13679.610000000004,Very High Value,Medium,Provide premium rewards and exclusive offers
16021.0,31,2,532.2499999999999,297,3.670689655172413,117,4,3,3,10,Loyal Customers,Low Risk,0.15,33.26562499999999,High Value,Medium,Maintain regular engagement and monitor customer activity
16024.0,47,2,232.9600000000001,107,10.589090909090912,21,3,3,1,7,Potential Customers,Low Risk,0.15,9.70666666666667,Standard Value,Low,Use personalized promotions to increase customer engagement
16027.0,93,9,1113.74,952,58.6178947368421,11,2,5,4,11,Loyal Customers,High Risk,0.75,106.63468085106383,High Value,High,Launch retention campaign and personalized offer
16028.0,231,1,82.2,18,16.44,5,1,2,1,4,At Risk,High Risk,0.75,0.3543103448275862,Standard Value,High,Launch retention campaign and personalized offer
16029.0,8,47,41184.30000000001,16278,292.0872340425533,26,5,5,5,15,Champions,Low Risk,0.15,215073.56666666674,Very High Value,Medium,Provide premium rewards and exclusive offers
16032.0,92,6,1970.4500000000005,1480,9.294575471698115,130,2,5,4,11,Loyal Customers,High Risk,0.75,127.12580645161293,High Value,High,Launch retention campaign and personalized offer
16033.0,5,8,2019.730000000001,749,7.621622641509437,173,5,5,4,14,Champions,Low Risk,0.15,2692.9733333333347,Very High Value,Medium,Provide premium rewards and exclusive offers
16034.0,30,3,491.0199999999999,355,14.029142857142856,28,4,3,2,9,Potential Customers,Low Risk,0.15,47.51806451612902,High Value,Medium,Use personalized promotions to increase customer engagement
16035.0,196,1,217.73,33,10.368095238095238,21,1,2,1,4,At Risk,High Risk,0.75,1.105228426395939,Standard Value,High,Launch retention campaign and personalized offer
16036.0,60,2,1797.9199999999992,653,21.15199999999999,79,3,3,4,10,Loyal Customers,High Risk,0.75,58.94819672131145,High Value,High,Launch retention campaign and personalized offer
16037.0,180,2,654.32,338,20.4475,32,1,3,3,7,Potential Customers,High Risk,0.75,7.230055248618785,Standard Value,High,Launch retention campaign and personalized offer
16039.0,59,2,456.3999999999999,409,14.262499999999998,27,3,3,2,8,Potential Customers,High Risk,0.75,15.213333333333331,Standard Value,High,Launch retention campaign and personalized offer
16040.0,66,4,1103.35,501,18.389166666666668,50,3,4,4,11,Loyal Customers,High Risk,0.75,65.87164179104477,High Value,High,Launch retention campaign and personalized offer
16042.0,15,3,1067.85,687,18.09915254237288,50,5,3,4,12,Loyal Customers,Low Risk,0.15,200.22187499999998,High Value,Medium,Maintain regular engagement and monitor customer activity
16043.0,15,4,1082.6,508,31.84117647058824,29,5,4,4,13,Champions,Low Risk,0.15,270.65,High Value,Medium,Maintain regular engagement and monitor customer activity
16044.0,71,1,340.84,170,17.93894736842105,19,3,2,2,7,Potential Customers,High Risk,0.75,4.733888888888888,Standard Value,High,Launch retention campaign and personalized offer
16045.0,52,4,2094.23,1211,32.21892307692308,59,3,4,4,11,Loyal Customers,Low Risk,0.15,158.05509433962266,High Value,Medium,Maintain regular engagement and monitor customer activity
16046.0,198,1,235.78,248,10.717272727272729,22,1,2,1,4,At Risk,High Risk,0.75,1.184824120603015,Standard Value,High,Launch retention campaign and personalized offer
16047.0,318,1,107.14,1,107.14,1,1,2,1,4,At Risk,High Risk,0.75,0.33586206896551724,Standard Value,High,Launch retention campaign and personalized offer
16048.0,9,4,818.7899999999998,425,22.74416666666666,30,5,4,3,12,Loyal Customers,Low Risk,0.15,327.51599999999996,Very High Value,Medium,Provide premium rewards and exclusive offers
16049.0,11,3,787.8900000000004,372,4.1687301587301615,175,5,3,3,11,Loyal Customers,Low Risk,0.15,196.9725000000001,High Value,Medium,Maintain regular engagement and monitor customer activity
16050.0,19,2,162.8,110,14.8,9,4,3,1,8,Potential Customers,Low Risk,0.15,16.28,Standard Value,Low,Use personalized promotions to increase customer engagement
16051.0,317,1,188.44,80,15.703333333333331,12,1,2,1,4,At Risk,High Risk,0.75,0.5925786163522012,Standard Value,High,Launch retention campaign and personalized offer
16053.0,49,4,2122.890000000001,1274,19.299000000000007,101,3,4,4,11,Loyal Customers,Low Risk,0.15,169.83120000000005,High Value,Medium,Maintain regular engagement and monitor customer activity
16054.0,54,3,1327.9800000000002,411,25.53807692307693,49,3,3,4,10,Loyal Customers,High Risk,0.75,72.43527272727273,High Value,High,Launch retention campaign and personalized offer
16057.0,155,3,1591.730000000001,828,16.40958762886599,91,2,3,4,9,Potential Customers,High Risk,0.75,30.610192307692323,Standard Value,High,Launch retention campaign and personalized offer
16058.0,42,1,62.7,18,31.35,2,3,2,1,6,At Risk,Low Risk,0.15,1.458139534883721,Standard Value,Low,Maintain regular engagement and monitor customer activity
16059.0,3,7,1757.9100000000008,866,7.264090909090912,145,5,5,4,14,Champions,Low Risk,0.15,3076.3425000000016,Very High Value,Medium,Provide premium rewards and exclusive offers
16060.0,36,3,541.9499999999999,243,22.58125,22,4,3,3,10,Loyal Customers,Low Risk,0.15,43.94189189189189,High Value,Medium,Maintain regular engagement and monitor customer activity
16061.0,67,1,89.65,19,29.883333333333336,3,3,2,1,6,At Risk,High Risk,0.75,1.3183823529411764,Standard Value,High,Launch retention campaign and personalized offer
16062.0,15,4,1709.8300000000006,1235,14.130826446280995,100,5,4,4,13,Champions,Low Risk,0.15,427.45750000000015,Very High Value,Medium,Provide premium rewards and exclusive offers
16064.0,361,1,111.00000000000004,56,6.166666666666668,17,1,2,1,4,At Risk,High Risk,0.75,0.30662983425414375,Standard Value,High,Launch retention campaign and personalized offer
16065.0,1,8,2010.5300000000025,1216,5.60036211699165,214,5,5,4,14,Champions,Low Risk,0.15,8042.12000000001,Very High Value,Medium,Provide premium rewards and exclusive offers
16067.0,198,3,3395.2900000000004,1279,46.51082191780822,60,1,3,5,9,Potential Customers,High Risk,0.75,51.18527638190955,High Value,High,Launch retention campaign and personalized offer
16068.0,229,1,122.93000000000004,52,3.152051282051283,34,1,2,1,4,At Risk,High Risk,0.75,0.5344782608695654,Standard Value,High,Launch retention campaign and personalized offer
16069.0,53,1,457.7000000000001,138,18.308000000000003,25,3,2,2,7,Potential Customers,Low Risk,0.15,8.475925925925928,Standard Value,Low,Use personalized promotions to increase customer engagement
16071.0,163,3,750.5600000000001,517,14.433846153846154,47,2,3,3,8,Potential Customers,High Risk,0.75,13.729756097560978,Standard Value,High,Launch retention campaign and personalized offer
16072.0,64,3,3744.5699999999983,1471,7.025459662288927,399,3,3,5,11,Loyal Customers,High Risk,0.75,172.82630769230764,High Value,High,Launch retention campaign and personalized offer
16074.0,26,1,265.24999999999994,39,10.201923076923077,23,4,2,2,8,Potential Customers,Low Risk,0.15,9.824074074074073,Standard Value,Low,Use personalized promotions to increase customer engagement
16075.0,138,2,736.93,271,17.97390243902439,41,2,3,3,8,Potential Customers,High Risk,0.75,10.603309352517984,Standard Value,High,Launch retention campaign and personalized offer
16077.0,261,1,2300.4,840,287.55,8,1,2,5,8,Potential Customers,High Risk,0.75,8.780152671755726,Standard Value,High,Launch retention campaign and personalized offer
16078.0,305,1,283.79,184,7.468157894736842,38,1,2,2,5,At Risk,High Risk,0.75,0.9274183006535949,Standard Value,High,Launch retention campaign and personalized offer
16080.0,21,2,385.4,170,19.27,20,4,3,2,9,Potential Customers,Low Risk,0.15,35.03636363636363,High Value,Medium,Use personalized promotions to increase customer engagement
16081.0,2,4,1653.280000000001,767,9.61209302325582,144,5,4,4,13,Champions,Low Risk,0.15,2204.373333333335,Very High Value,Medium,Provide premium rewards and exclusive offers
16082.0,306,1,106.75,39,6.671875000000001,16,1,2,1,4,At Risk,High Risk,0.75,0.3477198697068404,Standard Value,High,Launch retention campaign and personalized offer
16083.0,18,2,1033.8,606,25.845,38,4,3,4,11,Loyal Customers,Low Risk,0.15,108.82105263157894,High Value,Medium,Maintain regular engagement and monitor customer activity
16085.0,16,7,1362.0200000000004,748,6.51684210526316,168,4,5,4,13,Champions,Low Risk,0.15,560.8317647058825,Very High Value,Medium,Provide premium rewards and exclusive offers
16086.0,3,6,1743.6,1015,17.791836734693877,59,5,5,4,14,Champions,Low Risk,0.15,2615.3999999999996,Very High Value,Medium,Provide premium rewards and exclusive offers
16087.0,25,5,1739.92,664,173.99200000000002,6,4,4,4,12,Loyal Customers,Low Risk,0.15,334.6,Very High Value,Medium,Provide premium rewards and exclusive offers
16088.0,211,2,1437.43,373,239.5716666666667,3,1,3,4,8,Potential Customers,High Risk,0.75,13.560660377358492,Standard Value,High,Launch retention campaign and personalized offer
16089.0,22,2,271.44,122,5.4288,42,4,3,2,9,Potential Customers,Low Risk,0.15,23.603478260869565,Standard Value,Low,Use personalized promotions to increase customer engagement
16090.0,260,1,205.91,65,10.2955,18,1,2,1,4,At Risk,High Risk,0.75,0.7889272030651341,Standard Value,High,Launch retention campaign and personalized offer
16092.0,140,3,770.0799999999999,560,19.745641025641024,28,2,3,3,8,Potential Customers,High Risk,0.75,16.384680851063827,Standard Value,High,Launch retention campaign and personalized offer
16094.0,11,7,2617.33,1373,19.679172932330825,74,5,5,5,15,Champions,Low Risk,0.15,1526.7758333333331,Very High Value,Medium,Provide premium rewards and exclusive offers
16095.0,92,1,447.05000000000007,265,14.901666666666667,30,2,2,2,6,At Risk,High Risk,0.75,4.8069892473118285,Standard Value,High,Launch retention campaign and personalized offer
16096.0,52,3,1264.3500000000004,545,23.41388888888889,49,3,3,4,10,Loyal Customers,Low Risk,0.15,71.5669811320755,High Value,Medium,Maintain regular engagement and monitor customer activity
16098.0,9,8,2442.4700000000003,1537,25.442395833333336,70,5,5,5,15,Champions,Low Risk,0.15,1953.976,Very High Value,Medium,Provide premium rewards and exclusive offers
16099.0,53,4,841.3000000000003,526,28.043333333333344,21,3,4,3,10,Loyal Customers,Low Risk,0.15,62.31851851851854,High Value,Medium,Maintain regular engagement and monitor customer activity
16100.0,98,1,582.6400000000001,438,15.74702702702703,37,2,2,3,7,Potential Customers,High Risk,0.75,5.885252525252526,Standard Value,High,Launch retention campaign and personalized offer
16101.0,70,3,1938.46,1087,16.710862068965515,94,3,3,4,10,Loyal Customers,High Risk,0.75,81.90676056338029,High Value,High,Launch retention campaign and personalized offer
16103.0,25,16,4762.0700000000015,2081,31.329407894736853,92,4,5,5,14,Champions,Low Risk,0.15,2930.5046153846165,Very High Value,Medium,Provide premium rewards and exclusive offers
16104.0,54,8,2476.2500000000014,925,12.13848039215687,162,3,5,5,13,Champions,High Risk,0.75,360.18181818181836,Very High Value,High,Launch retention campaign and personalized offer
16105.0,74,4,2049.2300000000005,1795,21.12608247422681,80,2,4,4,10,Loyal Customers,High Risk,0.75,109.29226666666669,High Value,High,Launch retention campaign and personalized offer
16108.0,70,3,1393.4200000000003,858,16.01632183908046,79,3,3,4,10,Loyal Customers,High Risk,0.75,58.87690140845072,High Value,High,Launch retention campaign and personalized offer
16109.0,334,1,327.6,480,25.200000000000003,13,1,2,2,5,At Risk,High Risk,0.75,0.9779104477611941,Standard Value,High,Launch retention campaign and personalized offer
16110.0,158,1,481.7899999999997,169,5.071473684210524,84,2,2,2,6,At Risk,High Risk,0.75,3.03012578616352,Standard Value,High,Launch retention campaign and personalized offer
16111.0,64,1,562.4800000000001,236,7.499733333333335,72,3,2,3,8,Potential Customers,High Risk,0.75,8.653538461538464,Standard Value,High,Launch retention campaign and personalized offer
16115.0,33,4,907.17,600,6.299791666666667,99,4,4,3,11,Loyal Customers,Low Risk,0.15,106.72588235294117,High Value,Medium,Maintain regular engagement and monitor customer activity
16117.0,38,2,422.19,191,7.155762711864406,46,3,3,2,8,Potential Customers,Low Risk,0.15,21.65076923076923,Standard Value,Low,Use personalized promotions to increase customer engagement
16118.0,288,1,4376.25,2851,106.73780487804878,41,1,2,5,8,Potential Customers,High Risk,0.75,15.142733564013842,Standard Value,High,Launch retention campaign and personalized offer
16119.0,30,6,1297.4499999999998,571,34.143421052631574,31,4,5,4,13,Champions,Low Risk,0.15,251.11935483870965,High Value,Medium,Maintain regular engagement and monitor customer activity
16120.0,58,2,1747.7700000000011,1327,26.88876923076925,60,3,3,4,10,Loyal Customers,High Risk,0.75,59.24644067796614,High Value,High,Launch retention campaign and personalized offer
16121.0,26,3,609.9800000000002,311,4.149523809523811,112,4,3,3,10,Loyal Customers,Low Risk,0.15,67.77555555555558,High Value,Medium,Maintain regular engagement and monitor customer activity
16122.0,2,3,316.9200000000001,270,12.189230769230772,15,5,3,2,10,Loyal Customers,Low Risk,0.15,316.9200000000001,Very High Value,Medium,Provide premium rewards and exclusive offers
16124.0,54,3,1523.4900000000007,749,21.457605633802828,57,3,3,4,10,Loyal Customers,High Risk,0.75,83.09945454545458,High Value,High,Launch retention campaign and personalized offer
16125.0,3,14,4298.2999999999965,1820,14.924652777777766,168,5,5,5,15,Champions,Low Risk,0.15,15044.049999999988,Very High Value,Medium,Provide premium rewards and exclusive offers
16126.0,15,11,8359.029999999999,4017,31.42492481203007,122,5,5,5,15,Champions,Low Risk,0.15,5746.833124999999,Very High Value,Medium,Provide premium rewards and exclusive offers
16127.0,362,1,145.05999999999997,68,4.144571428571428,35,1,2,1,4,At Risk,High Risk,0.75,0.39961432506887046,Standard Value,High,Launch retention campaign and personalized offer
16128.0,16,6,1920.83,1457,20.65408602150537,82,4,5,4,13,Champions,Low Risk,0.15,677.9399999999999,Very High Value,Medium,Provide premium rewards and exclusive offers
16129.0,43,3,1396.0500000000006,1261,14.542187500000006,91,3,3,4,10,Loyal Customers,Low Risk,0.15,95.1852272727273,High Value,Medium,Maintain regular engagement and monitor customer activity
16130.0,58,4,987.48,296,17.95418181818182,53,3,4,3,10,Loyal Customers,High Risk,0.75,66.94779661016949,High Value,High,Launch retention campaign and personalized offer
16131.0,11,6,6450.880000000003,2966,45.75092198581562,105,5,5,5,15,Champions,Low Risk,0.15,3225.440000000001,Very High Value,Medium,Provide premium rewards and exclusive offers
16132.0,180,2,664.2000000000002,280,39.070588235294125,14,1,3,3,7,Potential Customers,High Risk,0.75,7.339226519337019,Standard Value,High,Launch retention campaign and personalized offer
16133.0,12,23,8403.219999999992,4766,40.79233009708734,129,5,5,5,15,Champions,Low Risk,0.15,14867.235384615371,Very High Value,Medium,Provide premium rewards and exclusive offers
16134.0,59,3,1527.250000000001,1266,18.854938271604947,69,3,3,4,10,Loyal Customers,High Risk,0.75,76.36250000000004,High Value,High,Launch retention campaign and personalized offer
16135.0,219,1,301.9,186,16.772222222222222,18,1,2,2,5,At Risk,High Risk,0.75,1.372272727272727,Standard Value,High,Launch retention campaign and personalized offer
16136.0,299,1,237.42,234,26.380000000000003,9,1,2,1,4,At Risk,High Risk,0.75,0.7914,Standard Value,High,Launch retention campaign and personalized offer
16137.0,316,1,422.7,210,15.096428571428572,28,1,2,2,5,At Risk,High Risk,0.75,1.3334384858044164,Standard Value,High,Launch retention campaign and personalized offer
16138.0,14,3,910.3499999999998,774,24.60405405405405,35,5,3,3,11,Loyal Customers,Low Risk,0.15,182.06999999999996,High Value,Medium,Maintain regular engagement and monitor customer activity
16139.0,358,2,475.74,272,18.29769230769231,23,1,3,2,6,At Risk,High Risk,0.75,2.6503621169916434,Standard Value,High,Launch retention campaign and personalized offer
16140.0,7,2,832.4200000000001,646,23.12277777777778,33,5,3,3,11,Loyal Customers,Low Risk,0.15,208.10500000000002,High Value,Medium,Maintain regular engagement and monitor customer activity
16141.0,53,1,335.54,172,16.777,20,3,2,2,7,Potential Customers,Low Risk,0.15,6.213703703703704,Standard Value,Low,Use personalized promotions to increase customer engagement
16143.0,5,7,2485.8899999999994,1092,20.3761475409836,71,5,5,5,15,Champions,Low Risk,0.15,2900.2049999999995,Very High Value,Medium,Provide premium rewards and exclusive offers
16145.0,24,8,3005.949999999997,2147,17.47645348837208,110,4,5,5,14,Champions,Low Risk,0.15,961.9039999999991,Very High Value,Medium,Provide premium rewards and exclusive offers
16146.0,84,1,212.25000000000003,117,17.687500000000004,12,2,2,1,5,At Risk,High Risk,0.75,2.497058823529412,Standard Value,High,Launch retention campaign and personalized offer
16147.0,36,4,2023.91,1149,17.75359649122807,101,4,4,4,12,Loyal Customers,Low Risk,0.15,218.8010810810811,High Value,Medium,Maintain regular engagement and monitor customer activity
16148.0,72,1,310.3,178,38.7875,8,2,2,2,6,At Risk,High Risk,0.75,4.250684931506849,Standard Value,High,Launch retention campaign and personalized offer
16149.0,65,1,141.7,290,11.808333333333332,12,3,2,1,6,At Risk,High Risk,0.75,2.146969696969697,Standard Value,High,Launch retention campaign and personalized offer
16150.0,8,6,2342.57,1117,19.360082644628097,90,5,5,5,15,Champions,Low Risk,0.15,1561.7133333333336,Very High Value,Medium,Provide premium rewards and exclusive offers
16153.0,56,6,3309.259999999999,2620,24.15518248175181,106,3,5,5,13,Champions,High Risk,0.75,348.34315789473675,Very High Value,High,Launch retention campaign and personalized offer
16155.0,17,5,796.9000000000002,495,16.602083333333336,45,4,4,3,11,Loyal Customers,Low Risk,0.15,221.36111111111117,High Value,Medium,Maintain regular engagement and monitor customer activity
16156.0,18,11,3096.1399999999994,1932,23.279248120300743,101,4,5,5,14,Champions,Low Risk,0.15,1792.5021052631575,Very High Value,Medium,Provide premium rewards and exclusive offers
16158.0,158,9,628.3199999999999,182,17.951999999999998,29,2,5,3,10,Loyal Customers,High Risk,0.75,35.565283018867916,High Value,High,Launch retention campaign and personalized offer
16159.0,106,3,884.5900000000001,399,23.27868421052632,25,2,3,3,8,Potential Customers,High Risk,0.75,24.801588785046732,Standard Value,High,Launch retention campaign and personalized offer
16161.0,4,25,7256.239999999986,3781,10.608538011695886,282,5,5,5,15,Champions,Low Risk,0.15,36281.19999999993,Very High Value,Medium,Provide premium rewards and exclusive offers
16163.0,1,5,1992.98,576,29.745970149253733,59,5,4,4,13,Champions,Low Risk,0.15,4982.45,Very High Value,Medium,Provide premium rewards and exclusive offers
16165.0,141,1,79.9,2,79.9,1,2,2,1,5,At Risk,High Risk,0.75,0.5626760563380282,Standard Value,High,Launch retention campaign and personalized offer
16166.0,64,2,435.8300000000001,173,19.81045454545455,18,3,3,2,8,Potential Customers,High Risk,0.75,13.410153846153849,Standard Value,High,Launch retention campaign and personalized offer
16167.0,50,5,1386.12,1494,22.001904761904765,51,3,4,4,11,Loyal Customers,Low Risk,0.15,135.8941176470588,High Value,Medium,Maintain regular engagement and monitor customer activity
16168.0,5,40,6848.869999999999,3207,32.459099526066346,104,5,5,5,15,Champions,Low Risk,0.15,45659.133333333324,Very High Value,Medium,Provide premium rewards and exclusive offers
16170.0,31,14,4983.949999999998,4286,15.822063492063483,187,4,5,5,14,Champions,Low Risk,0.15,2180.478124999999,Very High Value,Medium,Provide premium rewards and exclusive offers
16172.0,109,3,744.3400000000001,632,16.916818181818186,41,2,3,3,8,Potential Customers,High Risk,0.75,20.300181818181823,Standard Value,High,Launch retention campaign and personalized offer
16174.0,127,4,1237.1999999999998,780,29.45714285714285,15,2,4,4,10,Loyal Customers,High Risk,0.75,38.662499999999994,High Value,High,Launch retention campaign and personalized offer
16175.0,107,3,798.8499999999999,399,19.97125,32,2,3,3,8,Potential Customers,High Risk,0.75,22.190277777777776,Standard Value,High,Launch retention campaign and personalized offer
16176.0,57,4,2052.6900000000005,952,28.50958333333334,53,3,4,4,11,Loyal Customers,High Risk,0.75,141.56482758620695,High Value,High,Launch retention campaign and personalized offer
16177.0,72,7,1915.3599999999997,926,18.5957281553398,66,2,5,4,11,Loyal Customers,High Risk,0.75,183.66465753424654,High Value,High,Launch retention campaign and personalized offer
16178.0,37,1,414.7000000000001,210,24.394117647058827,17,3,2,2,7,Potential Customers,Low Risk,0.15,10.913157894736845,Standard Value,Low,Use personalized promotions to increase customer engagement
16180.0,114,5,5995.690000000001,3946,36.33751515151516,106,2,4,5,11,Loyal Customers,High Risk,0.75,260.6821739130435,High Value,High,Launch retention campaign and personalized offer
16182.0,74,5,3354.0,2096,145.82608695652175,8,2,4,5,11,Loyal Customers,High Risk,0.75,223.6,High Value,High,Launch retention campaign and personalized offer
16183.0,30,3,739.1,238,28.42692307692308,17,4,3,3,10,Loyal Customers,Low Risk,0.15,71.52580645161291,High Value,Medium,Maintain regular engagement and monitor customer activity
16185.0,200,1,115.31,61,12.81222222222222,9,1,2,1,4,At Risk,High Risk,0.75,0.573681592039801,Standard Value,High,Launch retention campaign and personalized offer
16186.0,8,15,5019.169999999998,3805,16.34908794788273,121,5,5,5,15,Champions,Low Risk,0.15,8365.283333333331,Very High Value,Medium,Provide premium rewards and exclusive offers
16188.0,44,1,105.8,56,15.114285714285716,7,3,2,1,6,At Risk,Low Risk,0.15,2.351111111111111,Standard Value,Low,Maintain regular engagement and monitor customer activity
16190.0,30,7,2508.4700000000003,1143,22.198849557522127,88,4,5,5,14,Champions,Low Risk,0.15,566.4287096774194,Very High Value,Medium,Provide premium rewards and exclusive offers
16191.0,11,11,10507.500000000004,6009,106.1363636363637,54,5,5,5,15,Champions,Low Risk,0.15,9631.875000000004,Very High Value,Medium,Provide premium rewards and exclusive offers
16192.0,371,1,351.3,208,31.93636363636364,11,1,2,2,5,At Risk,High Risk,0.75,0.9443548387096774,Standard Value,High,Launch retention campaign and personalized offer
16193.0,46,1,315.98,160,16.63052631578947,19,3,2,2,7,Potential Customers,Low Risk,0.15,6.722978723404256,Standard Value,Low,Use personalized promotions to increase customer engagement
16194.0,11,1,308.6,140,38.575,8,5,2,2,9,Potential Customers,Low Risk,0.15,25.71666666666667,Standard Value,Low,Use personalized promotions to increase customer engagement
16195.0,359,1,323.25,123,20.203125,16,1,2,2,5,At Risk,High Risk,0.75,0.8979166666666667,Standard Value,High,Launch retention campaign and personalized offer
16196.0,124,1,93.3,26,23.325,4,2,2,1,5,At Risk,High Risk,0.75,0.7464,Standard Value,High,Launch retention campaign and personalized offer
16197.0,105,9,2016.7100000000012,1420,21.68505376344088,52,2,5,4,11,Loyal Customers,High Risk,0.75,171.23009433962275,High Value,High,Launch retention campaign and personalized offer
16198.0,73,1,629.3600000000001,255,34.96444444444445,18,2,2,3,7,Potential Customers,High Risk,0.75,8.504864864864867,Standard Value,High,Launch retention campaign and personalized offer
16199.0,28,7,942.75,321,94.275,2,4,5,3,12,Loyal Customers,Low Risk,0.15,227.56034482758622,High Value,Medium,Maintain regular engagement and monitor customer activity
16200.0,18,10,4562.829999999996,2566,10.184888392857134,241,4,5,5,14,Champions,Low Risk,0.15,2401.4894736842084,Very High Value,Medium,Provide premium rewards and exclusive offers
16201.0,51,1,248.65000000000003,135,19.12692307692308,13,3,2,1,6,At Risk,Low Risk,0.15,4.78173076923077,Standard Value,Low,Maintain regular engagement and monitor customer activity
16202.0,53,8,2136.72,1116,20.1577358490566,92,3,5,4,12,Loyal Customers,Low Risk,0.15,316.5511111111111,Very High Value,Medium,Provide premium rewards and exclusive offers
16203.0,8,3,521.64,345,12.42,41,5,3,3,11,Loyal Customers,Low Risk,0.15,173.88,High Value,Medium,Maintain regular engagement and monitor customer activity
16204.0,16,2,538.5300000000001,455,10.160943396226417,47,4,3,3,10,Loyal Customers,Low Risk,0.15,63.356470588235304,High Value,Medium,Maintain regular engagement and monitor customer activity
16205.0,32,3,1069.2300000000002,938,10.482647058823533,89,4,3,4,11,Loyal Customers,Low Risk,0.15,97.20272727272729,High Value,Medium,Maintain regular engagement and monitor customer activity
16206.0,23,9,2065.26,1112,11.410276243093923,139,4,5,4,13,Champions,Low Risk,0.15,774.4725000000002,Very High Value,Medium,Provide premium rewards and exclusive offers
16208.0,30,8,2776.190000000002,1208,14.845935828877016,141,4,5,5,14,Champions,Low Risk,0.15,716.4361290322586,Very High Value,Medium,Provide premium rewards and exclusive offers
16209.0,18,4,1884.1600000000008,716,89.7219047619048,17,4,4,4,12,Loyal Customers,Low Risk,0.15,396.6652631578949,Very High Value,Medium,Provide premium rewards and exclusive offers
16210.0,4,19,17403.210000000006,6704,110.14689873417726,103,5,5,5,15,Champions,Low Risk,0.15,66132.19800000002,Very High Value,Medium,Provide premium rewards and exclusive offers
16211.0,57,2,543.5699999999999,365,41.81307692307692,12,3,3,3,9,Potential Customers,High Risk,0.75,18.743793103448272,Standard Value,High,Launch retention campaign and personalized offer
16212.0,254,2,603.37,327,16.307297297297296,36,1,3,3,7,Potential Customers,High Risk,0.75,4.732313725490196,Standard Value,High,Launch retention campaign and personalized offer
16214.0,71,1,975.5000000000002,888,18.06481481481482,54,3,2,3,8,Potential Customers,High Risk,0.75,13.548611111111114,Standard Value,High,Launch retention campaign and personalized offer
16218.0,9,7,1355.29,1149,16.941125,62,5,5,4,14,Champions,Low Risk,0.15,948.7029999999999,Very High Value,Medium,Provide premium rewards and exclusive offers
16219.0,136,1,40.8,48,40.8,1,2,2,1,5,At Risk,High Risk,0.75,0.29781021897810217,Standard Value,High,Launch retention campaign and personalized offer
16221.0,3,7,1370.6499999999996,798,8.306969696969695,104,5,5,4,14,Champions,Low Risk,0.15,2398.6374999999994,Very High Value,Medium,Provide premium rewards and exclusive offers
16222.0,357,1,498.5,138,21.67391304347826,23,1,2,2,5,At Risk,High Risk,0.75,1.3924581005586592,Standard Value,High,Launch retention campaign and personalized offer
16223.0,10,2,1102.35,651,8.748809523809525,101,5,3,4,12,Loyal Customers,Low Risk,0.15,200.4272727272727,High Value,Medium,Maintain regular engagement and monitor customer activity
16224.0,23,1,321.24,439,16.062,20,4,2,2,8,Potential Customers,Low Risk,0.15,13.385,Standard Value,Low,Use personalized promotions to increase customer engagement
16225.0,38,10,1771.0900000000015,792,10.54220238095239,122,3,5,4,12,Loyal Customers,Low Risk,0.15,454.1256410256414,Very High Value,Medium,Provide premium rewards and exclusive offers
16226.0,14,2,417.0499999999999,329,18.13260869565217,20,5,3,2,10,Loyal Customers,Low Risk,0.15,55.606666666666655,High Value,Medium,Maintain regular engagement and monitor customer activity
16227.0,130,2,713.0000000000002,346,25.46428571428572,23,2,3,3,8,Potential Customers,High Risk,0.75,10.88549618320611,Standard Value,High,Launch retention campaign and personalized offer
16228.0,21,3,890.8099999999998,561,16.19654545454545,45,4,3,3,10,Loyal Customers,Low Risk,0.15,121.47409090909088,High Value,Medium,Maintain regular engagement and monitor customer activity
16229.0,17,4,1857.26,974,14.397364341085272,109,4,4,4,12,Loyal Customers,Low Risk,0.15,412.72444444444443,Very High Value,Medium,Provide premium rewards and exclusive offers
16231.0,15,4,1078.22,564,10.675445544554456,69,5,4,4,13,Champions,Low Risk,0.15,269.555,High Value,Medium,Maintain regular engagement and monitor customer activity
16232.0,56,3,1722.09,1299,25.324852941176477,49,3,3,4,10,Loyal Customers,High Risk,0.75,90.63631578947367,High Value,High,Launch retention campaign and personalized offer
16233.0,2,7,1429.0300000000002,515,26.96283018867925,35,5,5,4,14,Champions,Low Risk,0.15,3334.4033333333336,Very High Value,Medium,Provide premium rewards and exclusive offers
16234.0,112,3,333.18,170,22.212,13,2,3,2,7,Potential Customers,High Risk,0.75,8.845486725663717,Standard Value,High,Launch retention campaign and personalized offer
16235.0,11,4,1186.4000000000003,458,17.194202898550728,55,5,4,4,13,Champions,Low Risk,0.15,395.46666666666675,Very High Value,Medium,Provide premium rewards and exclusive offers
16237.0,73,1,136.65,57,19.52142857142857,7,2,2,1,5,At Risk,High Risk,0.75,1.8466216216216218,Standard Value,High,Launch retention campaign and personalized offer
16238.0,58,1,63.66,85,10.61,6,3,2,1,6,At Risk,High Risk,0.75,1.0789830508474576,Standard Value,High,Launch retention campaign and personalized offer
16239.0,18,4,1078.0,464,67.375,9,4,4,4,12,Loyal Customers,Low Risk,0.15,226.94736842105263,High Value,Medium,Maintain regular engagement and monitor customer activity
16241.0,5,4,1721.4399999999996,924,5.185060240963854,264,5,4,4,13,Champions,Low Risk,0.15,1147.6266666666663,Very High Value,Medium,Provide premium rewards and exclusive offers
16242.0,17,7,3871.189999999999,1973,9.977293814432986,249,4,5,5,14,Champions,Low Risk,0.15,1505.4627777777775,Very High Value,Medium,Provide premium rewards and exclusive offers
16244.0,8,1,1056.6299999999994,619,16.771904761904754,63,5,2,4,11,Loyal Customers,Low Risk,0.15,117.40333333333326,High Value,Medium,Maintain regular engagement and monitor customer activity
16246.0,95,2,827.2500000000005,338,9.294943820224724,79,2,3,3,8,Potential Customers,High Risk,0.75,17.23437500000001,Standard Value,High,Launch retention campaign and personalized offer
16250.0,9,2,401.94,168,16.0776,22,5,3,2,10,Loyal Customers,Low Risk,0.15,80.388,High Value,Medium,Maintain regular engagement and monitor customer activity
16251.0,148,1,128.31,44,6.4155,20,2,2,1,5,At Risk,High Risk,0.75,0.8611409395973154,Standard Value,High,Launch retention campaign and personalized offer
16252.0,18,1,295.09000000000003,158,14.051904761904764,21,4,2,2,8,Potential Customers,Low Risk,0.15,15.53105263157895,Standard Value,Low,Use personalized promotions to increase customer engagement
16253.0,56,5,3626.29,2828,20.25860335195531,144,3,4,5,12,Loyal Customers,High Risk,0.75,318.09561403508775,Very High Value,High,Launch retention campaign and personalized offer
16254.0,14,3,985.1400000000002,549,13.135200000000005,65,5,3,3,11,Loyal Customers,Low Risk,0.15,197.02800000000005,High Value,Medium,Maintain regular engagement and monitor customer activity
16255.0,1,8,2286.8900000000017,1283,8.629773584905667,136,5,5,5,15,Champions,Low Risk,0.15,9147.560000000007,Very High Value,Medium,Provide premium rewards and exclusive offers
16256.0,129,2,876.9399999999999,1009,54.80875,16,2,3,3,8,Potential Customers,High Risk,0.75,13.491384615384614,Standard Value,High,Launch retention campaign and personalized offer
16258.0,23,10,6739.0099999999975,4206,32.24406698564592,166,4,5,5,14,Champions,Low Risk,0.15,2807.920833333332,Very High Value,Medium,Provide premium rewards and exclusive offers
16259.0,46,3,361.9399999999999,162,3.891827956989246,75,3,3,2,8,Potential Customers,Low Risk,0.15,23.102553191489356,Standard Value,Low,Use personalized promotions to increase customer engagement
16261.0,22,2,312.6199999999999,153,7.104999999999998,41,4,3,2,9,Potential Customers,Low Risk,0.15,27.184347826086945,Standard Value,Low,Use personalized promotions to increase customer engagement
16262.0,14,1,755.1500000000002,446,16.41630434782609,46,5,2,3,10,Loyal Customers,Low Risk,0.15,50.34333333333335,High Value,Medium,Maintain regular engagement and monitor customer activity
16263.0,59,1,351.00999999999993,200,14.625416666666665,19,3,2,2,7,Potential Customers,High Risk,0.75,5.850166666666666,Standard Value,High,Launch retention campaign and personalized offer
16264.0,74,2,837.5299999999999,632,12.689848484848484,62,2,3,3,8,Potential Customers,High Risk,0.75,22.33413333333333,Standard Value,High,Launch retention campaign and personalized offer
16265.0,22,3,1488.17,568,18.83759493670886,67,4,3,4,11,Loyal Customers,Low Risk,0.15,194.10913043478263,High Value,Medium,Maintain regular engagement and monitor customer activity
16266.0,59,7,896.0600000000002,393,18.66791666666667,41,3,5,3,11,Loyal Customers,High Risk,0.75,104.54033333333335,High Value,High,Launch retention campaign and personalized offer
16267.0,227,1,186.66,198,26.66571428571428,7,1,2,1,4,At Risk,High Risk,0.75,0.8186842105263158,Standard Value,High,Launch retention campaign and personalized offer
16269.0,73,1,717.5700000000004,579,13.539056603773592,53,2,2,3,7,Potential Customers,High Risk,0.75,9.696891891891898,Standard Value,High,Launch retention campaign and personalized offer
16271.0,93,5,2033.78,1361,11.824302325581396,116,2,4,4,10,Loyal Customers,High Risk,0.75,108.17978723404255,High Value,High,Launch retention campaign and personalized offer
16273.0,284,2,336.04,46,21.0025,15,1,3,2,6,At Risk,High Risk,0.75,2.3581754385964913,Standard Value,High,Launch retention campaign and personalized offer
16274.0,9,1,357.94999999999993,155,5.342537313432834,64,5,2,2,9,Potential Customers,Low Risk,0.15,35.794999999999995,High Value,Medium,Use personalized promotions to increase customer engagement
16275.0,110,2,1591.2400000000007,932,20.40051282051283,76,2,3,4,9,Potential Customers,High Risk,0.75,28.670990990991005,Standard Value,High,Launch retention campaign and personalized offer
16276.0,115,2,1818.7900000000004,1047,90.93950000000002,16,2,3,4,9,Potential Customers,High Risk,0.75,31.358448275862077,Standard Value,High,Launch retention campaign and personalized offer
16277.0,369,1,188.69,33,8.203913043478261,23,1,2,1,4,At Risk,High Risk,0.75,0.509972972972973,Standard Value,High,Launch retention campaign and personalized offer
16278.0,116,2,551.4599999999999,228,17.233124999999998,30,2,3,3,8,Potential Customers,High Risk,0.75,9.426666666666666,Standard Value,High,Launch retention campaign and personalized offer
16279.0,21,6,4195.5,2637,17.33677685950413,165,4,5,5,14,Champions,Low Risk,0.15,1144.2272727272727,Very High Value,Medium,Provide premium rewards and exclusive offers
16280.0,361,1,238.05,101,14.878125,16,1,2,1,4,At Risk,High Risk,0.75,0.657596685082873,Standard Value,High,Launch retention campaign and personalized offer
16281.0,59,2,1361.96,636,61.907272727272726,19,3,3,4,10,Loyal Customers,High Risk,0.75,45.39866666666667,High Value,High,Launch retention campaign and personalized offer
16282.0,123,2,1139.2800000000002,676,51.78545454545456,21,2,3,4,9,Potential Customers,High Risk,0.75,18.375483870967745,Standard Value,High,Launch retention campaign and personalized offer
16283.0,54,3,2833.010000000002,1653,6.634683840749419,277,3,3,5,11,Loyal Customers,High Risk,0.75,154.5278181818183,High Value,High,Launch retention campaign and personalized offer
16284.0,29,1,205.79999999999995,139,6.859999999999999,30,4,2,1,7,Potential Customers,Low Risk,0.15,6.8599999999999985,Standard Value,Low,Use personalized promotions to increase customer engagement
16285.0,282,1,176.89999999999995,60,5.706451612903225,31,1,2,1,4,At Risk,High Risk,0.75,0.6250883392226146,Standard Value,High,Launch retention campaign and personalized offer
16286.0,113,2,328.95,101,19.35,17,2,3,2,7,Potential Customers,High Risk,0.75,5.771052631578947,Standard Value,High,Launch retention campaign and personalized offer
16287.0,12,4,864.4800000000005,1128,25.42588235294119,18,5,4,3,12,Loyal Customers,Low Risk,0.15,265.9938461538463,High Value,Medium,Maintain regular engagement and monitor customer activity
16288.0,106,1,129.85000000000002,19,18.550000000000004,7,2,2,1,5,At Risk,High Risk,0.75,1.213551401869159,Standard Value,High,Launch retention campaign and personalized offer
16289.0,98,1,136.31,97,6.490952380952381,21,2,2,1,5,At Risk,High Risk,0.75,1.3768686868686868,Standard Value,High,Launch retention campaign and personalized offer
16290.0,100,4,2069.300000000001,1001,15.796183206106878,85,2,4,4,10,Loyal Customers,High Risk,0.75,81.9524752475248,High Value,High,Launch retention campaign and personalized offer
16291.0,318,1,117.72,1,117.72,1,1,2,1,4,At Risk,High Risk,0.75,0.3690282131661442,Standard Value,High,Launch retention campaign and personalized offer
16292.0,16,4,951.51,497,21.144666666666662,38,4,4,3,11,Loyal Customers,Low Risk,0.15,223.88470588235293,High Value,Medium,Maintain regular engagement and monitor customer activity
16293.0,3,6,2408.96,1040,19.5850406504065,94,5,5,5,15,Champions,Low Risk,0.15,3613.44,Very High Value,Medium,Provide premium rewards and exclusive offers
16294.0,112,1,126.05,54,15.75625,8,2,2,1,5,At Risk,High Risk,0.75,1.1154867256637169,Standard Value,High,Launch retention campaign and personalized offer
16296.0,262,4,1313.6700000000003,645,17.7522972972973,56,1,4,4,9,Potential Customers,High Risk,0.75,19.979771863117875,Standard Value,High,Launch retention campaign and personalized offer
16298.0,33,4,487.5,110,24.375,16,4,4,2,10,Loyal Customers,Low Risk,0.15,57.35294117647059,High Value,Medium,Maintain regular engagement and monitor customer activity
16299.0,113,1,193.65,107,16.1375,12,2,2,1,5,At Risk,High Risk,0.75,1.6986842105263158,Standard Value,High,Launch retention campaign and personalized offer
16300.0,66,3,1392.430000000001,658,5.592088353413659,190,3,3,4,10,Loyal Customers,High Risk,0.75,62.34761194029855,High Value,High,Launch retention campaign and personalized offer
16301.0,372,1,107.33,41,17.888333333333332,6,1,2,1,4,At Risk,High Risk,0.75,0.2877479892761394,Standard Value,High,Launch retention campaign and personalized offer
16303.0,28,4,2567.6399999999994,1200,20.706774193548384,66,4,4,5,13,Champions,Low Risk,0.15,354.1572413793103,Very High Value,Medium,Provide premium rewards and exclusive offers
16304.0,330,1,381.6599999999999,228,15.266399999999996,25,1,2,2,5,At Risk,High Risk,0.75,1.153051359516616,Standard Value,High,Launch retention campaign and personalized offer
16306.0,3,2,560.55,255,20.019642857142856,27,5,3,3,11,Loyal Customers,Low Risk,0.15,280.275,High Value,Medium,Maintain regular engagement and monitor customer activity
16307.0,65,3,1194.9200000000003,1123,15.93226666666667,69,3,3,4,10,Loyal Customers,High Risk,0.75,54.314545454545474,High Value,High,Launch retention campaign and personalized offer
16308.0,42,3,2560.0,8000,853.3333333333334,1,3,3,5,11,Loyal Customers,Low Risk,0.15,178.6046511627907,High Value,Medium,Maintain regular engagement and monitor customer activity
16310.0,50,2,460.0800000000001,270,16.431428571428576,26,3,3,2,8,Potential Customers,Low Risk,0.15,18.042352941176475,Standard Value,Low,Use personalized promotions to increase customer engagement
16312.0,68,1,171.14999999999998,53,17.115,10,3,2,1,6,At Risk,High Risk,0.75,2.4804347826086954,Standard Value,High,Launch retention campaign and personalized offer
16314.0,25,3,1491.4000000000003,636,24.05483870967743,58,4,3,4,11,Loyal Customers,Low Risk,0.15,172.0846153846154,High Value,Medium,Maintain regular engagement and monitor customer activity
16315.0,172,1,176.33999999999995,68,19.59333333333333,9,2,2,1,5,At Risk,High Risk,0.75,1.0193063583815025,Standard Value,High,Launch retention campaign and personalized offer
16316.0,16,5,2806.0,1573,19.21917808219178,115,4,4,5,13,Champions,Low Risk,0.15,825.2941176470588,Very High Value,Medium,Provide premium rewards and exclusive offers
16317.0,186,2,850.8600000000002,346,17.726250000000004,47,1,3,3,7,Potential Customers,High Risk,0.75,9.10010695187166,Standard Value,High,Launch retention campaign and personalized offer
16320.0,89,4,4590.529999999999,2587,24.81367567567567,138,2,4,5,11,Loyal Customers,High Risk,0.75,204.0235555555555,High Value,High,Launch retention campaign and personalized offer
16321.0,262,2,230.90000000000003,124,20.990909090909096,10,1,3,1,5,At Risk,High Risk,0.75,1.7558935361216732,Standard Value,High,Launch retention campaign and personalized offer
16323.0,213,1,146.16,96,48.72,3,1,2,1,4,At Risk,High Risk,0.75,0.6829906542056075,Standard Value,High,Launch retention campaign and personalized offer
16325.0,60,9,3003.259999999998,2270,25.02716666666665,99,3,5,5,13,Champions,High Risk,0.75,443.1039344262292,Very High Value,High,Launch retention campaign and personalized offer
16326.0,19,10,1716.030000000001,411,9.75017045454546,122,4,5,4,13,Champions,Low Risk,0.15,858.0150000000006,Very High Value,Medium,Provide premium rewards and exclusive offers
16327.0,5,11,6887.119999999999,5969,10.966751592356689,244,5,5,5,15,Champions,Low Risk,0.15,12626.386666666665,Very High Value,Medium,Provide premium rewards and exclusive offers
16328.0,199,1,310.83,141,19.426875,16,1,2,2,5,At Risk,High Risk,0.75,1.55415,Standard Value,High,Launch retention campaign and personalized offer
16329.0,63,4,1703.0700000000006,826,14.809304347826092,83,3,4,4,11,Loyal Customers,High Risk,0.75,106.44187500000004,High Value,High,Launch retention campaign and personalized offer
16330.0,60,4,382.42,180,4.840759493670886,71,3,4,2,9,Potential Customers,High Risk,0.75,25.07672131147541,Standard Value,High,Launch retention campaign and personalized offer
16331.0,68,6,2037.7,756,59.93235294117647,33,3,5,4,12,Loyal Customers,High Risk,0.75,177.1913043478261,High Value,High,Launch retention campaign and personalized offer
16332.0,67,4,417.21,331,9.069782608695652,41,3,4,2,9,Potential Customers,High Risk,0.75,24.54176470588235,Standard Value,High,Launch retention campaign and personalized offer
16334.0,128,1,277.48000000000013,211,4.784137931034485,54,2,2,2,6,At Risk,High Risk,0.75,2.1510077519379855,Standard Value,High,Launch retention campaign and personalized offer
16335.0,187,7,2774.000000000001,1016,7.5792349726775985,193,1,5,5,11,Loyal Customers,High Risk,0.75,103.28723404255324,High Value,High,Launch retention campaign and personalized offer
16336.0,56,4,3517.6900000000005,1473,51.73073529411766,64,3,4,5,12,Loyal Customers,High Risk,0.75,246.85543859649127,High Value,High,Launch retention campaign and personalized offer
16340.0,75,2,976.9900000000002,844,4.361562500000001,170,2,3,3,8,Potential Customers,High Risk,0.75,25.710263157894744,Standard Value,High,Launch retention campaign and personalized offer
16341.0,73,3,1878.920000000001,1624,23.196543209876555,67,2,3,4,9,Potential Customers,High Risk,0.75,76.17243243243247,High Value,High,Launch retention campaign and personalized offer
16343.0,43,1,316.59,227,8.117692307692307,28,3,2,2,7,Potential Customers,Low Risk,0.15,7.195227272727272,Standard Value,Low,Use personalized promotions to increase customer engagement
16344.0,145,3,741.3199999999999,688,16.848181818181818,42,2,4,3,9,Potential Customers,High Risk,0.75,15.232602739726028,Standard Value,High,Launch retention campaign and personalized offer
16345.0,119,1,623.3300000000002,331,8.538767123287673,68,2,2,3,7,Potential Customers,High Risk,0.75,5.194416666666668,Standard Value,High,Launch retention campaign and personalized offer
16346.0,21,1,224.51000000000008,289,14.967333333333338,15,4,2,1,7,Potential Customers,Low Risk,0.15,10.205000000000004,Standard Value,Low,Use personalized promotions to increase customer engagement
16347.0,24,9,2621.760000000004,1397,10.006717557251925,167,4,5,5,14,Champions,Low Risk,0.15,943.8336000000013,Very High Value,Medium,Provide premium rewards and exclusive offers
16348.0,66,1,328.77,359,10.605483870967742,29,3,2,2,7,Potential Customers,High Risk,0.75,4.907014925373134,Standard Value,High,Launch retention campaign and personalized offer
16350.0,10,5,1137.4199999999998,532,17.498769230769227,49,5,4,4,13,Champions,Low Risk,0.15,517.0090909090909,Very High Value,Medium,Provide premium rewards and exclusive offers
16351.0,47,12,3176.129999999997,2075,17.74374301675976,123,3,5,5,13,Champions,Low Risk,0.15,794.0324999999992,Very High Value,Medium,Provide premium rewards and exclusive offers
16353.0,5,16,3323.749999999999,1525,41.54687499999999,46,5,5,5,15,Champions,Low Risk,0.15,8863.33333333333,Very High Value,Medium,Provide premium rewards and exclusive offers
16354.0,15,3,733.7099999999997,449,7.123398058252424,87,5,4,3,12,Loyal Customers,Low Risk,0.15,137.57062499999995,High Value,Medium,Maintain regular engagement and monitor customer activity
16355.0,11,1,416.35,179,8.673958333333333,47,5,2,2,9,Potential Customers,Low Risk,0.15,34.69583333333333,High Value,Medium,Use personalized promotions to increase customer engagement
16356.0,12,3,204.1,97,7.289285714285713,17,5,4,1,10,Loyal Customers,Low Risk,0.15,47.099999999999994,High Value,Medium,Maintain regular engagement and monitor customer activity
16357.0,17,1,209.49,143,16.114615384615384,13,4,2,1,7,Potential Customers,Low Risk,0.15,11.638333333333334,Standard Value,Low,Use personalized promotions to increase customer engagement
16358.0,30,1,892.1500000000001,763,19.82555555555556,45,4,2,3,9,Potential Customers,Low Risk,0.15,28.779032258064518,Standard Value,Low,Use personalized promotions to increase customer engagement
16359.0,12,7,946.83,581,16.047966101694914,52,5,5,3,13,Champions,Low Risk,0.15,509.8315384615385,Very High Value,Medium,Provide premium rewards and exclusive offers
16362.0,73,1,212.17,127,16.320769230769226,13,2,2,1,5,At Risk,High Risk,0.75,2.867162162162162,Standard Value,High,Launch retention campaign and personalized offer
16365.0,3,7,1766.7800000000009,631,22.364303797468363,63,5,5,4,14,Champions,Low Risk,0.15,3091.8650000000016,Very High Value,Medium,Provide premium rewards and exclusive offers
16366.0,218,3,1220.83,626,20.347166666666663,57,1,4,4,9,Potential Customers,High Risk,0.75,16.723698630136987,Standard Value,High,Launch retention campaign and personalized offer
16367.0,19,1,557.91,470,5.635454545454545,90,4,2,3,9,Potential Customers,Low Risk,0.15,27.8955,Standard Value,Low,Use personalized promotions to increase customer engagement
16368.0,71,1,142.78,57,6.49,20,3,2,1,6,At Risk,High Risk,0.75,1.9830555555555556,Standard Value,High,Launch retention campaign and personalized offer
16369.0,72,4,1111.1500000000003,559,21.36826923076924,36,2,4,4,10,Loyal Customers,High Risk,0.75,60.884931506849334,High Value,High,Launch retention campaign and personalized offer
16371.0,84,1,157.20000000000005,108,14.290909090909096,11,2,2,1,5,At Risk,High Risk,0.75,1.849411764705883,Standard Value,High,Launch retention campaign and personalized offer
16372.0,45,3,960.6800000000006,582,4.070677966101697,203,3,4,3,10,Loyal Customers,Low Risk,0.15,62.653043478260905,High Value,Medium,Maintain regular engagement and monitor customer activity
16373.0,18,2,309.48999999999995,119,10.67206896551724,25,4,3,2,9,Potential Customers,Low Risk,0.15,32.5778947368421,High Value,Medium,Use personalized promotions to increase customer engagement
16374.0,38,3,1298.420000000001,560,5.256761133603243,210,3,4,4,11,Loyal Customers,Low Risk,0.15,99.87846153846161,High Value,Medium,Maintain regular engagement and monitor customer activity
16375.0,106,2,104.0,74,8.0,11,2,3,1,6,At Risk,High Risk,0.75,1.9439252336448598,Standard Value,High,Launch retention campaign and personalized offer
16377.0,253,1,632.28,1428,126.456,5,1,2,3,6,At Risk,High Risk,0.75,2.489291338582677,Standard Value,High,Launch retention campaign and personalized offer
16381.0,31,2,258.6999999999999,112,3.979999999999998,60,4,3,2,9,Potential Customers,Low Risk,0.15,16.168749999999992,Standard Value,Low,Use personalized promotions to increase customer engagement
16382.0,44,2,353.1,167,8.024999999999999,42,3,3,2,8,Potential Customers,Low Risk,0.15,15.693333333333335,Standard Value,Low,Use personalized promotions to increase customer engagement
16383.0,32,5,2306.480000000004,1145,7.298987341772164,198,4,4,5,13,Champions,Low Risk,0.15,349.46666666666727,Very High Value,Medium,Provide premium rewards and exclusive offers
16384.0,65,2,774.45,601,16.134375000000002,48,3,3,3,9,Potential Customers,High Risk,0.75,23.46818181818182,Standard Value,High,Launch retention campaign and personalized offer
16385.0,2,3,474.7199999999999,288,6.086153846153844,64,5,4,2,11,Loyal Customers,Low Risk,0.15,474.71999999999997,Very High Value,Medium,Provide premium rewards and exclusive offers
16386.0,23,1,785.39,499,13.311694915254238,54,4,2,3,9,Potential Customers,Low Risk,0.15,32.724583333333335,High Value,Medium,Use personalized promotions to increase customer engagement
16387.0,31,4,824.1899999999995,413,8.958586956521733,68,4,4,3,11,Loyal Customers,Low Risk,0.15,103.02374999999994,High Value,Medium,Maintain regular engagement and monitor customer activity
16388.0,289,1,186.05000000000004,83,14.311538461538465,13,1,2,1,4,At Risk,High Risk,0.75,0.6415517241379312,Standard Value,High,Launch retention campaign and personalized offer
16390.0,172,3,467.5000000000001,122,22.261904761904766,16,2,4,2,8,Potential Customers,High Risk,0.75,8.106936416184974,Standard Value,High,Launch retention campaign and personalized offer
16391.0,36,4,1103.6100000000013,748,3.334169184290034,261,4,4,4,12,Loyal Customers,Low Risk,0.15,119.30918918918933,High Value,Medium,Maintain regular engagement and monitor customer activity
16392.0,49,2,541.8600000000001,406,5.210192307692309,92,3,3,3,9,Potential Customers,Low Risk,0.15,21.674400000000006,Standard Value,Low,Use personalized promotions to increase customer engagement
16393.0,5,11,2515.449999999997,1556,5.516337719298241,247,5,5,5,15,Champions,Low Risk,0.15,4611.658333333328,Very High Value,Medium,Provide premium rewards and exclusive offers
16395.0,29,9,2050.950000000003,1443,4.693249427917627,319,4,5,4,13,Champions,Low Risk,0.15,615.285000000001,Very High Value,Medium,Provide premium rewards and exclusive offers
16396.0,112,1,137.8,80,17.225,8,2,2,1,5,At Risk,High Risk,0.75,1.2194690265486727,Standard Value,High,Launch retention campaign and personalized offer
16397.0,264,1,127.88,50,11.625454545454543,9,1,2,1,4,At Risk,High Risk,0.75,0.48256603773584905,Standard Value,High,Launch retention campaign and personalized offer
16399.0,25,1,233.25,192,5.83125,37,4,2,1,7,Potential Customers,Low Risk,0.15,8.971153846153847,Standard Value,Low,Use personalized promotions to increase customer engagement
16400.0,31,8,2855.51,1987,11.33138888888889,187,4,5,5,14,Champions,Low Risk,0.15,713.8775,Very High Value,Medium,Provide premium rewards and exclusive offers
16401.0,15,11,2750.83,2153,15.54141242937853,76,5,5,5,15,Champions,Low Risk,0.15,1891.1956249999998,Very High Value,Medium,Provide premium rewards and exclusive offers
16402.0,5,1,211.79999999999995,105,3.715789473684209,53,5,2,1,8,Potential Customers,Low Risk,0.15,35.29999999999999,High Value,Medium,Use personalized promotions to increase customer engagement
16406.0,86,2,389.61,149,4.016597938144329,85,2,3,2,7,Potential Customers,High Risk,0.75,8.956551724137931,Standard Value,High,Launch retention campaign and personalized offer
16407.0,25,4,694.7200000000001,360,11.578666666666669,43,4,4,3,11,Loyal Customers,Low Risk,0.15,106.88000000000002,High Value,Medium,Maintain regular engagement and monitor customer activity
16408.0,227,1,231.93000000000004,227,5.154000000000001,45,1,2,1,4,At Risk,High Risk,0.75,1.0172368421052633,Standard Value,High,Launch retention campaign and personalized offer
16409.0,16,7,3680.1599999999967,2400,6.583470483005361,277,4,5,5,14,Champions,Low Risk,0.15,1515.3599999999988,Very High Value,Medium,Provide premium rewards and exclusive offers
16410.0,370,1,130.32,348,26.064,5,1,2,1,4,At Risk,High Risk,0.75,0.351266846361186,Standard Value,High,Launch retention campaign and personalized offer
16411.0,5,3,695.5400000000004,411,4.293456790123459,119,5,4,3,12,Loyal Customers,Low Risk,0.15,347.7700000000002,Very High Value,Medium,Provide premium rewards and exclusive offers
16412.0,29,4,495.39999999999975,238,4.904950495049502,72,4,4,2,10,Loyal Customers,Low Risk,0.15,66.0533333333333,High Value,Medium,Maintain regular engagement and monitor customer activity
16413.0,11,1,266.78,136,7.020526315789473,32,5,2,2,9,Potential Customers,Low Risk,0.15,22.231666666666666,Standard Value,Low,Use personalized promotions to increase customer engagement
16414.0,67,3,433.4599999999999,175,7.604561403508771,54,3,4,2,9,Potential Customers,High Risk,0.75,19.12323529411764,Standard Value,High,Launch retention campaign and personalized offer
16415.0,219,2,509.0899999999999,340,4.713796296296295,78,1,3,3,7,Potential Customers,High Risk,0.75,4.628090909090909,Standard Value,High,Launch retention campaign and personalized offer
16416.0,26,6,1921.4800000000005,1538,16.564482758620695,92,4,5,4,13,Champions,Low Risk,0.15,426.99555555555565,Very High Value,Medium,Provide premium rewards and exclusive offers
16417.0,128,1,35.7,6,35.7,1,2,2,1,5,At Risk,High Risk,0.75,0.27674418604651163,Standard Value,High,Launch retention campaign and personalized offer
16418.0,44,2,426.6699999999999,292,6.368208955223879,55,3,3,2,8,Potential Customers,Low Risk,0.15,18.963111111111107,Standard Value,Low,Use personalized promotions to increase customer engagement
16419.0,213,2,515.1899999999999,285,12.56560975609756,34,1,3,3,7,Potential Customers,High Risk,0.75,4.814859813084111,Standard Value,High,Launch retention campaign and personalized offer
16420.0,32,1,75.0,120,37.5,2,4,2,1,7,Potential Customers,Low Risk,0.15,2.272727272727273,Standard Value,Low,Use personalized promotions to increase customer engagement
16421.0,12,3,526.2699999999999,123,13.849210526315789,35,5,4,3,12,Loyal Customers,Low Risk,0.15,121.44692307692304,High Value,Medium,Maintain regular engagement and monitor customer activity
16422.0,5,59,28967.07000000002,32665,84.4520991253645,96,5,5,5,15,Champions,Low Risk,0.15,284842.8550000002,Very High Value,Medium,Provide premium rewards and exclusive offers
16424.0,18,1,309.5,124,38.6875,8,4,2,2,8,Potential Customers,Low Risk,0.15,16.289473684210527,Standard Value,Low,Use personalized promotions to increase customer engagement
16428.0,49,3,660.28,595,4.855,121,3,4,3,10,Loyal Customers,Low Risk,0.15,39.6168,High Value,Medium,Maintain regular engagement and monitor customer activity
16430.0,17,6,817.0899999999999,204,37.14045454545454,17,4,5,3,12,Loyal Customers,Low Risk,0.15,272.3633333333333,High Value,Medium,Maintain regular engagement and monitor customer activity
16433.0,44,1,200.26,108,11.779999999999998,17,3,2,1,6,At Risk,Low Risk,0.15,4.450222222222222,Standard Value,Low,Maintain regular engagement and monitor customer activity
16434.0,82,5,1219.49,571,15.63448717948718,55,2,4,4,10,Loyal Customers,High Risk,0.75,73.46325301204818,High Value,High,Launch retention campaign and personalized offer
16435.0,148,3,1011.5700000000004,609,8.028333333333338,119,2,4,4,10,Loyal Customers,High Risk,0.75,20.367181208053697,Standard Value,High,Launch retention campaign and personalized offer
16436.0,304,3,329.34,239,8.032682926829267,37,1,4,2,7,Potential Customers,High Risk,0.75,3.239409836065574,Standard Value,High,Launch retention campaign and personalized offer
16437.0,17,2,301.25,197,14.345238095238097,17,4,3,2,9,Potential Customers,Low Risk,0.15,33.47222222222222,High Value,Medium,Use personalized promotions to increase customer engagement
16439.0,358,1,310.70000000000005,74,34.522222222222226,9,1,2,2,5,At Risk,High Risk,0.75,0.8654596100278553,Standard Value,High,Launch retention campaign and personalized offer
16440.0,129,1,216.30000000000007,90,8.652000000000003,25,2,2,1,5,At Risk,High Risk,0.75,1.6638461538461544,Standard Value,High,Launch retention campaign and personalized offer
16441.0,53,3,653.2299999999999,311,10.535967741935483,55,3,4,3,10,Loyal Customers,Low Risk,0.15,36.29055555555555,High Value,Medium,Maintain regular engagement and monitor customer activity
16442.0,240,2,282.67999999999984,137,3.719473684210524,74,1,3,2,6,At Risk,High Risk,0.75,2.345892116182571,Standard Value,High,Launch retention campaign and personalized offer
16443.0,156,1,162.24,96,162.24,1,2,2,1,5,At Risk,High Risk,0.75,1.033375796178344,Standard Value,High,Launch retention campaign and personalized offer
16444.0,26,13,3001.9099999999994,1552,10.280513698630134,159,4,5,5,14,Champions,Low Risk,0.15,1445.3640740740739,Very High Value,Medium,Provide premium rewards and exclusive offers
16445.0,22,3,372.2199999999998,188,2.8854263565891456,93,4,4,2,10,Loyal Customers,Low Risk,0.15,48.55043478260867,High Value,Medium,Maintain regular engagement and monitor customer activity
16447.0,226,2,516.13,100,13.94945945945946,27,1,3,3,7,Potential Customers,High Risk,0.75,4.547400881057269,Standard Value,High,Launch retention campaign and personalized offer
16448.0,107,1,178.98000000000008,101,5.593125000000002,31,2,2,1,5,At Risk,High Risk,0.75,1.6572222222222228,Standard Value,High,Launch retention campaign and personalized offer
16450.0,220,2,1193.8100000000004,481,37.30656250000001,27,1,3,4,8,Potential Customers,High Risk,0.75,10.803710407239823,Standard Value,High,Launch retention campaign and personalized offer
16451.0,197,2,746.1799999999998,404,14.63098039215686,50,1,3,3,7,Potential Customers,High Risk,0.75,7.537171717171716,Standard Value,High,Launch retention campaign and personalized offer
16452.0,266,2,332.17,199,18.453888888888887,14,1,3,2,6,At Risk,High Risk,0.75,2.4881647940074907,Standard Value,High,Launch retention campaign and personalized offer
16453.0,166,2,251.70999999999995,139,16.780666666666665,15,2,3,1,6,At Risk,High Risk,0.75,3.014491017964071,Standard Value,High,Launch retention campaign and personalized offer
16454.0,242,2,24.05,6,12.025,2,1,3,1,5,At Risk,High Risk,0.75,0.1979423868312757,Standard Value,High,Launch retention campaign and personalized offer
16455.0,7,6,2543.190000000001,2115,20.184047619047625,85,5,5,5,15,Champions,Low Risk,0.15,1907.3925000000008,Very High Value,Medium,Provide premium rewards and exclusive offers
16456.0,9,9,4704.539999999999,2577,15.475460526315786,188,5,5,5,15,Champions,Low Risk,0.15,4234.085999999999,Very High Value,Medium,Provide premium rewards and exclusive offers
16458.0,11,12,2232.600000000001,1252,12.334806629834258,66,5,5,5,15,Champions,Low Risk,0.15,2232.600000000001,Very High Value,Medium,Provide premium rewards and exclusive offers
16459.0,365,1,71.78999999999999,59,14.358,5,1,2,1,4,At Risk,High Risk,0.75,0.19614754098360654,Standard Value,High,Launch retention campaign and personalized offer
16461.0,226,2,1463.8000000000015,990,6.2025423728813625,196,1,3,4,8,Potential Customers,High Risk,0.75,12.896916299559486,Standard Value,High,Launch retention campaign and personalized offer
16465.0,56,2,746.2399999999999,504,15.546666666666663,45,3,3,3,9,Potential Customers,High Risk,0.75,26.1838596491228,Standard Value,High,Launch retention campaign and personalized offer
16466.0,19,8,2235.1299999999983,1017,11.064999999999992,134,4,5,5,14,Champions,Low Risk,0.15,894.0519999999993,Very High Value,Medium,Provide premium rewards and exclusive offers
16467.0,144,7,2869.1600000000003,7384,119.54833333333336,14,2,5,5,12,Loyal Customers,High Risk,0.75,138.51117241379313,High Value,High,Launch retention campaign and personalized offer
16468.0,106,2,712.62,340,16.572558139534884,37,2,3,3,8,Potential Customers,High Risk,0.75,13.32,Standard Value,High,Launch retention campaign and personalized offer
16469.0,150,1,178.47999999999996,72,7.759999999999998,23,2,2,1,5,At Risk,High Risk,0.75,1.1819867549668872,Standard Value,High,Launch retention campaign and personalized offer
16470.0,32,7,1696.210000000001,826,5.419201277955275,211,4,5,4,13,Champions,Low Risk,0.15,359.8021212121214,Very High Value,Medium,Provide premium rewards and exclusive offers
16471.0,29,3,966.0300000000004,529,19.71489795918368,40,4,4,3,11,Loyal Customers,Low Risk,0.15,96.60300000000004,High Value,Medium,Maintain regular engagement and monitor customer activity
16472.0,70,2,789.5999999999997,252,20.24615384615384,39,3,3,3,9,Potential Customers,High Risk,0.75,22.242253521126752,Standard Value,High,Launch retention campaign and personalized offer
16473.0,10,1,154.72,100,15.472,10,5,2,1,8,Potential Customers,Low Risk,0.15,14.065454545454545,Standard Value,Low,Use personalized promotions to increase customer engagement
16476.0,67,1,350.35,187,14.597916666666665,24,3,2,2,7,Potential Customers,High Risk,0.75,5.152205882352941,Standard Value,High,Launch retention campaign and personalized offer
16477.0,7,5,1825.56,1217,16.013684210526318,96,5,4,4,13,Champions,Low Risk,0.15,1140.975,Very High Value,Medium,Provide premium rewards and exclusive offers
16481.0,318,1,453.38,201,28.33625,16,1,2,2,5,At Risk,High Risk,0.75,1.4212539184952977,Standard Value,High,Launch retention campaign and personalized offer
16485.0,68,4,1931.030000000001,919,18.747864077669917,93,3,4,4,11,Loyal Customers,High Risk,0.75,111.94376811594209,High Value,High,Launch retention campaign and personalized offer
16486.0,173,1,134.36,24,19.19428571428572,7,2,2,1,5,At Risk,High Risk,0.75,0.7721839080459771,Standard Value,High,Launch retention campaign and personalized offer
16487.0,213,2,209.39999999999995,163,5.982857142857141,28,1,3,1,5,At Risk,High Risk,0.75,1.957009345794392,Standard Value,High,Launch retention campaign and personalized offer
16489.0,16,2,303.70000000000005,38,50.616666666666674,4,4,3,2,9,Potential Customers,Low Risk,0.15,35.72941176470589,High Value,Medium,Use personalized promotions to increase customer engagement
16490.0,72,1,205.41000000000005,113,15.800769230769232,13,2,2,1,5,At Risk,High Risk,0.75,2.813835616438357,Standard Value,High,Launch retention campaign and personalized offer
16491.0,49,1,801.6600000000001,582,16.70125,48,3,2,3,8,Potential Customers,Low Risk,0.15,16.0332,Standard Value,Low,Use personalized promotions to increase customer engagement
16492.0,176,1,385.56,235,16.763478260869565,23,2,2,2,6,At Risk,High Risk,0.75,2.178305084745763,Standard Value,High,Launch retention campaign and personalized offer
16493.0,80,3,780.46,824,14.190181818181818,50,2,4,3,9,Potential Customers,High Risk,0.75,28.905925925925928,Standard Value,High,Launch retention campaign and personalized offer
16496.0,67,3,731.2500000000001,653,17.005813953488374,42,3,4,3,10,Loyal Customers,High Risk,0.75,32.26102941176471,Standard Value,High,Launch retention campaign and personalized offer
16497.0,49,17,3729.589999999998,1654,18.555174129353222,147,3,5,5,13,Champions,Low Risk,0.15,1268.0605999999993,Very High Value,Medium,Provide premium rewards and exclusive offers
16499.0,10,6,2212.8900000000003,1237,17.703120000000002,100,5,5,5,15,Champions,Low Risk,0.15,1207.0309090909093,Very High Value,Medium,Provide premium rewards and exclusive offers
16500.0,10,3,443.05,263,19.26304347826087,19,5,4,2,11,Loyal Customers,Low Risk,0.15,120.83181818181819,High Value,Medium,Maintain regular engagement and monitor customer activity
16501.0,19,1,1237.230000000002,642,5.97695652173914,181,4,2,4,10,Loyal Customers,Low Risk,0.15,61.861500000000106,High Value,Medium,Maintain regular engagement and monitor customer activity
16502.0,256,2,266.49999999999994,251,6.19767441860465,41,1,3,2,6,At Risk,High Risk,0.75,2.073929961089494,Standard Value,High,Launch retention campaign and personalized offer
16503.0,31,7,2182.4099999999994,966,16.91790697674418,113,4,5,5,14,Champions,Low Risk,0.15,477.40218749999985,Very High Value,Medium,Provide premium rewards and exclusive offers
16507.0,208,1,152.76,116,3.5525581395348835,37,1,2,1,4,At Risk,High Risk,0.75,0.7309090909090908,Standard Value,High,Launch retention campaign and personalized offer
16508.0,266,1,248.8,106,5.528888888888889,42,1,2,1,4,At Risk,High Risk,0.75,0.9318352059925094,Standard Value,High,Launch retention campaign and personalized offer
16510.0,8,6,1851.9000000000003,984,15.694067796610172,94,5,5,4,14,Champions,Low Risk,0.15,1234.6000000000001,Very High Value,Medium,Provide premium rewards and exclusive offers
16511.0,33,3,868.7600000000003,370,5.753377483443711,123,4,4,3,11,Loyal Customers,Low Risk,0.15,76.65529411764709,High Value,Medium,Maintain regular engagement and monitor customer activity
16515.0,15,5,1589.1700000000012,768,12.513149606299224,106,5,4,4,13,Champions,Low Risk,0.15,496.61562500000036,Very High Value,Medium,Provide premium rewards and exclusive offers
16518.0,57,2,475.0499999999999,197,16.966071428571425,28,3,3,2,8,Potential Customers,High Risk,0.75,16.38103448275862,Standard Value,High,Launch retention campaign and personalized offer
16519.0,1,3,341.18,122,11.764827586206897,25,5,4,2,11,Loyal Customers,Low Risk,0.15,511.77,Very High Value,Medium,Provide premium rewards and exclusive offers
16520.0,1,4,1436.0499999999995,708,5.544594594594592,201,5,4,4,13,Champions,Low Risk,0.15,2872.099999999999,Very High Value,Medium,Provide premium rewards and exclusive offers
16521.0,51,3,1148.0100000000004,1016,4.803389121338914,212,3,4,4,11,Loyal Customers,Low Risk,0.15,66.23134615384619,High Value,Medium,Maintain regular engagement and monitor customer activity
16522.0,71,2,433.36,212,24.075555555555557,16,3,3,2,8,Potential Customers,High Risk,0.75,12.037777777777778,Standard Value,High,Launch retention campaign and personalized offer
16523.0,51,7,2497.86,714,30.83777777777778,61,3,5,5,13,Champions,Low Risk,0.15,336.25038461538463,Very High Value,Medium,Provide premium rewards and exclusive offers
16524.0,82,2,308.14,260,5.706296296296295,50,2,3,2,7,Potential Customers,High Risk,0.75,7.425060240963855,Standard Value,High,Launch retention campaign and personalized offer
16525.0,2,23,11555.190000000011,7233,63.84082872928183,86,5,5,5,15,Champions,Low Risk,0.15,88589.7900000001,Very High Value,Medium,Provide premium rewards and exclusive offers
16526.0,220,1,426.8499999999999,173,21.342499999999998,20,1,2,2,5,At Risk,High Risk,0.75,1.9314479638009046,Standard Value,High,Launch retention campaign and personalized offer
16527.0,60,1,1044.38,620,16.577460317460318,58,3,2,4,9,Potential Customers,High Risk,0.75,17.120983606557377,Standard Value,High,Launch retention campaign and personalized offer
16529.0,113,3,1556.75,553,15.724747474747474,72,2,4,4,10,Loyal Customers,High Risk,0.75,40.9671052631579,High Value,High,Launch retention campaign and personalized offer
16530.0,304,1,48.35,17,16.116666666666664,3,1,2,1,4,At Risk,High Risk,0.75,0.15852459016393444,Standard Value,High,Launch retention campaign and personalized offer
16531.0,17,4,1053.7400000000002,948,17.2744262295082,55,4,4,4,12,Loyal Customers,Low Risk,0.15,234.16444444444448,High Value,Medium,Maintain regular engagement and monitor customer activity
16532.0,67,2,2007.84,528,1003.92,1,3,3,4,10,Loyal Customers,High Risk,0.75,59.054117647058824,High Value,High,Launch retention campaign and personalized offer
16534.0,278,1,635.9000000000002,168,17.663888888888895,36,1,2,3,6,At Risk,High Risk,0.75,2.279211469534051,Standard Value,High,Launch retention campaign and personalized offer
16535.0,21,2,407.8399999999999,329,9.063111111111107,36,4,3,2,9,Potential Customers,Low Risk,0.15,37.07636363636363,High Value,Medium,Use personalized promotions to increase customer engagement
16537.0,277,1,23.35,59,5.8375,3,1,2,1,4,At Risk,High Risk,0.75,0.0839928057553957,Standard Value,High,Launch retention campaign and personalized offer
16538.0,177,3,399.62,257,9.29348837209302,35,1,4,2,7,Potential Customers,High Risk,0.75,6.735168539325843,Standard Value,High,Launch retention campaign and personalized offer
16539.0,9,7,2343.2,838,21.899065420560746,76,5,5,5,15,Champions,Low Risk,0.15,1640.2399999999998,Very High Value,Medium,Provide premium rewards and exclusive offers
16540.0,50,1,226.7,114,6.127027027027028,25,3,2,1,6,At Risk,Low Risk,0.15,4.4450980392156865,Standard Value,Low,Maintain regular engagement and monitor customer activity
16541.0,371,1,424.0299999999999,173,11.158684210526314,38,1,2,2,5,At Risk,High Risk,0.75,1.1398655913978493,Standard Value,High,Launch retention campaign and personalized offer
16542.0,37,1,137.7,96,15.3,9,3,2,1,6,At Risk,Low Risk,0.15,3.6236842105263154,Standard Value,Low,Maintain regular engagement and monitor customer activity
16543.0,227,1,292.21,317,16.233888888888888,18,1,2,2,5,At Risk,High Risk,0.75,1.2816228070175437,Standard Value,High,Launch retention campaign and personalized offer
16544.0,155,4,376.7000000000001,150,34.24545454545455,8,2,4,2,8,Potential Customers,High Risk,0.75,9.658974358974362,Standard Value,High,Launch retention campaign and personalized offer
16545.0,11,1,350.52,244,70.104,5,5,2,2,9,Potential Customers,Low Risk,0.15,29.209999999999997,Standard Value,Low,Use personalized promotions to increase customer engagement
16546.0,8,4,4819.319999999997,3818,69.8452173913043,56,5,4,5,14,Champions,Low Risk,0.15,2141.9199999999987,Very High Value,Medium,Provide premium rewards and exclusive offers
16547.0,182,1,111.71,113,4.137407407407408,25,1,2,1,4,At Risk,High Risk,0.75,0.6104371584699453,Standard Value,High,Launch retention campaign and personalized offer
16548.0,235,1,30.15,6,5.025,6,1,2,1,4,At Risk,High Risk,0.75,0.1277542372881356,Standard Value,High,Launch retention campaign and personalized offer
16549.0,33,24,9027.549999999985,4913,3.9786469810489136,646,4,5,5,14,Champions,Low Risk,0.15,6372.388235294107,Very High Value,Medium,Provide premium rewards and exclusive offers
16550.0,4,14,7136.159999999999,4187,12.697793594306049,209,5,5,5,15,Champions,Low Risk,0.15,19981.248,Very High Value,Medium,Provide premium rewards and exclusive offers
16551.0,59,4,1315.0000000000002,1106,23.48214285714286,44,3,4,4,11,Loyal Customers,High Risk,0.75,87.66666666666669,High Value,High,Launch retention campaign and personalized offer
16552.0,9,1,95.29,39,19.058,5,5,2,1,8,Potential Customers,Low Risk,0.15,9.529,Standard Value,Low,Use personalized promotions to increase customer engagement
16553.0,32,21,10924.189999999997,11875,52.268851674641134,149,4,5,5,14,Champions,Low Risk,0.15,6951.757272727271,Very High Value,Medium,Provide premium rewards and exclusive offers
16554.0,22,5,2004.62,944,17.43147826086956,80,4,4,4,12,Loyal Customers,Low Risk,0.15,435.78695652173906,Very High Value,Medium,Provide premium rewards and exclusive offers
16555.0,141,4,1629.79,1641,33.26102040816326,46,2,4,4,10,Loyal Customers,High Risk,0.75,45.90957746478873,High Value,High,Launch retention campaign and personalized offer
16556.0,11,10,4698.789999999997,2463,17.086509090909082,183,5,5,5,15,Champions,Low Risk,0.15,3915.658333333331,Very High Value,Medium,Provide premium rewards and exclusive offers
16558.0,2,19,5535.019999999997,2711,17.29693749999999,194,5,5,5,15,Champions,Low Risk,0.15,35055.12666666665,Very High Value,Medium,Provide premium rewards and exclusive offers
16559.0,33,1,185.2,73,10.288888888888888,17,4,2,1,7,Potential Customers,Low Risk,0.15,5.447058823529411,Standard Value,Low,Use personalized promotions to increase customer engagement
16560.0,33,6,2206.9700000000003,1103,15.542042253521128,102,4,5,5,14,Champions,Low Risk,0.15,389.4652941176471,Very High Value,Medium,Provide premium rewards and exclusive offers
16562.0,112,1,223.86,264,6.584117647058824,34,2,2,1,5,At Risk,High Risk,0.75,1.981061946902655,Standard Value,High,Launch retention campaign and personalized offer
16563.0,36,5,3345.0199999999986,2110,47.112957746478855,46,4,4,5,13,Champions,Low Risk,0.15,452.02972972972947,Very High Value,Medium,Provide premium rewards and exclusive offers
16564.0,205,1,87.79999999999998,40,17.559999999999995,5,1,2,1,4,At Risk,High Risk,0.75,0.42621359223300964,Standard Value,High,Launch retention campaign and personalized offer
16565.0,42,3,599.3499999999999,165,74.91874999999999,7,3,4,3,10,Loyal Customers,Low Risk,0.15,41.81511627906976,High Value,Medium,Maintain regular engagement and monitor customer activity
16568.0,63,2,1020.9,366,204.18,5,3,3,4,10,Loyal Customers,High Risk,0.75,31.903125,Standard Value,High,Launch retention campaign and personalized offer
16569.0,267,4,1331.0299999999995,895,44.36766666666666,23,1,4,4,9,Potential Customers,High Risk,0.75,19.866119402985067,Standard Value,High,Launch retention campaign and personalized offer
16570.0,15,10,3695.91,2180,32.13834782608695,66,5,5,5,15,Champions,Low Risk,0.15,2309.94375,Very High Value,Medium,Provide premium rewards and exclusive offers
16571.0,31,7,2827.0499999999997,2464,16.827678571428567,103,4,5,5,14,Champions,Low Risk,0.15,618.4171875,Very High Value,Medium,Provide premium rewards and exclusive offers
16574.0,59,2,850.34,586,14.66103448275862,58,3,3,3,9,Potential Customers,High Risk,0.75,28.34466666666667,Standard Value,High,Launch retention campaign and personalized offer
16576.0,56,2,540.87,323,16.39,32,3,3,3,9,Potential Customers,High Risk,0.75,18.977894736842106,Standard Value,High,Launch retention campaign and personalized offer
16577.0,302,1,380.0,142,16.52173913043478,23,1,2,2,5,At Risk,High Risk,0.75,1.2541254125412542,Standard Value,High,Launch retention campaign and personalized offer
16578.0,262,1,156.6,108,17.4,9,1,2,1,4,At Risk,High Risk,0.75,0.5954372623574145,Standard Value,High,Launch retention campaign and personalized offer
16579.0,61,1,295.04999999999995,119,21.075,14,3,2,2,7,Potential Customers,High Risk,0.75,4.7588709677419345,Standard Value,High,Launch retention campaign and personalized offer
16583.0,9,2,297.95,153,16.552777777777777,18,5,3,2,10,Loyal Customers,Low Risk,0.15,59.589999999999996,High Value,Medium,Maintain regular engagement and monitor customer activity
16584.0,68,3,2227.589999999999,1273,40.50163636363634,46,3,4,5,12,Loyal Customers,High Risk,0.75,96.85173913043474,High Value,High,Launch retention campaign and personalized offer
16585.0,229,2,341.59,151,18.97722222222222,16,1,3,2,6,At Risk,High Risk,0.75,2.9703478260869565,Standard Value,High,Launch retention campaign and personalized offer
16586.0,80,2,998.8300000000002,253,49.941500000000005,19,2,3,4,9,Potential Customers,High Risk,0.75,24.66246913580247,Standard Value,High,Launch retention campaign and personalized offer
16588.0,22,4,1361.2800000000009,882,19.172957746478883,64,4,4,4,12,Loyal Customers,Low Risk,0.15,236.7443478260871,High Value,Medium,Maintain regular engagement and monitor customer activity
16589.0,86,1,153.12,168,13.92,11,2,2,1,5,At Risk,High Risk,0.75,1.76,Standard Value,High,Launch retention campaign and personalized offer
16590.0,36,2,605.9000000000001,240,20.893103448275863,26,4,3,3,10,Loyal Customers,Low Risk,0.15,32.75135135135135,High Value,Medium,Maintain regular engagement and monitor customer activity
16592.0,11,12,3694.229999999999,2577,17.425613207547165,124,5,5,5,15,Champions,Low Risk,0.15,3694.229999999999,Very High Value,Medium,Provide premium rewards and exclusive offers
16593.0,26,5,741.11,261,14.53156862745098,40,4,4,3,11,Loyal Customers,Low Risk,0.15,137.2425925925926,High Value,Medium,Maintain regular engagement and monitor customer activity
16595.0,12,4,1450.020000000001,1043,3.727557840616969,286,5,4,4,13,Champions,Low Risk,0.15,446.16000000000025,Very High Value,Medium,Provide premium rewards and exclusive offers
16596.0,2,3,329.48,130,18.30444444444445,17,5,4,2,11,Loyal Customers,Low Risk,0.15,329.48,Very High Value,Medium,Provide premium rewards and exclusive offers
16599.0,21,1,172.8,159,14.4,12,4,2,1,7,Potential Customers,Low Risk,0.15,7.854545454545455,Standard Value,Low,Use personalized promotions to increase customer engagement
16600.0,10,7,1339.8899999999996,1275,16.54185185185185,61,5,5,4,14,Champions,Low Risk,0.15,852.6572727272725,Very High Value,Medium,Provide premium rewards and exclusive offers
16601.0,26,2,439.44999999999993,261,10.718292682926828,38,4,3,2,9,Potential Customers,Low Risk,0.15,32.55185185185184,High Value,Medium,Use personalized promotions to increase customer engagement
16602.0,24,1,235.25,93,21.38636363636364,11,4,2,1,7,Potential Customers,Low Risk,0.15,9.41,Standard Value,Low,Use personalized promotions to increase customer engagement
16604.0,198,2,432.45,175,36.0375,10,1,3,2,6,At Risk,High Risk,0.75,4.346231155778894,Standard Value,High,Launch retention campaign and personalized offer
16605.0,360,1,60.48,144,60.48,1,1,2,1,4,At Risk,High Risk,0.75,0.16753462603878116,Standard Value,High,Launch retention campaign and personalized offer
16606.0,40,2,357.66,148,16.257272727272728,16,3,3,2,8,Potential Customers,Low Risk,0.15,17.446829268292685,Standard Value,Low,Use personalized promotions to increase customer engagement
16607.0,35,11,2359.16,1577,18.723492063492063,99,4,5,5,14,Champions,Low Risk,0.15,720.8544444444444,Very High Value,Medium,Provide premium rewards and exclusive offers
16608.0,89,2,1288.7200000000005,613,10.563278688524592,94,2,3,4,9,Potential Customers,High Risk,0.75,28.638222222222232,Standard Value,High,Launch retention campaign and personalized offer
16611.0,39,5,1655.64,827,16.5564,79,3,4,4,11,Loyal Customers,Low Risk,0.15,206.955,High Value,Medium,Maintain regular engagement and monitor customer activity
16612.0,15,5,2057.77,913,20.373960396039603,71,5,4,4,13,Champions,Low Risk,0.15,643.053125,Very High Value,Medium,Provide premium rewards and exclusive offers
16614.0,38,2,673.5999999999999,126,29.286956521739125,20,3,3,3,9,Potential Customers,Low Risk,0.15,34.54358974358974,High Value,Medium,Use personalized promotions to increase customer engagement
16615.0,262,1,291.5,211,15.342105263157896,19,1,2,2,5,At Risk,High Risk,0.75,1.108365019011407,Standard Value,High,Launch retention campaign and personalized offer
16619.0,19,3,1712.12,922,16.78549019607843,93,4,4,4,12,Loyal Customers,Low Risk,0.15,256.818,High Value,Medium,Maintain regular engagement and monitor customer activity
16620.0,25,4,1579.9700000000005,1058,18.58788235294118,70,4,4,4,12,Loyal Customers,Low Risk,0.15,243.07230769230776,High Value,Medium,Maintain regular engagement and monitor customer activity
16622.0,179,1,225.4,44,18.78333333333333,12,1,2,1,4,At Risk,High Risk,0.75,1.2522222222222223,Standard Value,High,Launch retention campaign and personalized offer
16623.0,37,3,885.7900000000001,403,19.256304347826088,40,3,4,3,10,Loyal Customers,Low Risk,0.15,69.93078947368421,High Value,Medium,Maintain regular engagement and monitor customer activity
16625.0,58,4,1320.9500000000005,893,17.38092105263158,69,3,4,4,11,Loyal Customers,High Risk,0.75,89.55593220338986,High Value,High,Launch retention campaign and personalized offer
16628.0,43,2,130.05,55,16.25625,8,3,3,1,7,Potential Customers,Low Risk,0.15,5.911363636363637,Standard Value,Low,Use personalized promotions to increase customer engagement
16630.0,43,1,106.8,72,26.700000000000003,4,3,2,1,6,At Risk,Low Risk,0.15,2.4272727272727272,Standard Value,Low,Maintain regular engagement and monitor customer activity
16631.0,117,7,1892.5200000000004,775,23.656500000000005,46,2,5,4,11,Loyal Customers,High Risk,0.75,112.26813559322036,High Value,High,Launch retention campaign and personalized offer
16632.0,121,2,406.4,256,15.05185185185185,22,2,3,2,7,Potential Customers,High Risk,0.75,6.662295081967213,Standard Value,High,Launch retention campaign and personalized offer
16634.0,8,5,1596.7100000000005,1239,19.47207317073171,72,5,4,4,13,Champions,Low Risk,0.15,887.0611111111115,Very High Value,Medium,Provide premium rewards and exclusive offers
16635.0,42,1,473.0,277,18.92,25,3,2,2,7,Potential Customers,Low Risk,0.15,11.0,Standard Value,Low,Use personalized promotions to increase customer engagement
16636.0,74,4,3802.039999999999,2186,52.08273972602738,62,2,4,5,11,Loyal Customers,High Risk,0.75,202.7754666666666,High Value,High,Launch retention campaign and personalized offer
16638.0,4,6,749.8100000000004,396,16.300217391304358,44,5,5,3,13,Champions,Low Risk,0.15,899.7720000000005,Very High Value,Medium,Provide premium rewards and exclusive offers
16639.0,45,1,490.47,241,15.821612903225809,31,3,2,2,7,Potential Customers,Low Risk,0.15,10.662391304347826,Standard Value,Low,Use personalized promotions to increase customer engagement
16640.0,33,1,179.39999999999998,146,13.8,13,4,2,1,7,Potential Customers,Low Risk,0.15,5.276470588235293,Standard Value,Low,Use personalized promotions to increase customer engagement
16641.0,337,1,323.4,198,13.475,24,1,2,2,5,At Risk,High Risk,0.75,0.9568047337278106,Standard Value,High,Launch retention campaign and personalized offer
16642.0,51,1,389.12,296,19.456,20,3,2,2,7,Potential Customers,Low Risk,0.15,7.483076923076923,Standard Value,Low,Use personalized promotions to increase customer engagement
16643.0,58,1,435.6,284,15.557142857142855,28,3,2,2,7,Potential Customers,High Risk,0.75,7.3830508474576275,Standard Value,High,Launch retention campaign and personalized offer
16645.0,371,1,160.39,117,11.456428571428573,14,1,2,1,4,At Risk,High Risk,0.75,0.43115591397849456,Standard Value,High,Launch retention campaign and personalized offer
16646.0,85,1,678.7999999999998,1072,23.40689655172413,29,2,2,3,7,Potential Customers,High Risk,0.75,7.893023255813952,Standard Value,High,Launch retention campaign and personalized offer
16647.0,78,2,327.84,250,17.254736842105263,16,2,3,2,7,Potential Customers,High Risk,0.75,8.299746835443038,Standard Value,High,Launch retention campaign and personalized offer
16648.0,91,2,382.14,222,21.230000000000004,18,2,3,2,7,Potential Customers,High Risk,0.75,8.307391304347826,Standard Value,High,Launch retention campaign and personalized offer
16649.0,156,1,306.5799999999999,82,15.328999999999995,20,2,2,2,6,At Risk,High Risk,0.75,1.9527388535031842,Standard Value,High,Launch retention campaign and personalized offer
16650.0,56,6,1397.69,1139,18.887702702702704,53,3,5,4,12,Loyal Customers,High Risk,0.75,147.12526315789472,High Value,High,Launch retention campaign and personalized offer
16651.0,222,1,136.2,60,22.7,6,1,2,1,4,At Risk,High Risk,0.75,0.610762331838565,Standard Value,High,Launch retention campaign and personalized offer
16652.0,40,9,10776.419999999996,4194,68.63961783439487,102,3,5,5,13,Champions,Low Risk,0.15,2365.5556097560966,Very High Value,Medium,Provide premium rewards and exclusive offers
16654.0,4,5,1110.2,421,20.55925925925926,50,5,4,4,13,Champions,Low Risk,0.15,1110.2,Very High Value,Medium,Provide premium rewards and exclusive offers
16655.0,47,7,2753.850000000002,1646,7.890687679083101,240,3,5,5,13,Champions,Low Risk,0.15,401.6031250000003,Very High Value,Medium,Provide premium rewards and exclusive offers
16656.0,56,15,8207.370000000004,6539,120.69661764705889,16,3,5,5,13,Champions,High Risk,0.75,2159.834210526317,Very High Value,High,Launch retention campaign and personalized offer
16658.0,4,6,690.83,277,10.79421875,49,5,5,3,13,Champions,Low Risk,0.15,828.9960000000001,Very High Value,Medium,Provide premium rewards and exclusive offers
16660.0,58,3,611.9,420,76.4875,5,3,4,3,10,Loyal Customers,High Risk,0.75,31.113559322033897,Standard Value,High,Launch retention campaign and personalized offer
16661.0,176,4,986.6300000000002,385,15.17892307692308,50,2,4,3,9,Potential Customers,High Risk,0.75,22.29672316384181,Standard Value,High,Launch retention campaign and personalized offer
16662.0,30,1,163.79999999999998,36,5.648275862068965,28,4,2,1,7,Potential Customers,Low Risk,0.15,5.283870967741935,Standard Value,Low,Use personalized promotions to increase customer engagement
16663.0,365,1,165.0,100,165.0,1,1,2,1,4,At Risk,High Risk,0.75,0.45081967213114754,Standard Value,High,Launch retention campaign and personalized offer
16664.0,205,1,109.2,24,13.65,8,1,2,1,4,At Risk,High Risk,0.75,0.5300970873786408,Standard Value,High,Launch retention campaign and personalized offer
16666.0,257,1,106.96,134,5.942222222222223,15,1,2,1,4,At Risk,High Risk,0.75,0.4145736434108527,Standard Value,High,Launch retention campaign and personalized offer
16668.0,23,7,555.7,455,16.83939393939394,23,4,5,3,12,Loyal Customers,Low Risk,0.15,162.07916666666668,High Value,Medium,Maintain regular engagement and monitor customer activity
16670.0,29,9,3934.249999999998,1978,16.885193133047203,144,4,5,5,14,Champions,Low Risk,0.15,1180.2749999999994,Very High Value,Medium,Provide premium rewards and exclusive offers
16673.0,315,1,188.83,101,9.4415,19,1,2,1,4,At Risk,High Risk,0.75,0.5975632911392406,Standard Value,High,Launch retention campaign and personalized offer
16675.0,77,2,608.86,296,26.47217391304348,21,2,3,3,8,Potential Customers,High Risk,0.75,15.611794871794872,Standard Value,High,Launch retention campaign and personalized offer
16676.0,38,2,769.7799999999997,291,17.494999999999994,43,3,3,3,9,Potential Customers,Low Risk,0.15,39.47589743589742,High Value,Medium,Use personalized promotions to increase customer engagement
16677.0,47,2,880.6200000000001,457,18.73659574468085,45,3,3,3,9,Potential Customers,Low Risk,0.15,36.6925,High Value,Medium,Use personalized promotions to increase customer engagement
16679.0,2,3,663.3100000000001,247,36.85055555555556,15,5,4,3,12,Loyal Customers,Low Risk,0.15,663.3100000000001,Very High Value,Medium,Provide premium rewards and exclusive offers
16680.0,164,2,637.75,283,33.56578947368421,16,2,3,3,8,Potential Customers,High Risk,0.75,7.7303030303030305,Standard Value,High,Launch retention campaign and personalized offer
16681.0,277,1,151.5,85,30.3,5,1,2,1,4,At Risk,High Risk,0.75,0.5449640287769785,Standard Value,High,Launch retention campaign and personalized offer
16683.0,169,1,320.25,190,17.791666666666668,18,2,2,2,6,At Risk,High Risk,0.75,1.8838235294117647,Standard Value,High,Launch retention campaign and personalized offer
16684.0,15,27,80489.2099999999,54555,182.5152154195009,124,5,5,5,15,Champions,Low Risk,0.15,135825.54187499985,Very High Value,Medium,Provide premium rewards and exclusive offers
16686.0,25,9,2008.0900000000024,1480,3.854299424184265,273,4,5,4,13,Champions,Low Risk,0.15,695.1080769230778,Very High Value,Medium,Provide premium rewards and exclusive offers
16687.0,26,1,157.63,141,19.70375,8,4,2,1,7,Potential Customers,Low Risk,0.15,5.838148148148148,Standard Value,Low,Use personalized promotions to increase customer engagement
16690.0,29,2,127.45,71,18.207142857142856,5,4,3,1,8,Potential Customers,Low Risk,0.15,8.496666666666666,Standard Value,Low,Use personalized promotions to increase customer engagement
16691.0,54,2,178.83,92,16.257272727272728,11,3,3,1,7,Potential Customers,High Risk,0.75,6.502909090909092,Standard Value,High,Launch retention campaign and personalized offer
16692.0,44,2,638.6999999999999,726,319.35,1,3,3,3,9,Potential Customers,Low Risk,0.15,28.386666666666663,Standard Value,Low,Use personalized promotions to increase customer engagement
16693.0,47,3,717.45,484,6.29342105263158,98,3,4,3,10,Loyal Customers,Low Risk,0.15,44.84062500000001,High Value,Medium,Maintain regular engagement and monitor customer activity
16694.0,359,1,98.3,26,32.76666666666667,3,1,2,1,4,At Risk,High Risk,0.75,0.27305555555555555,Standard Value,High,Launch retention campaign and personalized offer
16695.0,197,2,193.14999999999992,185,5.365277777777775,30,1,3,1,5,At Risk,High Risk,0.75,1.9510101010101002,Standard Value,High,Launch retention campaign and personalized offer
16699.0,16,7,994.6,640,16.041935483870965,51,4,5,4,13,Champions,Low Risk,0.15,409.5411764705882,Very High Value,Medium,Provide premium rewards and exclusive offers
16700.0,2,13,4091.159999999999,2858,18.512036199095014,136,5,5,5,15,Champions,Low Risk,0.15,17728.359999999997,Very High Value,Medium,Provide premium rewards and exclusive offers
16701.0,59,13,4518.429999999999,4653,34.49183206106869,95,3,5,5,13,Champions,High Risk,0.75,978.9931666666665,Very High Value,High,Launch retention campaign and personalized offer
16702.0,51,4,1110.8299999999997,692,12.206923076923074,84,3,4,4,11,Loyal Customers,Low Risk,0.15,85.44846153846152,High Value,Medium,Maintain regular engagement and monitor customer activity
16704.0,254,2,695.6600000000001,455,11.994137931034484,50,1,3,3,7,Potential Customers,High Risk,0.75,5.4561568627450985,Standard Value,High,Launch retention campaign and personalized offer
16705.0,36,22,29480.06099999997,16826,70.02389786223272,314,4,5,5,14,Champions,Low Risk,0.15,17528.6849189189,Very High Value,Medium,Provide premium rewards and exclusive offers
16707.0,36,4,551.11,402,8.350151515151515,64,4,4,3,11,Loyal Customers,Low Risk,0.15,59.579459459459464,High Value,Medium,Maintain regular engagement and monitor customer activity
16709.0,15,9,6057.5899999999965,2425,26.685418502202623,182,5,5,5,15,Champions,Low Risk,0.15,3407.394374999998,Very High Value,Medium,Provide premium rewards and exclusive offers
16710.0,4,13,3866.050000000002,2563,6.61994863013699,389,5,5,5,15,Champions,Low Risk,0.15,10051.730000000005,Very High Value,Medium,Provide premium rewards and exclusive offers
16711.0,15,4,1217.45,379,110.67727272727274,10,5,4,4,13,Champions,Low Risk,0.15,304.3625,Very High Value,Medium,Provide premium rewards and exclusive offers
16712.0,37,2,621.5600000000004,344,7.488674698795186,69,3,3,3,9,Potential Customers,Low Risk,0.15,32.71368421052634,High Value,Medium,Use personalized promotions to increase customer engagement
16713.0,2,18,7637.559999999976,4407,10.726910112359516,362,5,5,5,15,Champions,Low Risk,0.15,45825.35999999985,Very High Value,Medium,Provide premium rewards and exclusive offers
16714.0,306,1,368.27,239,16.011739130434783,23,1,2,2,5,At Risk,High Risk,0.75,1.1995765472312703,Standard Value,High,Launch retention campaign and personalized offer
16715.0,198,1,323.8,532,35.97777777777778,9,1,2,2,5,At Risk,High Risk,0.75,1.62713567839196,Standard Value,High,Launch retention campaign and personalized offer
16716.0,266,1,1248.48,792,208.08,6,1,2,4,7,Potential Customers,High Risk,0.75,4.675955056179776,Standard Value,High,Launch retention campaign and personalized offer
16717.0,2,9,3127.8499999999985,1360,18.729640718562862,141,5,5,5,15,Champions,Low Risk,0.15,9383.549999999996,Very High Value,Medium,Provide premium rewards and exclusive offers
16718.0,5,5,3023.779999999998,1930,16.98752808988763,123,5,4,5,14,Champions,Low Risk,0.15,2519.8166666666652,Very High Value,Medium,Provide premium rewards and exclusive offers
16719.0,4,8,2182.879999999999,1332,8.98304526748971,168,5,5,5,15,Champions,Low Risk,0.15,3492.607999999999,Very High Value,Medium,Provide premium rewards and exclusive offers
16720.0,12,2,640.2400000000004,297,4.887328244274812,107,5,3,3,11,Loyal Customers,Low Risk,0.15,98.4984615384616,High Value,Medium,Maintain regular engagement and monitor customer activity
16722.0,2,11,4258.27,3579,21.94984536082474,110,5,5,5,15,Champions,Low Risk,0.15,15613.656666666668,Very High Value,Medium,Provide premium rewards and exclusive offers
16723.0,79,2,712.4800000000001,603,8.189425287356324,72,2,3,3,8,Potential Customers,High Risk,0.75,17.812000000000005,Standard Value,High,Launch retention campaign and personalized offer
16724.0,40,1,147.35000000000002,69,8.667647058823531,17,3,2,1,6,At Risk,Low Risk,0.15,3.593902439024391,Standard Value,Low,Maintain regular engagement and monitor customer activity
16725.0,7,8,1101.0900000000015,490,4.568838174273866,177,5,5,4,14,Champions,Low Risk,0.15,1101.0900000000015,Very High Value,Medium,Provide premium rewards and exclusive offers
16726.0,19,2,706.39,379,8.310470588235294,68,4,3,3,10,Loyal Customers,Low Risk,0.15,70.639,High Value,Medium,Maintain regular engagement and monitor customer activity
16727.0,28,3,1164.6,932,6.973652694610778,132,4,4,4,12,Loyal Customers,Low Risk,0.15,120.47586206896551,High Value,Medium,Maintain regular engagement and monitor customer activity
16731.0,284,1,174.05,127,4.047674418604651,40,1,2,1,4,At Risk,High Risk,0.75,0.610701754385965,Standard Value,High,Launch retention campaign and personalized offer
16732.0,39,3,3783.8899999999976,2097,19.60564766839377,177,3,4,5,12,Loyal Customers,Low Risk,0.15,283.7917499999998,High Value,Medium,Maintain regular engagement and monitor customer activity
16733.0,165,1,259.68000000000006,112,21.640000000000004,12,2,2,2,6,At Risk,High Risk,0.75,1.5643373493975907,Standard Value,High,Launch retention campaign and personalized offer
16735.0,29,9,3969.999999999999,2708,22.303370786516847,124,4,5,5,14,Champions,Low Risk,0.15,1190.9999999999998,Very High Value,Medium,Provide premium rewards and exclusive offers
16736.0,141,5,2956.5600000000004,1050,20.67524475524476,116,2,4,5,11,Loyal Customers,High Risk,0.75,104.10422535211269,High Value,High,Launch retention campaign and personalized offer
16737.0,213,1,417.6,288,417.6,1,1,2,2,5,At Risk,High Risk,0.75,1.9514018691588786,Standard Value,High,Launch retention campaign and personalized offer
16739.0,172,1,463.43,219,18.5372,25,2,2,2,6,At Risk,High Risk,0.75,2.6787861271676303,Standard Value,High,Launch retention campaign and personalized offer
16740.0,31,1,236.81,116,7.176060606060606,30,4,2,1,7,Potential Customers,Low Risk,0.15,7.4003125,Standard Value,Low,Use personalized promotions to increase customer engagement
16741.0,261,1,173.06,81,15.732727272727272,11,1,2,1,4,At Risk,High Risk,0.75,0.6605343511450382,Standard Value,High,Launch retention campaign and personalized offer
16742.0,128,13,2387.71,2599,22.108425925925925,50,2,5,5,12,Loyal Customers,High Risk,0.75,240.62193798449613,High Value,High,Launch retention campaign and personalized offer
16743.0,92,7,2015.17,1691,10.952010869565216,71,2,5,4,11,Loyal Customers,High Risk,0.75,151.6794623655914,High Value,High,Launch retention campaign and personalized offer
16746.0,19,24,11368.74000000001,7241,21.05322222222224,250,4,5,5,14,Champions,Low Risk,0.15,13642.488000000012,Very High Value,Medium,Provide premium rewards and exclusive offers
16748.0,24,9,2121.43,1247,22.098229166666663,39,4,5,4,13,Champions,Low Risk,0.15,763.7148,Very High Value,Medium,Provide premium rewards and exclusive offers
16749.0,227,2,4387.079999999998,2078,56.97506493506491,53,1,3,5,9,Potential Customers,High Risk,0.75,38.48315789473683,High Value,High,Launch retention campaign and personalized offer
16752.0,8,1,207.5,54,23.05555555555556,9,5,2,1,8,Potential Customers,Low Risk,0.15,23.055555555555557,Standard Value,Low,Use personalized promotions to increase customer engagement
16754.0,8,29,65500.07000000001,63551,467.8576428571429,38,5,5,5,15,Champions,Low Risk,0.15,211055.78111111114,Very High Value,Medium,Provide premium rewards and exclusive offers
16755.0,103,4,1403.750000000001,935,8.828616352201262,125,2,4,4,10,Loyal Customers,High Risk,0.75,53.99038461538465,High Value,High,Launch retention campaign and personalized offer
16756.0,40,6,1072.9700000000005,601,16.257121212121216,53,3,5,4,12,Loyal Customers,Low Risk,0.15,157.0200000000001,High Value,Medium,Maintain regular engagement and monitor customer activity
16757.0,45,1,163.65,99,20.45625,8,3,2,1,6,At Risk,Low Risk,0.15,3.557608695652174,Standard Value,Low,Maintain regular engagement and monitor customer activity
16760.0,66,1,228.0,168,13.411764705882351,17,3,2,1,6,At Risk,High Risk,0.75,3.4029850746268657,Standard Value,High,Launch retention campaign and personalized offer
16763.0,374,1,352.85,173,16.802380952380954,21,1,2,2,5,At Risk,High Risk,0.75,0.9409333333333334,Standard Value,High,Launch retention campaign and personalized offer
16765.0,18,1,420.7499999999998,307,8.249999999999995,51,4,2,2,8,Potential Customers,Low Risk,0.15,22.14473684210525,Standard Value,Low,Use personalized promotions to increase customer engagement
16767.0,54,4,2493.2000000000003,2686,24.443137254901963,75,3,4,5,12,Loyal Customers,High Risk,0.75,181.32363636363638,High Value,High,Launch retention campaign and personalized offer
16768.0,19,6,1230.03,581,11.182090909090908,72,4,5,4,13,Champions,Low Risk,0.15,369.009,Very High Value,Medium,Provide premium rewards and exclusive offers
16769.0,114,3,761.36,218,12.689333333333334,54,2,4,3,9,Potential Customers,High Risk,0.75,19.861565217391302,Standard Value,High,Launch retention campaign and personalized offer
16770.0,8,5,1162.0300000000009,656,5.559952153110051,133,5,4,4,13,Champions,Low Risk,0.15,645.5722222222226,Very High Value,Medium,Provide premium rewards and exclusive offers
16771.0,93,5,1720.790000000001,825,10.96044585987262,138,2,4,4,10,Loyal Customers,High Risk,0.75,91.53138297872347,High Value,High,Launch retention campaign and personalized offer
16772.0,59,3,3723.5499999999984,689,53.96449275362316,54,3,4,5,12,Loyal Customers,High Risk,0.75,186.1774999999999,High Value,High,Launch retention campaign and personalized offer
16773.0,72,2,249.65,81,6.401282051282052,34,2,3,1,6,At Risk,High Risk,0.75,6.83972602739726,Standard Value,High,Launch retention campaign and personalized offer
16774.0,59,4,932.93,463,10.723333333333333,60,3,4,3,10,Loyal Customers,High Risk,0.75,62.19533333333333,High Value,High,Launch retention campaign and personalized offer
16775.0,3,6,1361.2300000000007,580,11.343583333333338,78,5,5,4,14,Champions,Low Risk,0.15,2041.8450000000012,Very High Value,Medium,Provide premium rewards and exclusive offers
16776.0,51,1,231.57,188,3.796229508196721,48,3,2,1,6,At Risk,Low Risk,0.15,4.453269230769231,Standard Value,Low,Maintain regular engagement and monitor customer activity
16777.0,49,3,1081.4100000000003,411,11.264687500000004,86,3,4,4,11,Loyal Customers,Low Risk,0.15,64.88460000000002,High Value,Medium,Maintain regular engagement and monitor customer activity
16779.0,2,32,22638.52000000001,14301,31.39877947295425,243,5,5,5,15,Champions,Low Risk,0.15,241477.54666666678,Very High Value,Medium,Provide premium rewards and exclusive offers
16780.0,43,1,180.36,84,4.624615384615385,37,3,2,1,6,At Risk,Low Risk,0.15,4.09909090909091,Standard Value,Low,Maintain regular engagement and monitor customer activity
16781.0,8,2,623.0,192,15.974358974358974,36,5,3,3,11,Loyal Customers,Low Risk,0.15,138.44444444444446,High Value,Medium,Maintain regular engagement and monitor customer activity
16782.0,1,26,8158.509999999954,3573,4.818966331955082,556,5,5,5,15,Champions,Low Risk,0.15,106060.6299999994,Very High Value,Medium,Provide premium rewards and exclusive offers
16783.0,72,1,391.95,163,15.678,25,2,2,2,6,At Risk,High Risk,0.75,5.36917808219178,Standard Value,High,Launch retention campaign and personalized offer
16784.0,12,4,788.9300000000001,472,5.025031847133758,137,5,4,3,12,Loyal Customers,Low Risk,0.15,242.74769230769232,High Value,Medium,Maintain regular engagement and monitor customer activity
16785.0,45,1,533.7800000000001,313,15.250857142857145,35,3,2,3,8,Potential Customers,Low Risk,0.15,11.603913043478263,Standard Value,Low,Use personalized promotions to increase customer engagement
16786.0,29,1,51.84,72,51.84,1,4,2,1,7,Potential Customers,Low Risk,0.15,1.7280000000000002,Standard Value,Low,Use personalized promotions to increase customer engagement
16787.0,33,4,1035.43,474,9.082719298245614,102,4,4,4,12,Loyal Customers,Low Risk,0.15,121.81529411764707,High Value,Medium,Maintain regular engagement and monitor customer activity
16788.0,40,3,1352.8200000000006,674,3.978882352941178,261,3,4,4,11,Loyal Customers,Low Risk,0.15,98.98682926829272,High Value,Medium,Maintain regular engagement and monitor customer activity
16791.0,19,8,2316.9100000000017,1111,6.129391534391539,240,4,5,5,14,Champions,Low Risk,0.15,926.7640000000007,Very High Value,Medium,Provide premium rewards and exclusive offers
16792.0,19,3,513.08,280,5.70088888888889,83,4,4,3,11,Loyal Customers,Low Risk,0.15,76.96200000000002,High Value,Medium,Maintain regular engagement and monitor customer activity
16794.0,16,5,868.1999999999998,665,3.726180257510729,151,4,4,3,11,Loyal Customers,Low Risk,0.15,255.35294117647052,High Value,Medium,Maintain regular engagement and monitor customer activity
16795.0,1,3,2077.509999999999,1220,6.074590643274851,306,5,4,4,13,Champions,Low Risk,0.15,3116.2649999999985,Very High Value,Medium,Provide premium rewards and exclusive offers
16797.0,29,5,1827.7700000000032,909,4.490835380835389,289,4,4,4,12,Loyal Customers,Low Risk,0.15,304.6283333333339,Very High Value,Medium,Provide premium rewards and exclusive offers
16798.0,190,3,848.710000000001,209,4.905838150289023,141,1,4,3,8,Potential Customers,High Risk,0.75,13.33052356020944,Standard Value,High,Launch retention campaign and personalized offer
16799.0,68,2,495.9799999999997,176,4.679056603773582,81,3,3,2,8,Potential Customers,High Risk,0.75,14.376231884057962,Standard Value,High,Launch retention campaign and personalized offer
16802.0,315,2,582.6099999999999,369,10.99264150943396,48,1,3,3,7,Potential Customers,High Risk,0.75,3.6874050632911386,Standard Value,High,Launch retention campaign and personalized offer
16805.0,213,3,636.6499999999994,583,4.161111111111107,139,1,4,3,8,Potential Customers,High Risk,0.75,8.924999999999992,Standard Value,High,Launch retention campaign and personalized offer
16807.0,106,3,1002.29,655,13.363866666666668,62,2,4,4,10,Loyal Customers,High Risk,0.75,28.10158878504673,Standard Value,High,Launch retention campaign and personalized offer
16809.0,68,4,812.7400000000002,441,7.388545454545457,68,3,4,3,10,Loyal Customers,High Risk,0.75,47.115362318840596,High Value,High,Launch retention campaign and personalized offer
16810.0,56,1,532.5,258,28.026315789473685,19,3,2,3,8,Potential Customers,High Risk,0.75,9.342105263157896,Standard Value,High,Launch retention campaign and personalized offer
16812.0,14,3,1912.6500000000003,1035,19.126500000000007,90,5,4,4,13,Champions,Low Risk,0.15,382.53000000000003,Very High Value,Medium,Provide premium rewards and exclusive offers
16814.0,5,16,5990.610000000001,2297,12.4804375,176,5,5,5,15,Champions,Low Risk,0.15,15974.960000000001,Very High Value,Medium,Provide premium rewards and exclusive offers
16815.0,89,2,410.9700000000001,238,5.553648648648649,66,2,3,2,7,Potential Customers,High Risk,0.75,9.132666666666669,Standard Value,High,Launch retention campaign and personalized offer
16817.0,4,5,1200.1500000000008,743,18.463846153846166,50,5,4,4,13,Champions,Low Risk,0.15,1200.1500000000008,Very High Value,Medium,Provide premium rewards and exclusive offers
16819.0,101,2,182.59,253,10.740588235294116,17,2,3,1,6,At Risk,High Risk,0.75,3.5801960784313724,Standard Value,High,Launch retention campaign and personalized offer
16821.0,17,1,113.35,13,16.192857142857143,7,4,2,1,7,Potential Customers,Low Risk,0.15,6.297222222222222,Standard Value,Low,Use personalized promotions to increase customer engagement
16822.0,322,1,181.39,171,16.49,11,1,2,1,4,At Risk,High Risk,0.75,0.561578947368421,Standard Value,High,Launch retention campaign and personalized offer
16823.0,23,6,1901.71,1032,13.88109489051095,118,4,5,4,13,Champions,Low Risk,0.15,475.4275,Very High Value,Medium,Provide premium rewards and exclusive offers
16824.0,29,1,225.6,154,17.353846153846153,13,4,2,1,7,Potential Customers,Low Risk,0.15,7.52,Standard Value,Low,Use personalized promotions to increase customer engagement
16825.0,14,3,1051.7100000000005,731,29.214166666666674,32,5,4,4,13,Champions,Low Risk,0.15,210.3420000000001,High Value,Medium,Maintain regular engagement and monitor customer activity
16827.0,29,5,392.13000000000005,125,32.6775,10,4,4,2,10,Loyal Customers,Low Risk,0.15,65.355,High Value,Medium,Maintain regular engagement and monitor customer activity
16829.0,24,1,316.1,116,19.75625,16,4,2,2,8,Potential Customers,Low Risk,0.15,12.644,Standard Value,Low,Use personalized promotions to increase customer engagement
16830.0,78,3,881.59,435,16.95365384615385,47,2,4,3,9,Potential Customers,High Risk,0.75,33.47810126582279,High Value,High,Launch retention campaign and personalized offer
16831.0,200,1,91.8,48,15.3,6,1,2,1,4,At Risk,High Risk,0.75,0.45671641791044776,Standard Value,High,Launch retention campaign and personalized offer
16832.0,64,2,218.46,146,24.27333333333333,8,3,3,1,7,Potential Customers,High Risk,0.75,6.721846153846154,Standard Value,High,Launch retention campaign and personalized offer
16833.0,75,2,1302.5100000000004,438,28.94466666666668,44,2,3,4,9,Potential Customers,High Risk,0.75,34.276578947368435,High Value,High,Launch retention campaign and personalized offer
16834.0,310,1,485.5,402,20.229166666666668,24,1,2,2,5,At Risk,High Risk,0.75,1.5610932475884245,Standard Value,High,Launch retention campaign and personalized offer
16835.0,9,5,1357.5600000000004,454,17.630649350649357,54,5,4,4,13,Champions,Low Risk,0.15,678.7800000000002,Very High Value,Medium,Provide premium rewards and exclusive offers
16836.0,42,2,530.4999999999999,374,17.11290322580645,31,3,3,3,9,Potential Customers,Low Risk,0.15,24.67441860465116,Standard Value,Low,Use personalized promotions to increase customer engagement
16838.0,166,2,570.76,324,16.78705882352941,31,2,3,3,8,Potential Customers,High Risk,0.75,6.835449101796407,Standard Value,High,Launch retention campaign and personalized offer
16839.0,5,11,5716.139999999999,2552,64.22629213483144,47,5,5,5,15,Champions,Low Risk,0.15,10479.589999999998,Very High Value,Medium,Provide premium rewards and exclusive offers
16840.0,239,2,139.85,117,15.538888888888888,9,1,3,1,5,At Risk,High Risk,0.75,1.1654166666666665,Standard Value,High,Launch retention campaign and personalized offer
16841.0,64,6,2136.2400000000007,1228,20.74019417475729,92,3,5,4,12,Loyal Customers,High Risk,0.75,197.1913846153847,High Value,High,Launch retention campaign and personalized offer
16843.0,58,19,9374.859999999995,8343,43.00394495412843,138,3,5,5,13,Champions,High Risk,0.75,3019.022711864405,Very High Value,High,Launch retention campaign and personalized offer
16844.0,198,2,614.34,281,19.198125,26,1,3,3,7,Potential Customers,High Risk,0.75,6.17427135678392,Standard Value,High,Launch retention campaign and personalized offer
16845.0,254,1,253.88,167,12.694,20,1,2,2,5,At Risk,High Risk,0.75,0.9956078431372549,Standard Value,High,Launch retention campaign and personalized offer
16846.0,213,2,628.0899999999999,382,17.44694444444444,36,1,3,3,7,Potential Customers,High Risk,0.75,5.869999999999999,Standard Value,High,Launch retention campaign and personalized offer
16847.0,254,1,421.45,177,16.858,25,1,2,2,5,At Risk,High Risk,0.75,1.6527450980392155,Standard Value,High,Launch retention campaign and personalized offer
16848.0,12,3,1130.2000000000005,598,15.918309859154933,64,5,4,4,13,Champions,Low Risk,0.15,260.8153846153847,High Value,Medium,Maintain regular engagement and monitor customer activity
16854.0,53,2,1408.9600000000005,997,18.78613333333334,72,3,3,4,10,Loyal Customers,Low Risk,0.15,52.18370370370372,High Value,Medium,Maintain regular engagement and monitor customer activity
16856.0,53,2,323.09000000000003,159,19.00529411764706,15,3,3,2,8,Potential Customers,Low Risk,0.15,11.966296296296298,Standard Value,Low,Use personalized promotions to increase customer engagement
16857.0,78,1,352.8,168,32.07272727272727,11,2,2,2,6,At Risk,High Risk,0.75,4.465822784810126,Standard Value,High,Launch retention campaign and personalized offer
16858.0,4,10,4292.5899999999965,1423,34.068174603174576,75,5,5,5,15,Champions,Low Risk,0.15,8585.179999999993,Very High Value,Medium,Provide premium rewards and exclusive offers
16859.0,52,5,1184.6,1072,20.424137931034487,46,3,4,4,11,Loyal Customers,Low Risk,0.15,111.75471698113208,High Value,Medium,Maintain regular engagement and monitor customer activity
16860.0,88,3,1610.6200000000003,625,37.45627906976745,35,2,4,4,10,Loyal Customers,High Risk,0.75,54.290561797752815,High Value,High,Launch retention campaign and personalized offer
16861.0,26,3,772.8300000000002,476,17.972790697674423,38,4,4,3,11,Loyal Customers,Low Risk,0.15,85.87000000000002,High Value,Medium,Maintain regular engagement and monitor customer activity
16862.0,183,4,662.33,513,18.923714285714286,34,1,4,3,8,Potential Customers,High Risk,0.75,14.398478260869567,Standard Value,High,Launch retention campaign and personalized offer
16863.0,2,2,495.7199999999999,336,16.523999999999997,27,5,3,2,10,Loyal Customers,Low Risk,0.15,330.47999999999996,Very High Value,Medium,Provide premium rewards and exclusive offers
16864.0,70,2,409.25,283,24.073529411764703,17,3,3,2,8,Potential Customers,High Risk,0.75,11.528169014084508,Standard Value,High,Launch retention campaign and personalized offer
16865.0,37,1,130.95,157,8.184375,15,3,2,1,6,At Risk,Low Risk,0.15,3.4460526315789473,Standard Value,Low,Maintain regular engagement and monitor customer activity
16867.0,325,1,76.74000000000001,58,12.79,6,1,2,1,4,At Risk,High Risk,0.75,0.235398773006135,Standard Value,High,Launch retention campaign and personalized offer
16868.0,30,3,393.3899999999999,116,7.284999999999997,47,4,4,2,10,Loyal Customers,Low Risk,0.15,38.069999999999986,High Value,Medium,Maintain regular engagement and monitor customer activity
16870.0,105,1,450.1600000000001,278,16.07714285714286,28,2,2,2,6,At Risk,High Risk,0.75,4.2467924528301895,Standard Value,High,Launch retention campaign and personalized offer
16872.0,63,3,533.11,479,48.46454545454546,9,3,4,3,10,Loyal Customers,High Risk,0.75,24.98953125,Standard Value,High,Launch retention campaign and personalized offer
16873.0,65,6,7493.769999999996,4761,32.16210300429183,118,3,5,5,13,Champions,High Risk,0.75,681.2518181818177,Very High Value,High,Launch retention campaign and personalized offer
16874.0,15,1,217.73999999999992,81,6.404117647058821,31,5,2,1,8,Potential Customers,Low Risk,0.15,13.608749999999995,Standard Value,Low,Use personalized promotions to increase customer engagement
16875.0,73,6,2139.0000000000005,1030,18.1271186440678,90,2,5,4,11,Loyal Customers,High Risk,0.75,173.43243243243248,High Value,High,Launch retention campaign and personalized offer
16876.0,39,1,136.01000000000005,181,4.2503125000000015,32,3,2,1,6,At Risk,Low Risk,0.15,3.400250000000001,Standard Value,Low,Maintain regular engagement and monitor customer activity
16880.0,129,1,321.78000000000003,158,35.75333333333334,9,2,2,2,6,At Risk,High Risk,0.75,2.4752307692307696,Standard Value,High,Launch retention campaign and personalized offer
16883.0,7,18,2119.860000000001,976,8.479440000000004,144,5,5,4,14,Champions,Low Risk,0.15,4769.685000000002,Very High Value,Medium,Provide premium rewards and exclusive offers
16884.0,192,2,644.0799999999998,201,13.144489795918364,39,1,3,3,7,Potential Customers,High Risk,0.75,6.674404145077718,Standard Value,High,Launch retention campaign and personalized offer
16885.0,21,1,239.22999999999996,192,5.834878048780486,40,4,2,1,7,Potential Customers,Low Risk,0.15,10.874090909090908,Standard Value,Low,Use personalized promotions to increase customer engagement
16886.0,92,1,134.0,48,16.75,8,2,2,1,5,At Risk,High Risk,0.75,1.4408602150537635,Standard Value,High,Launch retention campaign and personalized offer
16887.0,36,2,465.8399999999999,267,7.16676923076923,65,4,3,2,9,Potential Customers,Low Risk,0.15,25.180540540540537,Standard Value,Low,Use personalized promotions to increase customer engagement
16888.0,36,3,437.1500000000001,147,8.095370370370372,44,4,4,2,10,Loyal Customers,Low Risk,0.15,35.444594594594605,High Value,Medium,Maintain regular engagement and monitor customer activity
16889.0,33,3,952.2300000000004,691,11.472650602409644,72,4,4,3,11,Loyal Customers,Low Risk,0.15,84.02029411764708,High Value,Medium,Maintain regular engagement and monitor customer activity
16890.0,112,3,285.41,243,15.02157894736842,17,2,4,2,8,Potential Customers,High Risk,0.75,7.577256637168142,Standard Value,High,Launch retention campaign and personalized offer
16891.0,7,7,1247.12,491,3.984408945686901,245,5,5,4,14,Champions,Low Risk,0.15,1091.23,Very High Value,Medium,Provide premium rewards and exclusive offers
16892.0,190,2,236.5600000000001,131,5.9140000000000015,38,1,3,1,5,At Risk,High Risk,0.75,2.477068062827226,Standard Value,High,Launch retention campaign and personalized offer
16893.0,2,2,255.8399999999998,120,2.8426666666666645,80,5,3,2,10,Loyal Customers,Low Risk,0.15,170.55999999999986,High Value,Medium,Maintain regular engagement and monitor customer activity
16894.0,138,3,1324.0600000000015,507,6.932251308900532,186,2,4,4,10,Loyal Customers,High Risk,0.75,28.576834532374136,Standard Value,High,Launch retention campaign and personalized offer
16895.0,74,4,902.2799999999996,331,8.845882352941175,82,2,4,3,9,Potential Customers,High Risk,0.75,48.12159999999998,High Value,High,Launch retention campaign and personalized offer
16896.0,191,1,103.95000000000002,18,5.775000000000001,18,1,2,1,4,At Risk,High Risk,0.75,0.5414062500000001,Standard Value,High,Launch retention campaign and personalized offer
16898.0,4,3,507.56000000000006,386,3.8745038167938937,110,5,4,3,12,Loyal Customers,Low Risk,0.15,304.53600000000006,Very High Value,Medium,Provide premium rewards and exclusive offers
16899.0,14,2,439.46,296,8.138148148148149,42,5,3,2,10,Loyal Customers,Low Risk,0.15,58.59466666666666,High Value,Medium,Maintain regular engagement and monitor customer activity
16901.0,365,1,204.26,42,8.880869565217392,23,1,2,1,4,At Risk,High Risk,0.75,0.558087431693989,Standard Value,High,Launch retention campaign and personalized offer
16903.0,16,2,689.0400000000001,485,5.300307692307693,107,4,3,3,10,Loyal Customers,Low Risk,0.15,81.06352941176472,High Value,Medium,Maintain regular engagement and monitor customer activity
16904.0,3,7,1378.1000000000008,775,5.066544117647062,188,5,5,4,14,Champions,Low Risk,0.15,2411.6750000000015,Very High Value,Medium,Provide premium rewards and exclusive offers
16905.0,7,11,1931.72,651,14.415820895522383,80,5,5,4,14,Champions,Low Risk,0.15,2656.1150000000002,Very High Value,Medium,Provide premium rewards and exclusive offers
16906.0,64,3,869.0300000000001,332,6.5835606060606064,116,3,4,3,10,Loyal Customers,High Risk,0.75,40.10907692307693,High Value,High,Launch retention campaign and personalized offer
16907.0,1,5,726.250000000001,234,6.983173076923086,62,5,4,3,12,Loyal Customers,Low Risk,0.15,1815.6250000000025,Very High Value,Medium,Provide premium rewards and exclusive offers
16908.0,358,1,252.59,61,12.6295,20,1,2,1,4,At Risk,High Risk,0.75,0.7035933147632312,Standard Value,High,Launch retention campaign and personalized offer
16911.0,271,2,255.24999999999997,161,7.292857142857141,30,1,3,2,6,At Risk,High Risk,0.75,1.8768382352941175,Standard Value,High,Launch retention campaign and personalized offer
16912.0,57,4,1904.9300000000003,664,26.45736111111112,63,3,4,4,11,Loyal Customers,High Risk,0.75,131.3744827586207,High Value,High,Launch retention campaign and personalized offer
16913.0,287,2,310.47,147,31.047,10,1,3,2,6,At Risk,High Risk,0.75,2.156041666666667,Standard Value,High,Launch retention campaign and personalized offer
16915.0,22,5,921.5,58,54.20588235294117,11,4,4,3,11,Loyal Customers,Low Risk,0.15,200.32608695652175,High Value,Medium,Maintain regular engagement and monitor customer activity
16916.0,8,3,547.1399999999996,324,4.521818181818179,100,5,4,3,12,Loyal Customers,Low Risk,0.15,182.37999999999988,High Value,Medium,Maintain regular engagement and monitor customer activity
16917.0,268,1,1466.3100000000002,561,34.91214285714286,37,1,2,4,7,Potential Customers,High Risk,0.75,5.45096654275093,Standard Value,High,Launch retention campaign and personalized offer
16918.0,58,10,2144.470000000001,1348,6.518145896656539,218,3,5,4,12,Loyal Customers,High Risk,0.75,363.4694915254239,Very High Value,High,Launch retention campaign and personalized offer
16919.0,4,14,2529.4600000000028,1012,8.081341853035152,144,5,5,5,15,Champions,Low Risk,0.15,7082.488000000008,Very High Value,Medium,Provide premium rewards and exclusive offers
16920.0,47,1,355.45,81,15.454347826086956,23,3,2,2,7,Potential Customers,Low Risk,0.15,7.405208333333333,Standard Value,Low,Use personalized promotions to increase customer engagement
16921.0,78,2,276.88,128,7.910857142857143,28,2,3,2,7,Potential Customers,High Risk,0.75,7.009620253164557,Standard Value,High,Launch retention campaign and personalized offer
16922.0,208,1,611.0800000000008,281,5.0088524590164,122,1,2,3,6,At Risk,High Risk,0.75,2.923827751196176,Standard Value,High,Launch retention campaign and personalized offer
16923.0,11,13,6130.749999999993,2852,13.327717391304333,227,5,5,5,15,Champions,Low Risk,0.15,6641.645833333326,Very High Value,Medium,Provide premium rewards and exclusive offers
16925.0,176,1,125.65,123,6.980555555555556,18,2,2,1,5,At Risk,High Risk,0.75,0.7098870056497175,Standard Value,High,Launch retention campaign and personalized offer
16926.0,7,5,1191.1,202,11.911,63,5,4,4,13,Champions,Low Risk,0.15,744.4375,Very High Value,Medium,Provide premium rewards and exclusive offers
16928.0,9,13,1265.6300000000003,641,10.044682539682542,85,5,5,4,14,Champions,Low Risk,0.15,1645.3190000000006,Very High Value,Medium,Provide premium rewards and exclusive offers
16931.0,5,3,629.4000000000002,305,6.110679611650488,84,5,4,3,12,Loyal Customers,Low Risk,0.15,314.7000000000001,Very High Value,Medium,Provide premium rewards and exclusive offers
16932.0,59,2,278.77,142,3.0634065934065933,77,3,3,2,8,Potential Customers,High Risk,0.75,9.292333333333334,Standard Value,High,Launch retention campaign and personalized offer
16933.0,25,7,2618.020000000002,1259,10.642357723577245,182,4,5,5,14,Champions,Low Risk,0.15,704.851538461539,Very High Value,Medium,Provide premium rewards and exclusive offers
16934.0,19,4,1160.0599999999995,540,14.321728395061722,77,4,4,4,12,Loyal Customers,Low Risk,0.15,232.0119999999999,High Value,Medium,Maintain regular engagement and monitor customer activity
16935.0,17,3,535.0999999999999,278,7.330136986301369,55,4,4,3,11,Loyal Customers,Low Risk,0.15,89.18333333333332,High Value,Medium,Maintain regular engagement and monitor customer activity
16936.0,21,1,288.49,169,3.434404761904762,81,4,2,2,8,Potential Customers,Low Risk,0.15,13.113181818181818,Standard Value,Low,Use personalized promotions to increase customer engagement
16937.0,135,1,202.1,126,3.962745098039216,49,2,2,1,5,At Risk,High Risk,0.75,1.486029411764706,Standard Value,High,Launch retention campaign and personalized offer
16938.0,17,5,4306.800000000002,2544,7.238319327731096,426,4,4,5,13,Champions,Low Risk,0.15,1196.333333333334,Very High Value,Medium,Provide premium rewards and exclusive offers
16939.0,124,3,449.0,232,10.204545454545451,38,2,4,2,8,Potential Customers,High Risk,0.75,10.776,Standard Value,High,Launch retention campaign and personalized offer
16940.0,86,5,3377.780000000001,2334,10.425246913580253,220,2,4,5,11,Loyal Customers,High Risk,0.75,194.1252873563219,High Value,High,Launch retention campaign and personalized offer
16941.0,247,1,33.0,12,16.5,2,1,2,1,4,At Risk,High Risk,0.75,0.13306451612903225,Standard Value,High,Launch retention campaign and personalized offer
16943.0,175,2,482.76,2,241.38,1,2,3,2,7,Potential Customers,High Risk,0.75,5.48590909090909,Standard Value,High,Launch retention campaign and personalized offer
16944.0,245,1,101.36,27,14.48,7,1,2,1,4,At Risk,High Risk,0.75,0.41203252032520327,Standard Value,High,Launch retention campaign and personalized offer
16945.0,29,14,4202.659999999998,3164,18.67848888888888,159,4,5,5,14,Champions,Low Risk,0.15,1961.2413333333325,Very High Value,Medium,Provide premium rewards and exclusive offers
16946.0,19,5,1222.0400000000004,509,16.293866666666673,69,4,4,4,12,Loyal Customers,Low Risk,0.15,305.5100000000001,Very High Value,Medium,Provide premium rewards and exclusive offers
16947.0,98,4,548.7300000000001,343,17.147812500000004,30,2,4,3,9,Potential Customers,High Risk,0.75,22.170909090909095,Standard Value,High,Launch retention campaign and personalized offer
16948.0,65,4,433.75,477,18.072916666666668,15,3,4,2,9,Potential Customers,High Risk,0.75,26.28787878787879,Standard Value,High,Launch retention campaign and personalized offer
16950.0,3,8,2605.8100000000004,1848,24.12787037037037,84,5,5,5,15,Champions,Low Risk,0.15,5211.620000000001,Very High Value,Medium,Provide premium rewards and exclusive offers
16952.0,77,3,631.17,252,8.76625,61,2,4,3,9,Potential Customers,High Risk,0.75,24.275769230769228,Standard Value,High,Launch retention campaign and personalized offer
16954.0,15,11,3996.799999999999,3032,26.29473684210525,71,5,5,5,15,Champions,Low Risk,0.15,2747.7999999999993,Very High Value,Medium,Provide premium rewards and exclusive offers
16955.0,4,4,790.74,557,24.710625,26,5,4,3,12,Loyal Customers,Low Risk,0.15,632.592,Very High Value,Medium,Provide premium rewards and exclusive offers
16958.0,71,1,809.4399999999998,561,10.938378378378376,69,3,2,3,8,Potential Customers,High Risk,0.75,11.24222222222222,Standard Value,High,Launch retention campaign and personalized offer
16960.0,26,5,1536.3799999999997,1211,4.163631436314362,267,4,4,4,12,Loyal Customers,Low Risk,0.15,284.5148148148147,High Value,Medium,Maintain regular engagement and monitor customer activity
16961.0,24,2,560.39,357,14.747105263157897,38,4,3,3,10,Loyal Customers,Low Risk,0.15,44.831199999999995,High Value,Medium,Maintain regular engagement and monitor customer activity
16962.0,45,1,251.04,158,16.735999999999997,15,3,2,1,6,At Risk,Low Risk,0.15,5.4573913043478255,Standard Value,Low,Maintain regular engagement and monitor customer activity
16964.0,369,2,207.85,49,34.641666666666666,6,1,3,1,5,At Risk,High Risk,0.75,1.1235135135135135,Standard Value,High,Launch retention campaign and personalized offer
16970.0,262,1,71.4,12,35.7,2,1,2,1,4,At Risk,High Risk,0.75,0.2714828897338403,Standard Value,High,Launch retention campaign and personalized offer
16972.0,18,2,786.25,190,8.934659090909092,54,4,3,3,10,Loyal Customers,Low Risk,0.15,82.76315789473684,High Value,Medium,Maintain regular engagement and monitor customer activity
16973.0,22,1,127.0,60,21.166666666666668,6,4,2,1,7,Potential Customers,Low Risk,0.15,5.521739130434782,Standard Value,Low,Use personalized promotions to increase customer engagement
16974.0,158,2,365.5,70,45.6875,5,2,3,2,7,Potential Customers,High Risk,0.75,4.59748427672956,Standard Value,High,Launch retention campaign and personalized offer
16975.0,59,3,926.1200000000002,586,20.58044444444445,44,3,4,3,10,Loyal Customers,High Risk,0.75,46.30600000000001,High Value,High,Launch retention campaign and personalized offer
16977.0,31,4,496.00000000000006,142,17.714285714285715,25,4,4,2,10,Loyal Customers,Low Risk,0.15,62.00000000000001,High Value,Medium,Maintain regular engagement and monitor customer activity
16978.0,302,2,424.5499999999999,119,15.162499999999996,28,1,3,2,6,At Risk,High Risk,0.75,2.802310231023102,Standard Value,High,Launch retention campaign and personalized offer
16979.0,19,3,1007.74,586,25.193500000000004,32,4,4,4,12,Loyal Customers,Low Risk,0.15,151.161,High Value,Medium,Maintain regular engagement and monitor customer activity
16980.0,64,1,394.37,251,15.7748,25,3,2,2,7,Potential Customers,High Risk,0.75,6.067230769230769,Standard Value,High,Launch retention campaign and personalized offer
16983.0,5,5,1778.970000000001,1129,17.613564356435653,67,5,4,4,13,Champions,Low Risk,0.15,1482.4750000000006,Very High Value,Medium,Provide premium rewards and exclusive offers
16984.0,40,7,6273.449999999983,2907,8.641115702479317,476,3,5,5,13,Champions,Low Risk,0.15,1071.0768292682899,Very High Value,Medium,Provide premium rewards and exclusive offers
16985.0,12,13,5459.039999999996,1271,44.382439024390216,87,5,5,5,15,Champions,Low Risk,0.15,5459.039999999995,Very High Value,Medium,Provide premium rewards and exclusive offers
16986.0,81,9,3015.550000000001,1499,17.634795321637437,64,2,5,5,12,Loyal Customers,High Risk,0.75,330.97500000000014,Very High Value,High,Launch retention campaign and personalized offer
16987.0,12,4,910.8499999999996,277,6.648540145985399,105,5,4,3,12,Loyal Customers,Low Risk,0.15,280.26153846153835,High Value,Medium,Maintain regular engagement and monitor customer activity
16988.0,15,1,256.55,115,19.734615384615385,13,5,2,2,9,Potential Customers,Low Risk,0.15,16.034375,Standard Value,Low,Use personalized promotions to increase customer engagement
16990.0,58,1,165.0,100,165.0,1,3,2,1,6,At Risk,High Risk,0.75,2.7966101694915255,Standard Value,High,Launch retention campaign and personalized offer
16991.0,57,1,1041.2099999999996,793,14.0704054054054,74,3,2,4,9,Potential Customers,High Risk,0.75,17.95189655172413,Standard Value,High,Launch retention campaign and personalized offer
16992.0,23,8,3862.19,1201,20.115572916666668,154,4,5,5,14,Champions,Low Risk,0.15,1287.3966666666668,Very High Value,Medium,Provide premium rewards and exclusive offers
16993.0,99,2,1950.95,285,69.67678571428571,19,2,3,4,9,Potential Customers,High Risk,0.75,39.019,High Value,High,Launch retention campaign and personalized offer
16996.0,18,3,666.6500000000001,375,17.543421052631583,28,4,4,3,11,Loyal Customers,Low Risk,0.15,105.26052631578949,High Value,Medium,Maintain regular engagement and monitor customer activity
16998.0,80,1,107.0,28,53.5,2,2,2,1,5,At Risk,High Risk,0.75,1.3209876543209877,Standard Value,High,Launch retention campaign and personalized offer
17000.0,32,2,406.3,305,13.543333333333331,26,4,3,2,9,Potential Customers,Low Risk,0.15,24.624242424242425,Standard Value,Low,Use personalized promotions to increase customer engagement
17001.0,12,8,2651.23,1618,25.011603773584905,60,5,5,5,15,Champions,Low Risk,0.15,1631.5261538461539,Very High Value,Medium,Provide premium rewards and exclusive offers
17002.0,79,4,1077.82,586,30.79485714285714,32,2,4,4,10,Loyal Customers,High Risk,0.75,53.891,High Value,High,Launch retention campaign and personalized offer
17003.0,38,4,830.1599999999999,495,7.412142857142856,90,3,4,3,10,Loyal Customers,Low Risk,0.15,85.14461538461536,High Value,Medium,Maintain regular engagement and monitor customer activity
17004.0,28,2,1012.22,462,38.93153846153847,21,4,3,4,11,Loyal Customers,Low Risk,0.15,69.80827586206897,High Value,Medium,Maintain regular engagement and monitor customer activity
17005.0,106,2,742.3599999999999,787,37.118,14,2,3,3,8,Potential Customers,High Risk,0.75,13.875887850467288,Standard Value,High,Launch retention campaign and personalized offer
17006.0,28,4,854.5400000000001,301,9.936511627906976,77,4,4,3,11,Loyal Customers,Low Risk,0.15,117.86758620689656,High Value,Medium,Maintain regular engagement and monitor customer activity
17007.0,73,1,230.17,120,15.344666666666669,15,2,2,1,5,At Risk,High Risk,0.75,3.1104054054054053,Standard Value,High,Launch retention campaign and personalized offer
17008.0,65,1,81.36,24,81.36,1,3,2,1,6,At Risk,High Risk,0.75,1.2327272727272727,Standard Value,High,Launch retention campaign and personalized offer
17009.0,187,1,242.06,336,22.005454545454544,10,1,2,1,4,At Risk,High Risk,0.75,1.2875531914893616,Standard Value,High,Launch retention campaign and personalized offer
17011.0,283,2,400.8,606,30.83076923076923,12,1,3,2,6,At Risk,High Risk,0.75,2.822535211267606,Standard Value,High,Launch retention campaign and personalized offer
17012.0,361,1,384.16,268,9.146666666666668,34,1,2,2,5,At Risk,High Risk,0.75,1.0612154696132596,Standard Value,High,Launch retention campaign and personalized offer
17016.0,212,1,552.4,309,13.473170731707317,41,1,2,3,6,At Risk,High Risk,0.75,2.5934272300469483,Standard Value,High,Launch retention campaign and personalized offer
17017.0,1,13,5416.35,3918,31.49040697674419,76,5,5,5,15,Champions,Low Risk,0.15,35206.275,Very High Value,Medium,Provide premium rewards and exclusive offers
17018.0,23,4,1367.6,280,65.12380952380951,16,4,4,4,12,Loyal Customers,Low Risk,0.15,227.9333333333333,High Value,Medium,Maintain regular engagement and monitor customer activity
17019.0,4,8,2739.59,1816,5.719394572025052,270,5,5,5,15,Champions,Low Risk,0.15,4383.344,Very High Value,Medium,Provide premium rewards and exclusive offers
17020.0,178,2,935.6200000000003,860,13.559710144927545,64,1,3,3,7,Potential Customers,High Risk,0.75,10.453854748603355,Standard Value,High,Launch retention campaign and personalized offer
17021.0,78,6,1182.22,992,24.629583333333333,35,2,5,4,11,Loyal Customers,High Risk,0.75,89.78886075949367,High Value,High,Launch retention campaign and personalized offer
17022.0,68,1,189.0,72,21.0,9,3,2,1,6,At Risk,High Risk,0.75,2.739130434782609,Standard Value,High,Launch retention campaign and personalized offer
17023.0,53,3,800.1800000000001,530,16.330204081632655,48,3,4,3,10,Loyal Customers,Low Risk,0.15,44.45444444444444,High Value,Medium,Maintain regular engagement and monitor customer activity
17025.0,9,4,1152.8699999999997,789,34.93545454545453,28,5,4,4,13,Champions,Low Risk,0.15,461.14799999999985,Very High Value,Medium,Provide premium rewards and exclusive offers
17026.0,5,2,54.150000000000006,35,13.5375,4,5,3,1,9,Potential Customers,Low Risk,0.15,18.05,Standard Value,Low,Use personalized promotions to increase customer engagement
17027.0,82,3,436.82,232,13.236969696969696,29,2,4,2,8,Potential Customers,High Risk,0.75,15.788674698795182,Standard Value,High,Launch retention campaign and personalized offer
17028.0,217,3,1593.8300000000002,856,16.777157894736845,85,1,4,4,9,Potential Customers,High Risk,0.75,21.93344036697248,Standard Value,High,Launch retention campaign and personalized offer
17029.0,18,5,1421.3000000000002,865,52.640740740740746,19,4,4,4,12,Loyal Customers,Low Risk,0.15,374.02631578947376,Very High Value,Medium,Provide premium rewards and exclusive offers
17031.0,14,4,2393.5,1360,85.48214285714286,22,5,4,5,14,Champions,Low Risk,0.15,638.2666666666667,Very High Value,Medium,Provide premium rewards and exclusive offers
17032.0,183,8,3004.5999999999995,1695,12.57154811715481,183,1,5,5,11,Loyal Customers,High Risk,0.75,130.63478260869562,High Value,High,Launch retention campaign and personalized offer
17033.0,33,1,302.65000000000003,121,25.22083333333333,12,4,2,2,8,Potential Customers,Low Risk,0.15,8.901470588235295,Standard Value,Low,Use personalized promotions to increase customer engagement
17034.0,45,2,538.4000000000001,290,18.565517241379315,26,3,3,3,9,Potential Customers,Low Risk,0.15,23.40869565217392,Standard Value,Low,Use personalized promotions to increase customer engagement
17035.0,227,2,180.06,98,36.012,4,1,3,1,5,At Risk,High Risk,0.75,1.5794736842105264,Standard Value,High,Launch retention campaign and personalized offer
17036.0,19,1,176.9,76,14.741666666666667,12,4,2,1,7,Potential Customers,Low Risk,0.15,8.845,Standard Value,Low,Use personalized promotions to increase customer engagement
17038.0,51,1,630.7700000000001,507,15.384634146341464,41,3,2,3,8,Potential Customers,Low Risk,0.15,12.13019230769231,Standard Value,Low,Use personalized promotions to increase customer engagement
17039.0,240,1,1954.99,689,44.43159090909091,44,1,2,4,7,Potential Customers,High Risk,0.75,8.111991701244813,Standard Value,High,Launch retention campaign and personalized offer
17040.0,186,1,13.52,8,13.52,1,1,2,1,4,At Risk,High Risk,0.75,0.07229946524064171,Standard Value,High,Launch retention campaign and personalized offer
17041.0,33,3,604.71,386,10.249322033898306,48,4,4,3,11,Loyal Customers,Low Risk,0.15,53.356764705882355,High Value,Medium,Maintain regular engagement and monitor customer activity
17043.0,11,4,881.3700000000001,626,8.556990291262137,87,5,4,3,12,Loyal Customers,Low Risk,0.15,293.79,High Value,Medium,Maintain regular engagement and monitor customer activity
17044.0,10,11,11013.819999999994,5218,77.01972027972025,91,5,5,5,15,Champions,Low Risk,0.15,11013.819999999994,Very High Value,Medium,Provide premium rewards and exclusive offers
17045.0,12,2,488.24,188,15.749677419354835,28,5,3,2,10,Loyal Customers,Low Risk,0.15,75.11384615384615,High Value,Medium,Maintain regular engagement and monitor customer activity
17046.0,80,4,1264.05,1126,20.064285714285717,57,2,4,4,10,Loyal Customers,High Risk,0.75,62.42222222222222,High Value,High,Launch retention campaign and personalized offer
17047.0,67,3,1188.3300000000002,651,15.432857142857143,71,3,4,4,11,Loyal Customers,High Risk,0.75,52.426323529411775,High Value,High,Launch retention campaign and personalized offer
17048.0,73,4,1146.3300000000002,583,19.76431034482759,52,2,4,4,10,Loyal Customers,High Risk,0.75,61.96378378378379,High Value,High,Launch retention campaign and personalized offer
17049.0,11,10,4287.499999999997,1600,17.790456431535258,157,5,5,5,15,Champions,Low Risk,0.15,3572.9166666666642,Very High Value,Medium,Provide premium rewards and exclusive offers
17050.0,11,5,1462.95,837,35.68170731707317,27,5,4,4,13,Champions,Low Risk,0.15,609.5625,Very High Value,Medium,Provide premium rewards and exclusive offers
17051.0,82,3,467.24999999999983,329,4.098684210526314,92,2,4,2,8,Potential Customers,High Risk,0.75,16.888554216867465,Standard Value,High,Launch retention campaign and personalized offer
17055.0,81,1,239.55,87,7.985,24,2,2,1,5,At Risk,High Risk,0.75,2.921341463414634,Standard Value,High,Launch retention campaign and personalized offer
17056.0,374,1,128.60000000000002,26,16.075000000000003,8,1,2,1,4,At Risk,High Risk,0.75,0.34293333333333337,Standard Value,High,Launch retention campaign and personalized offer
17057.0,232,1,294.74,129,5.8948,48,1,2,2,5,At Risk,High Risk,0.75,1.2649785407725322,Standard Value,High,Launch retention campaign and personalized offer
17059.0,5,5,2507.4900000000034,1729,7.715353846153857,208,5,4,5,14,Champions,Low Risk,0.15,2089.575000000003,Very High Value,Medium,Provide premium rewards and exclusive offers
17062.0,1,4,669.8499999999998,492,7.126063829787232,67,5,4,3,12,Loyal Customers,Low Risk,0.15,1339.6999999999996,Very High Value,Medium,Provide premium rewards and exclusive offers
17063.0,43,6,2177.3899999999994,1129,17.144803149606293,100,3,5,5,13,Champions,Low Risk,0.15,296.9168181818181,High Value,Medium,Maintain regular engagement and monitor customer activity
17065.0,273,2,194.7,82,16.224999999999998,6,1,3,1,5,At Risk,High Risk,0.75,1.4211678832116788,Standard Value,High,Launch retention campaign and personalized offer
17066.0,362,1,228.34000000000003,93,12.685555555555558,17,1,2,1,4,At Risk,High Risk,0.75,0.6290358126721763,Standard Value,High,Launch retention campaign and personalized offer
17067.0,360,3,454.54,322,34.964615384615385,8,1,4,2,7,Potential Customers,High Risk,0.75,3.777340720221607,Standard Value,High,Launch retention campaign and personalized offer
17068.0,4,27,4608.939999999995,2271,6.330961538461532,204,5,5,5,15,Champions,Low Risk,0.15,24888.275999999973,Very High Value,Medium,Provide premium rewards and exclusive offers
17069.0,9,6,3084.579999999999,1827,20.293289473684204,123,5,5,5,15,Champions,Low Risk,0.15,1850.7479999999996,Very High Value,Medium,Provide premium rewards and exclusive offers
17070.0,46,1,133.17999999999998,101,3.2482926829268286,41,3,2,1,6,At Risk,Low Risk,0.15,2.8336170212765954,Standard Value,Low,Maintain regular engagement and monitor customer activity
17071.0,17,4,1372.17,738,19.057916666666667,57,4,4,4,12,Loyal Customers,Low Risk,0.15,304.9266666666667,Very High Value,Medium,Provide premium rewards and exclusive offers
17072.0,261,1,282.05,218,12.820454545454544,20,1,2,2,5,At Risk,High Risk,0.75,1.076526717557252,Standard Value,High,Launch retention campaign and personalized offer
17074.0,198,1,203.05,19,50.7625,4,1,2,1,4,At Risk,High Risk,0.75,1.0203517587939699,Standard Value,High,Launch retention campaign and personalized offer
17075.0,65,6,1407.61,495,11.4439837398374,100,3,5,4,12,Loyal Customers,High Risk,0.75,127.96454545454546,High Value,High,Launch retention campaign and personalized offer
17076.0,28,3,401.6699999999999,219,16.066799999999994,22,4,4,2,10,Loyal Customers,Low Risk,0.15,41.552068965517236,High Value,Medium,Maintain regular engagement and monitor customer activity
17077.0,214,1,306.0,36,306.0,1,1,2,2,5,At Risk,High Risk,0.75,1.4232558139534883,Standard Value,High,Launch retention campaign and personalized offer
17080.0,15,5,669.91,403,26.7964,19,5,4,3,12,Loyal Customers,Low Risk,0.15,209.34687499999998,High Value,Medium,Maintain regular engagement and monitor customer activity
17081.0,31,4,674.2299999999999,311,4.494866666666666,121,4,4,3,11,Loyal Customers,Low Risk,0.15,84.27874999999999,High Value,Medium,Maintain regular engagement and monitor customer activity
17082.0,30,4,2728.180000000001,1477,30.653707865168556,65,4,4,5,13,Champions,Low Risk,0.15,352.02322580645176,Very High Value,Medium,Provide premium rewards and exclusive offers
17083.0,45,6,2644.01,1183,41.9684126984127,26,3,5,5,13,Champions,Low Risk,0.15,344.87086956521745,Very High Value,Medium,Provide premium rewards and exclusive offers
17084.0,32,1,2253.2200000000003,1476,17.069848484848485,132,4,2,5,11,Loyal Customers,Low Risk,0.15,68.27939393939394,High Value,Medium,Maintain regular engagement and monitor customer activity
17085.0,12,23,6324.759999999995,2817,7.808345679012339,373,5,5,5,15,Champions,Low Risk,0.15,11189.95999999999,Very High Value,Medium,Provide premium rewards and exclusive offers
17087.0,373,1,221.53,113,18.460833333333333,12,1,2,1,4,At Risk,High Risk,0.75,0.5923262032085561,Standard Value,High,Launch retention campaign and personalized offer
17089.0,22,1,128.45,35,32.1125,4,4,2,1,7,Potential Customers,Low Risk,0.15,5.584782608695652,Standard Value,Low,Use personalized promotions to increase customer engagement
17090.0,10,6,1105.53,441,38.12172413793103,17,5,5,4,14,Champions,Low Risk,0.15,603.0163636363636,Very High Value,Medium,Provide premium rewards and exclusive offers
17091.0,3,11,3983.34,2099,14.277204301075267,165,5,5,5,15,Champions,Low Risk,0.15,10954.185000000001,Very High Value,Medium,Provide premium rewards and exclusive offers
17092.0,73,7,3817.18,2670,14.033749999999998,192,2,5,5,12,Loyal Customers,High Risk,0.75,361.0845945945946,Very High Value,High,Launch retention campaign and personalized offer
17093.0,228,1,235.88,114,18.144615384615385,13,1,2,1,4,At Risk,High Risk,0.75,1.0300436681222707,Standard Value,High,Launch retention campaign and personalized offer
17094.0,59,1,100.2,60,25.05,4,3,2,1,6,At Risk,High Risk,0.75,1.6700000000000002,Standard Value,High,Launch retention campaign and personalized offer
17095.0,66,4,1248.09,1077,19.81095238095238,54,3,4,4,11,Loyal Customers,High Risk,0.75,74.51283582089552,High Value,High,Launch retention campaign and personalized offer
17096.0,19,7,2737.0500000000006,1232,16.195562130177517,128,4,5,5,14,Champions,Low Risk,0.15,957.9675000000003,Very High Value,Medium,Provide premium rewards and exclusive offers
17097.0,1,2,386.03,201,3.8992929292929297,84,5,3,2,10,Loyal Customers,Low Risk,0.15,386.03,Very High Value,Medium,Provide premium rewards and exclusive offers
17098.0,17,3,591.0699999999999,125,32.837222222222216,10,4,4,3,11,Loyal Customers,Low Risk,0.15,98.51166666666666,High Value,Medium,Maintain regular engagement and monitor customer activity
17099.0,169,1,582.1700000000001,317,14.55425,40,2,2,3,7,Potential Customers,High Risk,0.75,3.4245294117647065,Standard Value,High,Launch retention campaign and personalized offer
17101.0,30,3,885.3199999999999,360,28.55870967741935,28,4,4,3,11,Loyal Customers,Low Risk,0.15,85.67612903225806,High Value,Medium,Maintain regular engagement and monitor customer activity
17103.0,358,1,424.29999999999984,471,13.259374999999997,32,1,2,2,5,At Risk,High Risk,0.75,1.1818941504178269,Standard Value,High,Launch retention campaign and personalized offer
17104.0,59,1,474.03,149,24.948947368421056,19,3,2,2,7,Potential Customers,High Risk,0.75,7.900499999999999,Standard Value,High,Launch retention campaign and personalized offer
17106.0,25,1,491.2299999999999,156,9.268490566037732,51,4,2,2,8,Potential Customers,Low Risk,0.15,18.893461538461533,Standard Value,Low,Use personalized promotions to increase customer engagement
17107.0,33,4,5259.99,2707,20.5468359375,197,4,4,5,13,Champions,Low Risk,0.15,618.8223529411764,Very High Value,Medium,Provide premium rewards and exclusive offers
17108.0,299,1,174.95,31,19.438888888888886,9,1,2,1,4,At Risk,High Risk,0.75,0.5831666666666666,Standard Value,High,Launch retention campaign and personalized offer
17109.0,42,2,410.42,200,17.844347826086956,22,3,3,2,8,Potential Customers,Low Risk,0.15,19.089302325581397,Standard Value,Low,Use personalized promotions to increase customer engagement
17110.0,156,2,347.4,92,8.907692307692306,32,2,3,2,7,Potential Customers,High Risk,0.75,4.425477707006369,Standard Value,High,Launch retention campaign and personalized offer
17111.0,61,1,227.97000000000003,299,11.99842105263158,19,3,2,1,6,At Risk,High Risk,0.75,3.676935483870968,Standard Value,High,Launch retention campaign and personalized offer
17112.0,138,1,205.17,134,4.1034,44,2,2,1,5,At Risk,High Risk,0.75,1.4760431654676258,Standard Value,High,Launch retention campaign and personalized offer
17113.0,210,6,2322.590000000001,915,14.607484276729569,122,1,5,5,11,Loyal Customers,High Risk,0.75,66.04521327014221,High Value,High,Launch retention campaign and personalized offer
17115.0,184,4,1923.99,513,23.75296296296296,75,1,4,4,9,Potential Customers,High Risk,0.75,41.599783783783785,High Value,High,Launch retention campaign and personalized offer
17116.0,284,1,389.78,392,8.293191489361703,47,1,2,2,5,At Risk,High Risk,0.75,1.3676491228070176,Standard Value,High,Launch retention campaign and personalized offer
17121.0,38,1,314.74,106,26.22833333333333,12,3,2,2,7,Potential Customers,Low Risk,0.15,8.07025641025641,Standard Value,Low,Use personalized promotions to increase customer engagement
17122.0,24,3,432.18,288,18.79043478260869,19,4,4,2,10,Loyal Customers,Low Risk,0.15,51.861599999999996,High Value,Medium,Maintain regular engagement and monitor customer activity
17123.0,75,2,631.87,430,18.584411764705884,31,2,3,3,8,Potential Customers,High Risk,0.75,16.62815789473684,Standard Value,High,Launch retention campaign and personalized offer
17126.0,17,4,1065.6899999999996,676,4.956697674418603,149,4,4,4,12,Loyal Customers,Low Risk,0.15,236.8199999999999,High Value,Medium,Maintain regular engagement and monitor customer activity
17127.0,64,5,1155.03,340,31.217027027027022,27,3,4,4,11,Loyal Customers,High Risk,0.75,88.84846153846154,High Value,High,Launch retention campaign and personalized offer
17129.0,156,1,31.85,5,15.925,2,2,2,1,5,At Risk,High Risk,0.75,0.20286624203821657,Standard Value,High,Launch retention campaign and personalized offer
17132.0,88,2,1272.8,980,16.317948717948717,62,2,3,4,9,Potential Customers,High Risk,0.75,28.602247191011234,Standard Value,High,Launch retention campaign and personalized offer
17133.0,110,5,9730.090000000002,7377,335.52034482758626,16,2,4,5,11,Loyal Customers,High Risk,0.75,438.29234234234247,Very High Value,High,Launch retention campaign and personalized offer
17134.0,78,1,212.10000000000005,46,16.31538461538462,13,2,2,1,5,At Risk,High Risk,0.75,2.684810126582279,Standard Value,High,Launch retention campaign and personalized offer
17135.0,7,4,814.4300000000002,698,7.54101851851852,79,5,4,3,12,Loyal Customers,Low Risk,0.15,407.2150000000001,Very High Value,Medium,Provide premium rewards and exclusive offers
17136.0,298,1,231.68,256,16.548571428571428,14,1,2,1,4,At Risk,High Risk,0.75,0.7748494983277592,Standard Value,High,Launch retention campaign and personalized offer
17137.0,52,6,1133.63,697,6.441079545454546,125,3,5,4,12,Loyal Customers,Low Risk,0.15,128.33547169811322,High Value,Medium,Maintain regular engagement and monitor customer activity
17138.0,25,6,4036.77,1898,17.39987068965517,217,4,5,5,14,Champions,Low Risk,0.15,931.5623076923076,Very High Value,Medium,Provide premium rewards and exclusive offers
17139.0,25,13,8915.989999999996,4677,26.936525679758297,226,4,5,5,14,Champions,Low Risk,0.15,4457.994999999998,Very High Value,Medium,Provide premium rewards and exclusive offers
17141.0,54,4,754.3300000000011,436,4.335229885057477,138,3,4,3,10,Loyal Customers,High Risk,0.75,54.860363636363715,High Value,High,Launch retention campaign and personalized offer
17142.0,40,3,704.7499999999999,242,9.396666666666665,67,3,4,3,10,Loyal Customers,Low Risk,0.15,51.567073170731696,High Value,Medium,Maintain regular engagement and monitor customer activity
17143.0,53,2,924.1100000000002,330,7.637272727272729,82,3,3,3,9,Potential Customers,Low Risk,0.15,34.226296296296304,High Value,Medium,Use personalized promotions to increase customer engagement
17145.0,148,4,3120.909999999998,2591,17.33838888888888,168,2,4,5,11,Loyal Customers,High Risk,0.75,83.78281879194626,High Value,High,Launch retention campaign and personalized offer
17146.0,71,10,5110.459999999999,1980,19.06888059701492,156,3,5,5,13,Champions,High Risk,0.75,709.786111111111,Very High Value,High,Launch retention campaign and personalized offer
17147.0,88,5,1485.3600000000004,426,27.00654545454546,41,2,4,4,10,Loyal Customers,High Risk,0.75,83.44719101123597,High Value,High,Launch retention campaign and personalized offer
17149.0,87,1,143.1,18,23.85,6,2,2,1,5,At Risk,High Risk,0.75,1.6261363636363635,Standard Value,High,Launch retention campaign and personalized offer
17150.0,12,6,1375.65,403,14.791935483870969,64,5,5,4,14,Champions,Low Risk,0.15,634.9153846153847,Very High Value,Medium,Provide premium rewards and exclusive offers
17151.0,371,1,231.9,42,57.975,4,1,2,1,4,At Risk,High Risk,0.75,0.6233870967741936,Standard Value,High,Launch retention campaign and personalized offer
17152.0,61,1,327.0,60,163.5,2,3,2,2,7,Potential Customers,High Risk,0.75,5.274193548387097,Standard Value,High,Launch retention campaign and personalized offer
17155.0,163,5,640.7600000000001,745,12.08981132075472,31,2,4,3,9,Potential Customers,High Risk,0.75,19.53536585365854,Standard Value,High,Launch retention campaign and personalized offer
17156.0,127,1,591.8700000000001,391,15.176153846153849,39,2,2,3,7,Potential Customers,High Risk,0.75,4.623984375000001,Standard Value,High,Launch retention campaign and personalized offer
17157.0,116,17,4832.9,1920,37.75703125,69,2,5,5,12,Loyal Customers,High Risk,0.75,702.2162393162392,Very High Value,High,Launch retention campaign and personalized offer
17158.0,183,2,713.0300000000001,369,15.500652173913045,37,1,3,3,7,Potential Customers,High Risk,0.75,7.750326086956522,Standard Value,High,Launch retention campaign and personalized offer
17159.0,113,2,560.7100000000002,237,19.334827586206902,27,2,3,3,8,Potential Customers,High Risk,0.75,9.837017543859652,Standard Value,High,Launch retention campaign and personalized offer
17160.0,10,11,6691.129999999988,5534,15.855758293838834,164,5,5,5,15,Champions,Low Risk,0.15,6691.129999999989,Very High Value,Medium,Provide premium rewards and exclusive offers
17161.0,80,1,856.0100000000001,537,16.461730769230773,52,2,2,3,7,Potential Customers,High Risk,0.75,10.568024691358026,Standard Value,High,Launch retention campaign and personalized offer
17163.0,81,2,406.68,465,16.2672,24,2,3,2,7,Potential Customers,High Risk,0.75,9.919024390243903,Standard Value,High,Launch retention campaign and personalized offer
17165.0,17,5,1635.640000000001,688,18.17377777777779,72,4,4,4,12,Loyal Customers,Low Risk,0.15,454.3444444444447,Very High Value,Medium,Provide premium rewards and exclusive offers
17167.0,15,3,867.1099999999999,429,10.976075949367088,64,5,4,3,12,Loyal Customers,Low Risk,0.15,162.583125,High Value,Medium,Maintain regular engagement and monitor customer activity
17168.0,134,1,400.2,220,19.057142857142857,21,2,2,2,6,At Risk,High Risk,0.75,2.964444444444444,Standard Value,High,Launch retention campaign and personalized offer
17169.0,214,1,320.95,145,15.283333333333331,21,1,2,2,5,At Risk,High Risk,0.75,1.4927906976744185,Standard Value,High,Launch retention campaign and personalized offer
17170.0,10,2,178.67999999999998,152,17.868,8,5,3,1,9,Potential Customers,Low Risk,0.15,32.487272727272725,High Value,Medium,Use personalized promotions to increase customer engagement
17171.0,297,1,159.68,40,17.742222222222225,9,1,2,1,4,At Risk,High Risk,0.75,0.5358389261744967,Standard Value,High,Launch retention campaign and personalized offer
17172.0,66,2,638.8100000000002,735,26.61708333333334,24,3,3,3,9,Potential Customers,High Risk,0.75,19.068955223880604,Standard Value,High,Launch retention campaign and personalized offer
17176.0,162,2,596.19,406,22.081111111111117,25,2,3,3,8,Potential Customers,High Risk,0.75,7.315214723926381,Standard Value,High,Launch retention campaign and personalized offer
17177.0,141,1,119.50000000000004,40,4.120689655172415,29,2,2,1,5,At Risk,High Risk,0.75,0.8415492957746482,Standard Value,High,Launch retention campaign and personalized offer
17178.0,367,1,436.7099999999998,101,13.647187499999994,31,1,2,2,5,At Risk,High Risk,0.75,1.1867119565217386,Standard Value,High,Launch retention campaign and personalized offer
17179.0,18,3,795.4700000000001,335,10.198333333333336,44,4,4,3,11,Loyal Customers,Low Risk,0.15,125.6005263157895,High Value,Medium,Maintain regular engagement and monitor customer activity
17180.0,58,7,1460.9500000000028,1145,5.217678571428581,149,3,5,4,12,Loyal Customers,High Risk,0.75,173.33305084745797,High Value,High,Launch retention campaign and personalized offer
17181.0,9,2,225.45000000000005,243,32.20714285714286,7,5,3,1,9,Potential Customers,Low Risk,0.15,45.09000000000001,High Value,Medium,Use personalized promotions to increase customer engagement
17182.0,58,2,321.29999999999995,54,53.54999999999999,4,3,3,2,8,Potential Customers,High Risk,0.75,10.891525423728812,Standard Value,High,Launch retention campaign and personalized offer
17184.0,205,2,198.41,73,14.172142857142855,14,1,3,1,5,At Risk,High Risk,0.75,1.9263106796116505,Standard Value,High,Launch retention campaign and personalized offer
17185.0,227,3,229.45999999999995,119,5.214999999999999,38,1,4,1,6,At Risk,High Risk,0.75,3.019210526315789,Standard Value,High,Launch retention campaign and personalized offer
17187.0,162,1,263.76,282,20.28923076923077,13,2,2,2,6,At Risk,High Risk,0.75,1.6181595092024539,Standard Value,High,Launch retention campaign and personalized offer
17188.0,82,6,2118.700000000001,1241,24.076136363636376,79,2,5,4,11,Loyal Customers,High Risk,0.75,153.1590361445784,High Value,High,Launch retention campaign and personalized offer
17189.0,196,3,573.2300000000002,377,9.245645161290328,59,1,4,3,8,Potential Customers,High Risk,0.75,8.729390862944166,Standard Value,High,Launch retention campaign and personalized offer
17190.0,39,5,1298.3000000000006,2064,7.376704545454549,143,3,4,4,11,Loyal Customers,Low Risk,0.15,162.28750000000008,High Value,Medium,Maintain regular engagement and monitor customer activity
17191.0,4,11,2740.9200000000005,1369,8.10923076923077,200,5,5,5,15,Champions,Low Risk,0.15,6030.024000000001,Very High Value,Medium,Provide premium rewards and exclusive offers
17192.0,172,1,77.83,46,3.706190476190476,20,2,2,1,5,At Risk,High Risk,0.75,0.4498843930635838,Standard Value,High,Launch retention campaign and personalized offer
17193.0,22,2,610.7399999999999,414,50.89499999999999,12,4,3,3,10,Loyal Customers,Low Risk,0.15,53.107826086956514,High Value,Medium,Maintain regular engagement and monitor customer activity
17194.0,166,1,549.8799999999999,301,17.183749999999996,31,2,2,3,7,Potential Customers,High Risk,0.75,3.2926946107784425,Standard Value,High,Launch retention campaign and personalized offer
17195.0,291,1,562.9799999999998,486,18.160645161290315,31,1,2,3,6,At Risk,High Risk,0.75,1.9280136986301362,Standard Value,High,Launch retention campaign and personalized offer
17196.0,63,1,352.9,168,3.3932692307692305,84,3,2,2,7,Potential Customers,High Risk,0.75,5.5140625,Standard Value,High,Launch retention campaign and personalized offer
17198.0,1,2,521.6600000000001,242,6.774805194805196,73,5,3,3,11,Loyal Customers,Low Risk,0.15,521.6600000000001,Very High Value,Medium,Provide premium rewards and exclusive offers
17199.0,218,1,145.12,304,16.124444444444446,8,1,2,1,4,At Risk,High Risk,0.75,0.662648401826484,Standard Value,High,Launch retention campaign and personalized offer
17200.0,23,4,356.71,367,14.2684,25,4,4,2,10,Loyal Customers,Low Risk,0.15,59.45166666666666,High Value,Medium,Maintain regular engagement and monitor customer activity
17201.0,159,3,899.4100000000008,807,6.16034246575343,119,2,4,3,9,Potential Customers,High Risk,0.75,16.863937500000013,Standard Value,High,Launch retention campaign and personalized offer
17202.0,56,1,160.65,55,20.08125,8,3,2,1,6,At Risk,High Risk,0.75,2.818421052631579,Standard Value,High,Launch retention campaign and personalized offer
17203.0,24,4,2012.030000000001,1756,17.051101694915264,84,4,4,4,12,Loyal Customers,Low Risk,0.15,321.9248000000002,Very High Value,Medium,Provide premium rewards and exclusive offers
17204.0,10,5,3940.130000000001,2005,32.83441666666668,89,5,4,5,14,Champions,Low Risk,0.15,1790.9681818181823,Very High Value,Medium,Provide premium rewards and exclusive offers
17205.0,52,2,615.2700000000001,1330,27.966818181818187,18,3,3,3,9,Potential Customers,Low Risk,0.15,23.217735849056606,Standard Value,Low,Use personalized promotions to increase customer engagement
17207.0,288,1,303.2200000000001,241,4.525671641791046,55,1,2,2,5,At Risk,High Risk,0.75,1.0492041522491353,Standard Value,High,Launch retention campaign and personalized offer
17208.0,31,1,115.35,103,4.80625,21,4,2,1,7,Potential Customers,Low Risk,0.15,3.6046875,Standard Value,Low,Use personalized promotions to increase customer engagement
17209.0,285,3,611.6,731,15.29,36,1,4,3,8,Potential Customers,High Risk,0.75,6.415384615384616,Standard Value,High,Launch retention campaign and personalized offer
17210.0,28,1,253.37000000000003,243,4.6920370370370375,47,4,2,2,8,Potential Customers,Low Risk,0.15,8.73689655172414,Standard Value,Low,Use personalized promotions to increase customer engagement
17211.0,5,6,1729.4299999999998,1022,10.418253012048192,126,5,5,4,14,Champions,Low Risk,0.15,1729.4299999999996,Very High Value,Medium,Provide premium rewards and exclusive offers
17212.0,94,2,567.5600000000001,580,22.7024,25,2,3,3,8,Potential Customers,High Risk,0.75,11.948631578947369,Standard Value,High,Launch retention campaign and personalized offer
17213.0,2,7,2401.0700000000006,1003,19.363467741935487,76,5,5,5,15,Champions,Low Risk,0.15,5602.496666666669,Very High Value,Medium,Provide premium rewards and exclusive offers
17215.0,100,1,186.15,104,16.922727272727272,11,2,2,1,5,At Risk,High Risk,0.75,1.8430693069306932,Standard Value,High,Launch retention campaign and personalized offer
17216.0,190,1,65.05000000000001,22,4.646428571428572,13,1,2,1,4,At Risk,High Risk,0.75,0.34057591623036654,Standard Value,High,Launch retention campaign and personalized offer
17217.0,255,1,104.5,71,5.2250000000000005,18,1,2,1,4,At Risk,High Risk,0.75,0.408203125,Standard Value,High,Launch retention campaign and personalized offer
17218.0,4,9,2231.959999999997,1242,8.892270916334649,167,5,5,5,15,Champions,Low Risk,0.15,4017.527999999994,Very High Value,Medium,Provide premium rewards and exclusive offers
17219.0,52,1,144.9,99,5.796,24,3,2,1,6,At Risk,Low Risk,0.15,2.7339622641509433,Standard Value,Low,Maintain regular engagement and monitor customer activity
17220.0,53,7,1283.5000000000005,794,6.141148325358854,167,3,5,4,12,Loyal Customers,Low Risk,0.15,166.3796296296297,High Value,Medium,Maintain regular engagement and monitor customer activity
17221.0,227,3,643.39,427,10.212539682539685,58,1,4,3,8,Potential Customers,High Risk,0.75,8.465657894736843,Standard Value,High,Launch retention campaign and personalized offer
17222.0,113,5,1250.8600000000006,735,14.716000000000006,71,2,4,4,10,Loyal Customers,High Risk,0.75,54.862280701754415,High Value,High,Launch retention campaign and personalized offer
17223.0,4,2,446.73999999999984,110,8.591153846153842,49,5,3,2,10,Loyal Customers,Low Risk,0.15,178.69599999999994,High Value,Medium,Maintain regular engagement and monitor customer activity
17224.0,137,1,100.86,65,12.607500000000002,8,2,2,1,5,At Risk,High Risk,0.75,0.7308695652173913,Standard Value,High,Launch retention campaign and personalized offer
17225.0,217,1,131.15,36,26.23,5,1,2,1,4,At Risk,High Risk,0.75,0.601605504587156,Standard Value,High,Launch retention campaign and personalized offer
17226.0,80,2,506.63,449,12.66575,34,2,3,2,7,Potential Customers,High Risk,0.75,12.509382716049382,Standard Value,High,Launch retention campaign and personalized offer
17227.0,4,7,1082.7100000000005,1033,13.88089743589744,44,5,5,4,14,Champions,Low Risk,0.15,1515.7940000000006,Very High Value,Medium,Provide premium rewards and exclusive offers
17228.0,3,7,1271.1500000000008,1036,8.47433333333334,107,5,5,4,14,Champions,Low Risk,0.15,2224.512500000001,Very High Value,Medium,Provide premium rewards and exclusive offers
17230.0,199,10,6286.540000000002,2252,40.82168831168833,104,1,5,5,11,Loyal Customers,High Risk,0.75,314.32700000000006,Very High Value,High,Launch retention campaign and personalized offer
17231.0,25,15,4022.719999999993,1996,5.788086330935241,348,4,5,5,14,Champions,Low Risk,0.15,2320.799999999996,Very High Value,Medium,Provide premium rewards and exclusive offers
17233.0,84,2,369.98,167,11.211515151515153,32,2,3,2,7,Potential Customers,High Risk,0.75,8.705411764705882,Standard Value,High,Launch retention campaign and personalized offer
17235.0,8,7,1354.82,747,19.35457142857143,41,5,5,4,14,Champions,Low Risk,0.15,1053.7488888888888,Very High Value,Medium,Provide premium rewards and exclusive offers
17236.0,46,6,1013.13,330,19.11566037735849,44,3,5,4,12,Loyal Customers,Low Risk,0.15,129.33574468085106,High Value,Medium,Maintain regular engagement and monitor customer activity
17237.0,11,2,687.39,310,11.268688524590164,58,5,3,3,11,Loyal Customers,Low Risk,0.15,114.565,High Value,Medium,Maintain regular engagement and monitor customer activity
17238.0,7,17,4038.45,1898,6.072857142857142,345,5,5,5,15,Champions,Low Risk,0.15,8581.70625,Very High Value,Medium,Provide premium rewards and exclusive offers
17239.0,23,3,806.95,365,47.46764705882353,8,4,4,3,11,Loyal Customers,Low Risk,0.15,100.86875000000002,High Value,Medium,Maintain regular engagement and monitor customer activity
17240.0,232,1,130.6,108,18.65714285714285,7,1,2,1,4,At Risk,High Risk,0.75,0.5605150214592275,Standard Value,High,Launch retention campaign and personalized offer
17241.0,21,12,2744.140000000001,865,16.047602339181292,116,4,5,5,14,Champions,Low Risk,0.15,1496.8036363636368,Very High Value,Medium,Provide premium rewards and exclusive offers
17242.0,92,3,1754.2400000000002,848,39.869090909090914,27,2,4,4,10,Loyal Customers,High Risk,0.75,56.588387096774206,High Value,High,Launch retention campaign and personalized offer
17243.0,5,44,12213.00999999999,4828,16.638978201634863,265,5,5,5,15,Champions,Low Risk,0.15,89562.07333333325,Very High Value,Medium,Provide premium rewards and exclusive offers
17244.0,19,4,871.1400000000001,803,9.788089887640451,85,4,4,3,11,Loyal Customers,Low Risk,0.15,174.228,High Value,Medium,Maintain regular engagement and monitor customer activity
17245.0,325,1,200.18,232,12.51125,15,1,2,1,4,At Risk,High Risk,0.75,0.6140490797546012,Standard Value,High,Launch retention campaign and personalized offer
17246.0,182,2,38.92,36,6.486666666666667,6,1,3,1,5,At Risk,High Risk,0.75,0.42535519125683063,Standard Value,High,Launch retention campaign and personalized offer
17248.0,117,1,227.51,79,4.739791666666666,34,2,2,1,5,At Risk,High Risk,0.75,1.928050847457627,Standard Value,High,Launch retention campaign and personalized offer
17249.0,64,1,68.02999999999999,79,2.519629629629629,27,3,2,1,6,At Risk,High Risk,0.75,1.0466153846153845,Standard Value,High,Launch retention campaign and personalized offer
17251.0,18,2,529.1499999999999,269,12.906097560975606,35,4,3,3,10,Loyal Customers,Low Risk,0.15,55.69999999999999,High Value,Medium,Maintain regular engagement and monitor customer activity
17254.0,37,1,198.29,146,5.508055555555555,36,3,2,1,6,At Risk,Low Risk,0.15,5.218157894736842,Standard Value,Low,Maintain regular engagement and monitor customer activity
17255.0,26,2,500.72,362,4.470714285714285,99,4,3,2,9,Potential Customers,Low Risk,0.15,37.09037037037037,High Value,Medium,Use personalized promotions to increase customer engagement
17256.0,117,3,258.92999999999995,158,17.261999999999997,14,2,4,2,8,Potential Customers,High Risk,0.75,6.582966101694914,Standard Value,High,Launch retention campaign and personalized offer
17257.0,72,2,192.73,188,12.848666666666668,14,2,3,1,6,At Risk,High Risk,0.75,5.280273972602739,Standard Value,High,Launch retention campaign and personalized offer
17258.0,32,2,417.3,188,7.587272727272726,46,4,3,2,9,Potential Customers,Low Risk,0.15,25.290909090909093,Standard Value,Low,Use personalized promotions to increase customer engagement
17259.0,4,5,1285.9699999999998,748,6.24257281553398,159,5,4,4,13,Champions,Low Risk,0.15,1285.9699999999998,Very High Value,Medium,Provide premium rewards and exclusive offers
17260.0,47,1,120.95,23,20.15833333333333,6,3,2,1,6,At Risk,Low Risk,0.15,2.519791666666667,Standard Value,Low,Maintain regular engagement and monitor customer activity
17261.0,145,1,230.4399999999999,98,5.009565217391303,43,2,2,1,5,At Risk,High Risk,0.75,1.578356164383561,Standard Value,High,Launch retention campaign and personalized offer
17262.0,2,7,1504.26,342,167.14,5,5,5,4,14,Champions,Low Risk,0.15,3509.94,Very High Value,Medium,Provide premium rewards and exclusive offers
17264.0,60,1,279.5899999999999,227,3.32845238095238,70,3,2,2,7,Potential Customers,High Risk,0.75,4.583442622950819,Standard Value,High,Launch retention campaign and personalized offer
17266.0,135,2,207.08999999999995,91,4.406170212765956,43,2,3,1,6,At Risk,High Risk,0.75,3.0454411764705873,Standard Value,High,Launch retention campaign and personalized offer
17268.0,81,7,970.25,551,40.427083333333336,23,2,5,3,10,Loyal Customers,High Risk,0.75,82.82621951219512,High Value,High,Launch retention campaign and personalized offer
17269.0,21,1,537.4599999999998,336,3.6812328767123272,110,4,2,3,9,Potential Customers,Low Risk,0.15,24.429999999999993,Standard Value,Low,Use personalized promotions to increase customer engagement
17270.0,105,2,604.3999999999999,421,12.334693877551018,45,2,3,3,8,Potential Customers,High Risk,0.75,11.403773584905657,Standard Value,High,Launch retention campaign and personalized offer
17271.0,372,1,210.39,117,4.045961538461538,46,1,2,1,4,At Risk,High Risk,0.75,0.5640482573726541,Standard Value,High,Launch retention campaign and personalized offer
17273.0,60,1,141.12,133,11.76,12,3,2,1,6,At Risk,High Risk,0.75,2.3134426229508196,Standard Value,High,Launch retention campaign and personalized offer
17274.0,31,1,465.4,194,8.950000000000001,52,4,2,2,8,Potential Customers,Low Risk,0.15,14.54375,Standard Value,Low,Use personalized promotions to increase customer engagement
17275.0,19,1,114.52000000000002,72,4.771666666666667,23,4,2,1,7,Potential Customers,Low Risk,0.15,5.726000000000001,Standard Value,Low,Use personalized promotions to increase customer engagement
17276.0,38,1,508.3899999999999,189,9.414629629629628,50,3,2,3,8,Potential Customers,Low Risk,0.15,13.035641025641022,Standard Value,Low,Use personalized promotions to increase customer engagement
17278.0,201,1,25.2,16,12.6,2,1,2,1,4,At Risk,High Risk,0.75,0.12475247524752475,Standard Value,High,Launch retention campaign and personalized offer
17280.0,74,1,118.86,74,19.81,6,2,2,1,5,At Risk,High Risk,0.75,1.5848,Standard Value,High,Launch retention campaign and personalized offer
17281.0,10,6,797.8499999999999,295,132.975,2,5,5,3,13,Champions,Low Risk,0.15,435.19090909090903,Very High Value,Medium,Provide premium rewards and exclusive offers
17282.0,92,2,636.2500000000002,474,5.172764227642278,107,2,3,3,8,Potential Customers,High Risk,0.75,13.682795698924735,Standard Value,High,Launch retention campaign and personalized offer
17283.0,14,1,188.46,179,12.564,15,5,2,1,8,Potential Customers,Low Risk,0.15,12.564,Standard Value,Low,Use personalized promotions to increase customer engagement
17284.0,25,2,1140.5799999999992,707,13.90951219512194,80,4,3,4,11,Loyal Customers,Low Risk,0.15,87.73692307692302,High Value,Medium,Maintain regular engagement and monitor customer activity
17285.0,264,2,428.3399999999998,140,8.74163265306122,41,1,3,2,6,At Risk,High Risk,0.75,3.232754716981131,Standard Value,High,Launch retention campaign and personalized offer
17286.0,36,2,241.56,253,5.0325,46,4,3,1,8,Potential Customers,Low Risk,0.15,13.057297297297298,Standard Value,Low,Use personalized promotions to increase customer engagement
17287.0,3,16,3047.8500000000004,1542,8.21522911051213,233,5,5,5,15,Champions,Low Risk,0.15,12191.400000000001,Very High Value,Medium,Provide premium rewards and exclusive offers
17288.0,26,4,1080.250000000001,503,7.0604575163398735,129,4,4,4,12,Loyal Customers,Low Risk,0.15,160.03703703703718,High Value,Medium,Maintain regular engagement and monitor customer activity
17289.0,12,6,1134.9800000000007,740,6.755833333333338,130,5,5,4,14,Champions,Low Risk,0.15,523.8369230769234,Very High Value,Medium,Provide premium rewards and exclusive offers
17290.0,17,6,976.2000000000004,743,9.66534653465347,96,4,5,3,12,Loyal Customers,Low Risk,0.15,325.40000000000015,Very High Value,Medium,Provide premium rewards and exclusive offers
17292.0,108,2,271.75000000000006,131,18.11666666666667,14,2,3,2,7,Potential Customers,High Risk,0.75,4.986238532110093,Standard Value,High,Launch retention campaign and personalized offer
17293.0,30,8,1899.12,1094,17.264727272727274,84,4,5,4,13,Champions,Low Risk,0.15,490.0954838709677,Very High Value,Medium,Provide premium rewards and exclusive offers
17294.0,305,2,467.7900000000001,297,27.517058823529418,17,1,3,2,6,At Risk,High Risk,0.75,3.0574509803921575,Standard Value,High,Launch retention campaign and personalized offer
17296.0,366,1,338.13,216,10.246363636363636,32,1,2,2,5,At Risk,High Risk,0.75,0.9213351498637602,Standard Value,High,Launch retention campaign and personalized offer
17298.0,10,3,459.1399999999999,467,11.478499999999997,38,5,4,2,11,Loyal Customers,Low Risk,0.15,125.21999999999997,High Value,Medium,Maintain regular engagement and monitor customer activity
17299.0,75,2,346.9699999999999,256,5.507460317460316,52,2,3,2,7,Potential Customers,High Risk,0.75,9.130789473684208,Standard Value,High,Launch retention campaign and personalized offer
17300.0,26,2,393.64,467,8.946363636363635,37,4,3,2,9,Potential Customers,Low Risk,0.15,29.158518518518516,Standard Value,Low,Use personalized promotions to increase customer engagement
17301.0,260,1,132.79999999999998,80,2.414545454545454,52,1,2,1,4,At Risk,High Risk,0.75,0.5088122605363984,Standard Value,High,Launch retention campaign and personalized offer
17304.0,170,1,111.5,73,22.300000000000004,5,2,2,1,5,At Risk,High Risk,0.75,0.652046783625731,Standard Value,High,Launch retention campaign and personalized offer
17305.0,284,1,2135.46,1006,237.2733333333333,9,1,2,4,7,Potential Customers,High Risk,0.75,7.492842105263158,Standard Value,High,Launch retention campaign and personalized offer
17306.0,29,2,1151.04,2256,191.84,5,4,3,4,11,Loyal Customers,Low Risk,0.15,76.736,High Value,Medium,Maintain regular engagement and monitor customer activity
17307.0,31,11,3999.89,3667,83.33104166666668,22,4,5,5,14,Champions,Low Risk,0.15,1374.9621875,Very High Value,Medium,Provide premium rewards and exclusive offers
17308.0,29,2,4511.76,5148,644.5371428571428,5,4,3,5,12,Loyal Customers,Low Risk,0.15,300.784,High Value,Medium,Maintain regular engagement and monitor customer activity
17309.0,17,2,247.84,152,9.9136,22,4,3,1,8,Potential Customers,Low Risk,0.15,27.537777777777777,Standard Value,Low,Use personalized promotions to increase customer engagement
17310.0,23,2,1025.1,402,512.55,1,4,3,4,11,Loyal Customers,Low Risk,0.15,85.425,High Value,Medium,Maintain regular engagement and monitor customer activity
17311.0,28,4,2181.71,1750,30.30152777777778,71,4,4,5,13,Champions,Low Risk,0.15,300.92551724137934,High Value,Medium,Maintain regular engagement and monitor customer activity
17314.0,29,9,2376.51,1767,19.01208,92,4,5,5,14,Champions,Low Risk,0.15,712.9530000000001,Very High Value,Medium,Provide premium rewards and exclusive offers
17315.0,11,5,3358.3399999999983,1236,11.742447552447546,196,5,4,5,14,Champions,Low Risk,0.15,1399.3083333333325,Very High Value,Medium,Provide premium rewards and exclusive offers
17316.0,56,1,124.45000000000006,44,3.5557142857142874,35,3,2,1,6,At Risk,High Risk,0.75,2.1833333333333345,Standard Value,High,Launch retention campaign and personalized offer
17318.0,361,1,164.28,60,9.126666666666669,17,1,2,1,4,At Risk,High Risk,0.75,0.4538121546961326,Standard Value,High,Launch retention campaign and personalized offer
17319.0,305,1,29.1,14,9.7,3,1,2,1,4,At Risk,High Risk,0.75,0.09509803921568628,Standard Value,High,Launch retention campaign and personalized offer
17320.0,4,4,1695.1500000000008,758,16.78366336633664,59,5,4,4,13,Champions,Low Risk,0.15,1356.1200000000006,Very High Value,Medium,Provide premium rewards and exclusive offers
17321.0,30,4,1040.3200000000004,444,5.533617021276598,159,4,4,4,12,Loyal Customers,Low Risk,0.15,134.23483870967746,High Value,Medium,Maintain regular engagement and monitor customer activity
17322.0,12,5,922.5900000000004,631,5.212372881355933,115,5,4,3,12,Loyal Customers,Low Risk,0.15,354.8423076923078,Very High Value,Medium,Provide premium rewards and exclusive offers
17323.0,43,5,644.5199999999999,666,4.739117647058823,91,3,4,3,10,Loyal Customers,Low Risk,0.15,73.24090909090908,High Value,Medium,Maintain regular engagement and monitor customer activity
17324.0,2,9,1311.6400000000003,693,12.859215686274514,85,5,5,4,14,Champions,Low Risk,0.15,3934.9200000000005,Very High Value,Medium,Provide premium rewards and exclusive offers
17325.0,46,2,512.77,405,15.538484848484847,33,3,3,3,9,Potential Customers,Low Risk,0.15,21.82,Standard Value,Low,Use personalized promotions to increase customer engagement
17326.0,44,2,321.94999999999993,140,3.6174157303370778,82,3,3,2,8,Potential Customers,Low Risk,0.15,14.308888888888886,Standard Value,Low,Use personalized promotions to increase customer engagement
17327.0,45,2,152.35,59,38.0875,3,3,3,1,7,Potential Customers,Low Risk,0.15,6.623913043478261,Standard Value,Low,Use personalized promotions to increase customer engagement
17328.0,309,1,104.7,86,17.45,6,1,2,1,4,At Risk,High Risk,0.75,0.337741935483871,Standard Value,High,Launch retention campaign and personalized offer
17329.0,367,3,481.32,290,6.685,63,1,4,2,7,Potential Customers,High Risk,0.75,3.923804347826087,Standard Value,High,Launch retention campaign and personalized offer
17330.0,180,2,59.900000000000006,2,29.950000000000003,2,1,3,1,5,At Risk,High Risk,0.75,0.6618784530386741,Standard Value,High,Launch retention campaign and personalized offer
17332.0,164,5,838.2699999999998,794,8.823894736842103,82,2,4,3,9,Potential Customers,High Risk,0.75,25.4021212121212,Standard Value,High,Launch retention campaign and personalized offer
17334.0,42,1,328.13,251,16.4065,20,3,2,2,7,Potential Customers,Low Risk,0.15,7.630930232558139,Standard Value,Low,Use personalized promotions to increase customer engagement
17335.0,19,2,508.0,216,13.025641025641026,34,4,3,3,10,Loyal Customers,Low Risk,0.15,50.8,High Value,Medium,Maintain regular engagement and monitor customer activity
17336.0,108,1,81.12,48,81.12,1,2,2,1,5,At Risk,High Risk,0.75,0.7442201834862385,Standard Value,High,Launch retention campaign and personalized offer
17338.0,11,9,5498.640000000002,2751,9.028965517241383,351,5,5,5,15,Champions,Low Risk,0.15,4123.980000000001,Very High Value,Medium,Provide premium rewards and exclusive offers
17339.0,1,2,119.0,36,23.8,5,5,3,1,9,Potential Customers,Low Risk,0.15,119.0,High Value,Medium,Use personalized promotions to increase customer engagement
17340.0,2,8,10051.53,5243,27.166297297297294,213,5,5,5,15,Champions,Low Risk,0.15,26804.08,Very High Value,Medium,Provide premium rewards and exclusive offers
17341.0,2,3,1108.4700000000007,680,4.9485267857142885,180,5,4,4,13,Champions,Low Risk,0.15,1108.4700000000007,Very High Value,Medium,Provide premium rewards and exclusive offers
17342.0,15,4,1227.54,521,35.07257142857143,31,5,4,4,13,Champions,Low Risk,0.15,306.885,Very High Value,Medium,Provide premium rewards and exclusive offers
17343.0,12,5,1066.2999999999995,398,16.92539682539682,49,5,4,4,13,Champions,Low Risk,0.15,410.1153846153844,Very High Value,Medium,Provide premium rewards and exclusive offers
17344.0,364,1,307.54,147,8.311891891891891,36,1,2,2,5,At Risk,High Risk,0.75,0.8425753424657535,Standard Value,High,Launch retention campaign and personalized offer
17345.0,11,6,1066.9400000000005,1667,8.46777777777778,110,5,5,4,14,Champions,Low Risk,0.15,533.4700000000003,Very High Value,Medium,Provide premium rewards and exclusive offers
17346.0,9,12,2646.439999999999,1996,5.199292730844792,293,5,5,5,15,Champions,Low Risk,0.15,3175.727999999999,Very High Value,Medium,Provide premium rewards and exclusive offers
17348.0,73,4,1316.8900000000003,1392,5.353211382113822,185,2,4,4,10,Loyal Customers,High Risk,0.75,71.18324324324325,High Value,High,Launch retention campaign and personalized offer
17349.0,16,4,741.5,728,8.723529411764705,66,4,4,3,11,Loyal Customers,Low Risk,0.15,174.47058823529412,High Value,Medium,Maintain regular engagement and monitor customer activity
17350.0,30,3,619.9710000000002,421,8.266280000000004,65,4,4,3,11,Loyal Customers,Low Risk,0.15,59.997193548387116,High Value,Medium,Maintain regular engagement and monitor customer activity
17351.0,63,9,1401.0800000000002,270,33.35904761904762,29,3,5,4,12,Loyal Customers,High Risk,0.75,197.02687500000002,High Value,High,Launch retention campaign and personalized offer
17352.0,332,1,36.25,15,7.25,5,1,2,1,4,At Risk,High Risk,0.75,0.10885885885885886,Standard Value,High,Launch retention campaign and personalized offer
17353.0,127,2,1502.0,968,250.33333333333331,6,2,3,4,9,Potential Customers,High Risk,0.75,23.46875,Standard Value,High,Launch retention campaign and personalized offer
17354.0,64,3,1750.4000000000024,1529,19.89090909090912,73,3,4,4,11,Loyal Customers,High Risk,0.75,80.78769230769241,High Value,High,Launch retention campaign and personalized offer
17355.0,22,1,285.11,257,7.705675675675676,28,4,2,2,8,Potential Customers,Low Risk,0.15,12.39608695652174,Standard Value,Low,Use personalized promotions to increase customer engagement
17356.0,190,4,768.2499999999999,759,11.46641791044776,62,1,4,3,8,Potential Customers,High Risk,0.75,16.08900523560209,Standard Value,High,Launch retention campaign and personalized offer
17358.0,12,3,500.1999999999999,240,5.684090909090908,84,5,4,2,11,Loyal Customers,Low Risk,0.15,115.4307692307692,High Value,Medium,Maintain regular engagement and monitor customer activity
17359.0,284,1,156.6,76,6.808695652173912,23,1,2,1,4,At Risk,High Risk,0.75,0.5494736842105263,Standard Value,High,Launch retention campaign and personalized offer
17360.0,21,3,645.59,301,5.9776851851851855,90,4,4,3,11,Loyal Customers,Low Risk,0.15,88.035,High Value,Medium,Maintain regular engagement and monitor customer activity
17361.0,312,2,392.44,226,13.532413793103448,26,1,3,2,6,At Risk,High Risk,0.75,2.5076038338658146,Standard Value,High,Launch retention campaign and personalized offer
17362.0,36,5,711.8100000000002,358,6.530366972477066,84,4,4,3,11,Loyal Customers,Low Risk,0.15,96.19054054054057,High Value,Medium,Maintain regular engagement and monitor customer activity
17363.0,31,3,940.8599999999998,523,26.134999999999994,34,4,4,3,11,Loyal Customers,Low Risk,0.15,88.20562499999998,High Value,Medium,Maintain regular engagement and monitor customer activity
17364.0,12,17,7589.239999999992,4812,14.910098231827098,308,5,5,5,15,Champions,Low Risk,0.15,9924.390769230758,Very High Value,Medium,Provide premium rewards and exclusive offers
17365.0,22,7,3423.4199999999987,3279,10.3426586102719,236,4,5,5,14,Champions,Low Risk,0.15,1041.9104347826083,Very High Value,Medium,Provide premium rewards and exclusive offers
17366.0,68,2,1096.24,510,8.120296296296296,120,3,3,4,10,Loyal Customers,High Risk,0.75,31.775072463768115,Standard Value,High,Launch retention campaign and personalized offer
17368.0,11,6,913.4700000000014,952,7.081162790697685,110,5,5,3,13,Champions,Low Risk,0.15,456.73500000000075,Very High Value,Medium,Provide premium rewards and exclusive offers
17369.0,91,1,979.2,1152,979.2,1,2,2,3,7,Potential Customers,High Risk,0.75,10.643478260869566,Standard Value,High,Launch retention campaign and personalized offer
17371.0,259,3,238.66000000000005,131,4.045084745762712,55,1,4,1,6,At Risk,High Risk,0.75,2.7537692307692314,Standard Value,High,Launch retention campaign and personalized offer
17372.0,17,20,3034.8799999999983,1127,7.456707616707613,261,4,5,5,14,Champions,Low Risk,0.15,3372.0888888888867,Very High Value,Medium,Provide premium rewards and exclusive offers
17373.0,54,3,520.58,330,15.311176470588236,31,3,4,3,10,Loyal Customers,High Risk,0.75,28.395272727272733,Standard Value,High,Launch retention campaign and personalized offer
17374.0,31,1,231.34,70,16.524285714285714,14,4,2,1,7,Potential Customers,Low Risk,0.15,7.229375,Standard Value,Low,Use personalized promotions to increase customer engagement
17375.0,67,1,260.45,113,15.320588235294116,17,3,2,2,7,Potential Customers,High Risk,0.75,3.8301470588235293,Standard Value,High,Launch retention campaign and personalized offer
17376.0,40,2,250.44000000000003,158,8.078709677419356,27,3,3,1,7,Potential Customers,Low Risk,0.15,12.21658536585366,Standard Value,Low,Use personalized promotions to increase customer engagement
17377.0,1,60,14218.49,5513,10.470169366715758,415,5,5,5,15,Champions,Low Risk,0.15,426554.7,Very High Value,Medium,Provide premium rewards and exclusive offers
17378.0,10,1,10.95,1,10.95,1,5,2,1,8,Potential Customers,Low Risk,0.15,0.9954545454545454,Standard Value,Low,Use personalized promotions to increase customer engagement
17380.0,70,3,645.0,252,64.5,5,3,4,3,10,Loyal Customers,High Risk,0.75,27.253521126760564,Standard Value,High,Launch retention campaign and personalized offer
17381.0,4,12,19726.759999999995,20118,303.4886153846153,30,5,5,5,15,Champions,Low Risk,0.15,47344.22399999999,Very High Value,Medium,Provide premium rewards and exclusive offers
17382.0,71,7,836.8800000000001,432,52.30500000000001,14,3,5,3,11,Loyal Customers,High Risk,0.75,81.36333333333334,High Value,High,Launch retention campaign and personalized offer
17383.0,89,1,110.7,12,55.35,2,2,2,1,5,At Risk,High Risk,0.75,1.23,Standard Value,High,Launch retention campaign and personalized offer
17384.0,103,1,171.15,33,34.230000000000004,5,2,2,1,5,At Risk,High Risk,0.75,1.645673076923077,Standard Value,High,Launch retention campaign and personalized offer
17386.0,21,1,126.35,53,12.635,10,4,2,1,7,Potential Customers,Low Risk,0.15,5.743181818181818,Standard Value,Low,Use personalized promotions to increase customer engagement
17388.0,56,7,1432.01,1499,34.09547619047619,29,3,5,4,12,Loyal Customers,High Risk,0.75,175.86087719298246,High Value,High,Launch retention campaign and personalized offer
17389.0,10,27,25391.0,10270,116.47247706422016,40,5,5,5,15,Champions,Low Risk,0.15,62323.36363636364,Very High Value,Medium,Provide premium rewards and exclusive offers
17390.0,56,1,149.3,49,12.441666666666668,12,3,2,1,6,At Risk,High Risk,0.75,2.6192982456140355,Standard Value,High,Launch retention campaign and personalized offer
17392.0,86,1,168.64999999999998,173,12.046428571428567,14,2,2,1,5,At Risk,High Risk,0.75,1.9385057471264364,Standard Value,High,Launch retention campaign and personalized offer
17393.0,46,2,381.1499999999999,238,7.940624999999998,45,3,3,2,8,Potential Customers,Low Risk,0.15,16.21914893617021,Standard Value,Low,Use personalized promotions to increase customer engagement
17395.0,144,1,97.5,66,32.5,3,2,2,1,5,At Risk,High Risk,0.75,0.6724137931034483,Standard Value,High,Launch retention campaign and personalized offer
17396.0,7,7,1476.3000000000002,414,64.18695652173913,11,5,5,4,14,Champions,Low Risk,0.15,1291.7625000000003,Very High Value,Medium,Provide premium rewards and exclusive offers
17397.0,52,1,536.77,443,11.66891304347826,44,3,2,3,8,Potential Customers,Low Risk,0.15,10.127735849056604,Standard Value,Low,Use personalized promotions to increase customer engagement
17400.0,217,3,2547.090000000001,1102,9.504067164179109,209,1,4,5,10,Loyal Customers,High Risk,0.75,35.051697247706436,High Value,High,Launch retention campaign and personalized offer
17401.0,177,1,114.84999999999998,34,9.570833333333333,11,1,2,1,4,At Risk,High Risk,0.75,0.6452247191011234,Standard Value,High,Launch retention campaign and personalized offer
17402.0,5,12,2462.3299999999986,870,17.09951388888888,99,5,5,5,15,Champions,Low Risk,0.15,4924.659999999997,Very High Value,Medium,Provide premium rewards and exclusive offers
17403.0,86,1,118.95000000000005,77,9.150000000000002,13,2,2,1,5,At Risk,High Risk,0.75,1.3672413793103453,Standard Value,High,Launch retention campaign and personalized offer
17404.0,45,8,15874.299999999996,17931,168.8755319148936,53,3,5,5,13,Champions,Low Risk,0.15,2760.7478260869557,Very High Value,Medium,Provide premium rewards and exclusive offers
17406.0,2,11,2704.63,1337,18.524863013698628,88,5,5,5,15,Champions,Low Risk,0.15,9916.976666666667,Very High Value,Medium,Provide premium rewards and exclusive offers
17407.0,47,1,552.8999999999999,426,24.039130434782603,23,3,2,3,8,Potential Customers,Low Risk,0.15,11.518749999999997,Standard Value,Low,Use personalized promotions to increase customer engagement
17408.0,136,2,283.44000000000005,160,47.24000000000001,6,2,3,2,7,Potential Customers,High Risk,0.75,4.137810218978103,Standard Value,High,Launch retention campaign and personalized offer
17409.0,57,8,7021.659999999999,3984,77.1610989010989,40,3,5,5,13,Champions,High Risk,0.75,968.5048275862067,Very High Value,High,Launch retention campaign and personalized offer
17411.0,22,2,646.44,302,19.01294117647059,32,4,3,3,10,Loyal Customers,Low Risk,0.15,56.212173913043486,High Value,Medium,Maintain regular engagement and monitor customer activity
17412.0,8,10,3159.459999999999,1866,18.58505882352941,132,5,5,5,15,Champions,Low Risk,0.15,3510.51111111111,Very High Value,Medium,Provide premium rewards and exclusive offers
17413.0,40,2,560.1400000000001,302,56.01400000000001,10,3,3,3,9,Potential Customers,Low Risk,0.15,27.323902439024394,Standard Value,Low,Use personalized promotions to increase customer engagement
17414.0,59,4,1471.5200000000002,4156,98.10133333333334,6,3,4,4,11,Loyal Customers,High Risk,0.75,98.10133333333334,High Value,High,Launch retention campaign and personalized offer
17416.0,29,15,10405.030000000008,4467,31.72265243902441,224,4,5,5,14,Champions,Low Risk,0.15,5202.515000000004,Very High Value,Medium,Provide premium rewards and exclusive offers
17417.0,184,1,164.18,76,10.26125,16,1,2,1,4,At Risk,High Risk,0.75,0.8874594594594595,Standard Value,High,Launch retention campaign and personalized offer
17418.0,23,1,206.6,232,17.216666666666665,12,4,2,1,7,Potential Customers,Low Risk,0.15,8.608333333333333,Standard Value,Low,Use personalized promotions to increase customer engagement
17419.0,3,8,2273.9500000000003,1211,20.303125,81,5,5,5,15,Champions,Low Risk,0.15,4547.900000000001,Very High Value,Medium,Provide premium rewards and exclusive offers
17420.0,9,4,485.6,234,17.985185185185184,24,5,4,2,11,Loyal Customers,Low Risk,0.15,194.24,High Value,Medium,Maintain regular engagement and monitor customer activity
17421.0,22,3,1059.4100000000003,807,18.26568965517242,46,4,4,4,12,Loyal Customers,Low Risk,0.15,138.1839130434783,High Value,Medium,Maintain regular engagement and monitor customer activity
17422.0,17,5,1615.3900000000003,1285,18.356704545454548,75,4,4,4,12,Loyal Customers,Low Risk,0.15,448.71944444444455,Very High Value,Medium,Provide premium rewards and exclusive offers
17423.0,29,1,420.54,331,24.737647058823526,17,4,2,2,8,Potential Customers,Low Risk,0.15,14.018,Standard Value,Low,Use personalized promotions to increase customer engagement
17426.0,88,7,3040.51,2093,19.49044871794872,118,2,5,5,12,Loyal Customers,High Risk,0.75,239.14123595505617,High Value,High,Launch retention campaign and personalized offer
17428.0,4,18,14562.910000000024,8030,36.31648379052376,266,5,5,5,15,Champions,Low Risk,0.15,52426.47600000008,Very High Value,Medium,Provide premium rewards and exclusive offers
17429.0,32,2,832.5400000000001,662,14.866785714285715,53,4,3,3,10,Loyal Customers,Low Risk,0.15,50.4569696969697,High Value,Medium,Maintain regular engagement and monitor customer activity
17430.0,1,3,469.41,325,16.764642857142857,24,5,4,2,11,Loyal Customers,Low Risk,0.15,704.115,Very High Value,Medium,Provide premium rewards and exclusive offers
17432.0,21,7,1385.6300000000006,809,6.050786026200876,174,4,5,4,13,Champions,Low Risk,0.15,440.8822727272729,Very High Value,Medium,Provide premium rewards and exclusive offers
17433.0,21,1,266.80000000000007,120,6.8410256410256425,39,4,2,2,8,Potential Customers,Low Risk,0.15,12.12727272727273,Standard Value,Low,Use personalized promotions to increase customer engagement
17435.0,47,1,331.3500000000001,195,22.090000000000007,15,3,2,2,7,Potential Customers,Low Risk,0.15,6.903125000000002,Standard Value,Low,Use personalized promotions to increase customer engagement
17436.0,44,3,317.76,88,39.72,4,3,4,2,9,Potential Customers,Low Risk,0.15,21.184,Standard Value,Low,Use personalized promotions to increase customer engagement
17437.0,165,1,373.1699999999999,284,7.040943396226413,52,2,2,2,6,At Risk,High Risk,0.75,2.2480120481927703,Standard Value,High,Launch retention campaign and personalized offer
17438.0,80,4,1034.3200000000002,450,19.15407407407408,39,2,4,4,10,Loyal Customers,High Risk,0.75,51.07753086419754,High Value,High,Launch retention campaign and personalized offer
17439.0,291,1,325.74,370,40.7175,8,1,2,2,5,At Risk,High Risk,0.75,1.1155479452054795,Standard Value,High,Launch retention campaign and personalized offer
17440.0,185,1,137.16,36,137.16,1,1,2,1,4,At Risk,High Risk,0.75,0.7374193548387097,Standard Value,High,Launch retention campaign and personalized offer
17441.0,368,1,293.35,245,13.96904761904762,21,1,2,2,5,At Risk,High Risk,0.75,0.7949864498644987,Standard Value,High,Launch retention campaign and personalized offer
17442.0,17,9,2371.739999999999,1638,16.025270270270262,113,4,5,5,14,Champions,Low Risk,0.15,1185.8699999999994,Very High Value,Medium,Provide premium rewards and exclusive offers
17448.0,133,46,14556.96999999998,11548,13.032202327663368,569,2,5,5,12,Loyal Customers,High Risk,0.75,4997.168805970142,Very High Value,High,Launch retention campaign and personalized offer
17449.0,23,6,2430.290000000002,1413,7.570996884735208,182,4,5,5,14,Champions,Low Risk,0.15,607.5725000000004,Very High Value,Medium,Provide premium rewards and exclusive offers
17450.0,3,7,52422.30000000001,14727,602.5551724137932,80,5,5,5,15,Champions,Low Risk,0.15,91739.02500000002,Very High Value,Medium,Provide premium rewards and exclusive offers
17454.0,98,6,1030.41,484,15.85246153846154,51,2,5,4,11,Loyal Customers,High Risk,0.75,62.44909090909092,High Value,High,Launch retention campaign and personalized offer
17456.0,1,2,975.5600000000002,508,16.259333333333338,59,5,3,3,11,Loyal Customers,Low Risk,0.15,975.5600000000002,Very High Value,Medium,Provide premium rewards and exclusive offers
17457.0,15,9,4247.11,1869,94.38022222222222,20,5,5,5,15,Champions,Low Risk,0.15,2388.999375,Very High Value,Medium,Provide premium rewards and exclusive offers
17458.0,17,1,213.07999999999996,112,6.658749999999998,32,4,2,1,7,Potential Customers,Low Risk,0.15,11.837777777777776,Standard Value,Low,Use personalized promotions to increase customer engagement
17460.0,8,12,1605.840000000001,744,14.598545454545464,83,5,5,4,14,Champions,Low Risk,0.15,2141.1200000000013,Very High Value,Medium,Provide premium rewards and exclusive offers
17463.0,196,2,661.4999999999997,395,6.068807339449538,98,1,3,3,7,Potential Customers,High Risk,0.75,6.7157360406091335,Standard Value,High,Launch retention campaign and personalized offer
17464.0,158,2,710.98,432,21.544848484848487,28,2,3,3,8,Potential Customers,High Risk,0.75,8.94314465408805,Standard Value,High,Launch retention campaign and personalized offer
17465.0,61,7,2542.7899999999995,1477,17.906971830985913,103,3,5,5,13,Champions,High Risk,0.75,287.089193548387,High Value,High,Launch retention campaign and personalized offer
17467.0,31,1,102.6,20,25.65,4,4,2,1,7,Potential Customers,Low Risk,0.15,3.20625,Standard Value,Low,Use personalized promotions to increase customer engagement
17468.0,11,1,57.8,68,19.266666666666666,3,5,2,1,8,Potential Customers,Low Risk,0.15,4.816666666666666,Standard Value,Low,Use personalized promotions to increase customer engagement
17469.0,36,12,3180.279999999999,1517,17.76692737430167,126,4,5,5,14,Champions,Low Risk,0.15,1031.4421621621618,Very High Value,Medium,Provide premium rewards and exclusive offers
17470.0,3,7,1679.7999999999995,1168,19.08863636363636,62,5,5,4,14,Champions,Low Risk,0.15,2939.649999999999,Very High Value,Medium,Provide premium rewards and exclusive offers
17471.0,110,1,321.65,153,16.928947368421053,19,2,2,2,6,At Risk,High Risk,0.75,2.8977477477477476,Standard Value,High,Launch retention campaign and personalized offer
17472.0,264,1,224.80999999999992,96,4.587959183673468,48,1,2,1,4,At Risk,High Risk,0.75,0.8483396226415091,Standard Value,High,Launch retention campaign and personalized offer
17473.0,44,2,607.0,270,17.852941176470587,33,3,3,3,9,Potential Customers,Low Risk,0.15,26.977777777777778,Standard Value,Low,Use personalized promotions to increase customer engagement
17474.0,235,1,1047.0,200,174.5,6,1,2,4,7,Potential Customers,High Risk,0.75,4.436440677966102,Standard Value,High,Launch retention campaign and personalized offer
17476.0,31,2,489.86,224,15.801935483870968,29,4,3,2,9,Potential Customers,Low Risk,0.15,30.61625,Standard Value,Low,Use personalized promotions to increase customer engagement
17477.0,248,2,1144.3000000000002,225,26.006818181818183,44,1,3,4,8,Potential Customers,High Risk,0.75,9.19116465863454,Standard Value,High,Launch retention campaign and personalized offer
17478.0,44,2,1272.8,516,31.82,40,3,3,4,10,Loyal Customers,Low Risk,0.15,56.568888888888885,High Value,Medium,Maintain regular engagement and monitor customer activity
17479.0,268,1,389.25999999999993,266,21.62555555555555,18,1,2,2,5,At Risk,High Risk,0.75,1.4470631970260222,Standard Value,High,Launch retention campaign and personalized offer
17480.0,80,1,390.21,255,15.6084,24,2,2,2,6,At Risk,High Risk,0.75,4.817407407407408,Standard Value,High,Launch retention campaign and personalized offer
17482.0,123,2,778.1899999999999,241,14.410925925925923,50,2,3,3,8,Potential Customers,High Risk,0.75,12.551451612903225,Standard Value,High,Launch retention campaign and personalized offer
17483.0,50,1,177.69,74,25.384285714285717,7,3,2,1,6,At Risk,Low Risk,0.15,3.4841176470588233,Standard Value,Low,Maintain regular engagement and monitor customer activity
17484.0,212,2,209.57,339,14.969285714285714,14,1,3,1,5,At Risk,High Risk,0.75,1.9677934272300468,Standard Value,High,Launch retention campaign and personalized offer
17487.0,364,1,160.54999999999998,37,20.06875,8,1,2,1,4,At Risk,High Risk,0.75,0.43986301369863007,Standard Value,High,Launch retention campaign and personalized offer
17488.0,277,1,336.50000000000006,136,18.694444444444446,18,1,2,2,5,At Risk,High Risk,0.75,1.2104316546762592,Standard Value,High,Launch retention campaign and personalized offer
17490.0,24,2,658.18,397,16.4545,37,4,3,3,10,Loyal Customers,Low Risk,0.15,52.654399999999995,High Value,Medium,Maintain regular engagement and monitor customer activity
17491.0,3,8,2422.2,1617,33.18082191780822,52,5,5,5,15,Champions,Low Risk,0.15,4844.4,Very High Value,Medium,Provide premium rewards and exclusive offers
17492.0,114,2,747.85,295,27.69814814814815,23,2,3,3,8,Potential Customers,High Risk,0.75,13.00608695652174,Standard Value,High,Launch retention campaign and personalized offer
17493.0,21,1,100.91,62,12.61375,8,4,2,1,7,Potential Customers,Low Risk,0.15,4.586818181818182,Standard Value,Low,Use personalized promotions to increase customer engagement
17494.0,137,1,54.7,26,18.23333333333333,3,2,2,1,5,At Risk,High Risk,0.75,0.3963768115942029,Standard Value,High,Launch retention campaign and personalized offer
17495.0,26,1,309.16,138,14.721904761904764,21,4,2,2,8,Potential Customers,Low Risk,0.15,11.450370370370372,Standard Value,Low,Use personalized promotions to increase customer engagement
17496.0,199,3,1141.8399999999997,596,18.41677419354838,49,1,4,4,9,Potential Customers,High Risk,0.75,17.127599999999994,Standard Value,High,Launch retention campaign and personalized offer
17497.0,26,2,287.25,59,41.035714285714285,7,4,3,2,9,Potential Customers,Low Risk,0.15,21.27777777777778,Standard Value,Low,Use personalized promotions to increase customer engagement
17499.0,197,1,718.51,375,23.17774193548387,31,1,2,3,6,At Risk,High Risk,0.75,3.6288383838383838,Standard Value,High,Launch retention campaign and personalized offer
17504.0,16,9,6568.089999999997,3853,29.99127853881277,160,4,5,5,14,Champions,Low Risk,0.15,3477.2241176470575,Very High Value,Medium,Provide premium rewards and exclusive offers
17505.0,186,3,1289.64,686,25.7928,47,1,4,4,9,Potential Customers,High Risk,0.75,20.689411764705884,Standard Value,High,Launch retention campaign and personalized offer
17508.0,17,7,4191.919999999999,2602,20.057033492822963,180,4,5,5,14,Champions,Low Risk,0.15,1630.1911111111108,Very High Value,Medium,Provide premium rewards and exclusive offers
17510.0,56,1,206.08000000000004,208,13.738666666666669,15,3,2,1,6,At Risk,High Risk,0.75,3.615438596491229,Standard Value,High,Launch retention campaign and personalized offer
17511.0,3,31,84541.1699999999,55107,89.1784493670885,423,5,5,5,15,Champions,Low Risk,0.15,655194.0674999992,Very High Value,Medium,Provide premium rewards and exclusive offers
17512.0,88,8,2542.830000000001,2681,27.639456521739135,64,2,5,5,12,Loyal Customers,High Risk,0.75,228.56898876404503,High Value,High,Launch retention campaign and personalized offer
17513.0,44,2,645.5999999999999,186,53.79999999999999,12,3,3,3,9,Potential Customers,Low Risk,0.15,28.693333333333328,Standard Value,Low,Use personalized promotions to increase customer engagement
17514.0,305,1,334.18000000000006,160,7.110212765957448,41,1,2,2,5,At Risk,High Risk,0.75,1.092091503267974,Standard Value,High,Launch retention campaign and personalized offer
17515.0,30,5,978.4400000000004,285,10.520860215053768,76,4,4,3,11,Loyal Customers,Low Risk,0.15,157.8129032258065,High Value,Medium,Maintain regular engagement and monitor customer activity
17516.0,14,1,189.47,111,3.2113559322033893,55,5,2,1,8,Potential Customers,Low Risk,0.15,12.631333333333334,Standard Value,Low,Use personalized promotions to increase customer engagement
17518.0,61,2,329.42,267,4.278181818181817,71,3,3,2,8,Potential Customers,High Risk,0.75,10.626451612903226,Standard Value,High,Launch retention campaign and personalized offer
17519.0,4,10,3265.449999999999,2178,23.324642857142848,112,5,5,5,15,Champions,Low Risk,0.15,6530.899999999998,Very High Value,Medium,Provide premium rewards and exclusive offers
17521.0,30,2,554.85,287,16.813636363636363,29,4,3,3,10,Loyal Customers,Low Risk,0.15,35.79677419354839,High Value,Medium,Maintain regular engagement and monitor customer activity
17524.0,74,2,394.13999999999993,272,10.65243243243243,34,2,3,2,7,Potential Customers,High Risk,0.75,10.510399999999999,Standard Value,High,Launch retention campaign and personalized offer
17525.0,33,2,739.1999999999998,256,43.48235294117646,13,4,3,3,10,Loyal Customers,Low Risk,0.15,43.48235294117646,High Value,Medium,Maintain regular engagement and monitor customer activity
17526.0,1,9,2970.139999999999,1172,38.07871794871794,60,5,5,5,15,Champions,Low Risk,0.15,13365.629999999996,Very High Value,Medium,Provide premium rewards and exclusive offers
17529.0,246,2,1240.2500000000002,790,15.125000000000004,78,1,3,4,8,Potential Customers,High Risk,0.75,10.042510121457491,Standard Value,High,Launch retention campaign and personalized offer
17530.0,1,3,756.5099999999996,439,4.612865853658534,130,5,4,3,12,Loyal Customers,Low Risk,0.15,1134.7649999999994,Very High Value,Medium,Provide premium rewards and exclusive offers
17531.0,163,2,970.12,336,22.048181818181817,43,2,3,3,8,Potential Customers,High Risk,0.75,11.830731707317073,Standard Value,High,Launch retention campaign and personalized offer
17532.0,21,1,65.34,30,16.335,4,4,2,1,7,Potential Customers,Low Risk,0.15,2.97,Standard Value,Low,Use personalized promotions to increase customer engagement
17533.0,70,1,34.8,24,34.8,1,3,2,1,6,At Risk,High Risk,0.75,0.4901408450704225,Standard Value,High,Launch retention campaign and personalized offer
17534.0,87,4,1445.4699999999998,757,17.415301204819276,69,2,4,4,10,Loyal Customers,High Risk,0.75,65.7031818181818,High Value,High,Launch retention campaign and personalized offer
17536.0,56,2,288.33,195,22.179230769230767,13,3,3,2,8,Potential Customers,High Risk,0.75,10.116842105263157,Standard Value,High,Launch retention campaign and personalized offer
17539.0,253,4,1226.5700000000006,747,8.232013422818795,132,1,4,4,9,Potential Customers,High Risk,0.75,19.316062992125993,Standard Value,High,Launch retention campaign and personalized offer
17540.0,19,4,1011.6999999999998,394,25.94102564102564,28,4,4,4,12,Loyal Customers,Low Risk,0.15,202.33999999999997,High Value,Medium,Maintain regular engagement and monitor customer activity
17541.0,145,1,124.46000000000004,46,3.771515151515153,31,2,2,1,5,At Risk,High Risk,0.75,0.8524657534246578,Standard Value,High,Launch retention campaign and personalized offer
17542.0,277,2,170.94999999999993,190,4.273749999999998,34,1,3,1,5,At Risk,High Risk,0.75,1.2298561151079133,Standard Value,High,Launch retention campaign and personalized offer
17543.0,185,1,120.04999999999998,62,9.234615384615385,13,1,2,1,4,At Risk,High Risk,0.75,0.6454301075268817,Standard Value,High,Launch retention campaign and personalized offer
17544.0,26,3,960.69,439,10.44228260869565,80,4,4,3,11,Loyal Customers,Low Risk,0.15,106.74333333333334,High Value,Medium,Maintain regular engagement and monitor customer activity
17545.0,26,3,802.5800000000005,392,6.034436090225568,112,4,4,3,11,Loyal Customers,Low Risk,0.15,89.17555555555562,High Value,Medium,Maintain regular engagement and monitor customer activity
17547.0,11,2,727.8499999999999,223,23.479032258064517,22,5,3,3,11,Loyal Customers,Low Risk,0.15,121.30833333333332,High Value,Medium,Maintain regular engagement and monitor customer activity
17548.0,14,3,627.9599999999998,436,21.65379310344827,17,5,4,3,12,Loyal Customers,Low Risk,0.15,125.59199999999996,High Value,Medium,Maintain regular engagement and monitor customer activity
17550.0,33,6,2280.4800000000005,903,7.809863013698632,218,4,5,5,14,Champions,Low Risk,0.15,402.4376470588236,Very High Value,Medium,Provide premium rewards and exclusive offers
17552.0,8,10,2154.880000000001,1376,20.139065420560755,64,5,5,5,15,Champions,Low Risk,0.15,2394.311111111112,Very High Value,Medium,Provide premium rewards and exclusive offers
17553.0,108,3,2270.0,1240,567.5,2,2,4,5,11,Loyal Customers,High Risk,0.75,62.477064220183486,High Value,High,Launch retention campaign and personalized offer
17555.0,61,3,574.48,398,3.4607228915662653,137,3,4,3,10,Loyal Customers,High Risk,0.75,27.79741935483871,Standard Value,High,Launch retention campaign and personalized offer
17556.0,15,1,142.77,83,17.84625,8,5,2,1,8,Potential Customers,Low Risk,0.15,8.923125,Standard Value,Low,Use personalized promotions to increase customer engagement
17557.0,368,1,34.0,4,34.0,1,1,2,1,4,At Risk,High Risk,0.75,0.0921409214092141,Standard Value,High,Launch retention campaign and personalized offer
17558.0,29,1,259.17,54,9.25607142857143,28,4,2,2,8,Potential Customers,Low Risk,0.15,8.639000000000001,Standard Value,Low,Use personalized promotions to increase customer engagement
17559.0,148,1,167.62,270,13.968333333333334,12,2,2,1,5,At Risk,High Risk,0.75,1.1249664429530202,Standard Value,High,Launch retention campaign and personalized offer
17560.0,31,4,1040.85,953,35.891379310344824,21,4,4,4,12,Loyal Customers,Low Risk,0.15,130.10625,High Value,Medium,Maintain regular engagement and monitor customer activity
17561.0,26,3,554.7199999999998,250,3.5332484076433106,129,4,4,3,11,Loyal Customers,Low Risk,0.15,61.635555555555534,High Value,Medium,Maintain regular engagement and monitor customer activity
17563.0,214,2,392.38,256,13.530344827586209,27,1,3,2,6,At Risk,High Risk,0.75,3.650046511627907,Standard Value,High,Launch retention campaign and personalized offer
17565.0,222,1,131.83,67,4.394333333333334,30,1,2,1,4,At Risk,High Risk,0.75,0.5911659192825113,Standard Value,High,Launch retention campaign and personalized offer
17567.0,8,2,1024.5500000000002,520,17.664655172413795,57,5,3,4,12,Loyal Customers,Low Risk,0.15,227.6777777777778,High Value,Medium,Maintain regular engagement and monitor customer activity
17568.0,269,1,382.7899999999998,283,5.88907692307692,61,1,2,2,5,At Risk,High Risk,0.75,1.41774074074074,Standard Value,High,Launch retention campaign and personalized offer
17570.0,17,1,100.0,1,100.0,1,4,2,1,7,Potential Customers,Low Risk,0.15,5.555555555555555,Standard Value,Low,Use personalized promotions to increase customer engagement
17571.0,178,1,205.24,115,3.800740740740741,53,1,2,1,4,At Risk,High Risk,0.75,1.1465921787709499,Standard Value,High,Launch retention campaign and personalized offer
17572.0,9,7,496.2599999999999,256,20.677499999999995,13,5,5,2,12,Loyal Customers,Low Risk,0.15,347.38199999999995,Very High Value,Medium,Provide premium rewards and exclusive offers
17575.0,303,1,171.7,72,34.34,5,1,2,1,4,At Risk,High Risk,0.75,0.5648026315789473,Standard Value,High,Launch retention campaign and personalized offer
17576.0,1,23,5434.130000000004,2746,10.51088974854933,234,5,5,5,15,Champions,Low Risk,0.15,62492.495000000046,Very High Value,Medium,Provide premium rewards and exclusive offers
17577.0,281,2,348.74999999999994,179,16.607142857142854,20,1,3,2,6,At Risk,High Risk,0.75,2.4734042553191484,Standard Value,High,Launch retention campaign and personalized offer
17578.0,110,6,903.8700000000003,391,15.064500000000006,52,2,5,3,10,Loyal Customers,High Risk,0.75,48.857837837837856,High Value,High,Launch retention campaign and personalized offer
17579.0,214,1,304.37999999999994,117,6.917727272727271,43,1,2,2,5,At Risk,High Risk,0.75,1.415720930232558,Standard Value,High,Launch retention campaign and personalized offer
17580.0,12,2,329.54999999999995,136,6.590999999999999,39,5,3,2,10,Loyal Customers,Low Risk,0.15,50.699999999999996,High Value,Medium,Maintain regular engagement and monitor customer activity
17581.0,8,20,7712.709999999994,4045,18.811487804878038,248,5,5,5,15,Champions,Low Risk,0.15,17139.35555555554,Very High Value,Medium,Provide premium rewards and exclusive offers
17582.0,82,4,1275.4300000000003,483,13.425578947368423,78,2,4,4,10,Loyal Customers,High Risk,0.75,61.4665060240964,High Value,High,Launch retention campaign and personalized offer
17583.0,196,1,135.95,55,19.42142857142857,7,1,2,1,4,At Risk,High Risk,0.75,0.6901015228426395,Standard Value,High,Launch retention campaign and personalized offer
17584.0,103,4,4067.119999999999,2006,45.69797752808988,73,2,4,5,11,Loyal Customers,High Risk,0.75,156.42769230769227,High Value,High,Launch retention campaign and personalized offer
17585.0,81,3,960.2300000000002,868,5.247158469945356,147,2,4,3,9,Potential Customers,High Risk,0.75,35.130365853658546,High Value,High,Launch retention campaign and personalized offer
17586.0,255,1,167.4,68,20.925,8,1,2,1,4,At Risk,High Risk,0.75,0.65390625,Standard Value,High,Launch retention campaign and personalized offer
17587.0,264,1,181.66000000000005,68,4.224651162790698,42,1,2,1,4,At Risk,High Risk,0.75,0.6855094339622644,Standard Value,High,Launch retention campaign and personalized offer
17588.0,32,4,1699.35,703,35.403125,29,4,4,4,12,Loyal Customers,Low Risk,0.15,205.98181818181817,High Value,Medium,Maintain regular engagement and monitor customer activity
17589.0,21,14,11645.7,7157,10.68412844036697,526,4,5,5,14,Champions,Low Risk,0.15,7410.900000000001,Very High Value,Medium,Provide premium rewards and exclusive offers
17591.0,3,2,550.6999999999996,164,5.399019607843133,79,5,3,3,11,Loyal Customers,Low Risk,0.15,275.3499999999998,High Value,Medium,Maintain regular engagement and monitor customer activity
17592.0,374,1,148.3,38,11.407692307692308,13,1,2,1,4,At Risk,High Risk,0.75,0.3954666666666667,Standard Value,High,Launch retention campaign and personalized offer
17593.0,45,6,4168.46,2506,21.26765306122449,146,3,5,5,13,Champions,Low Risk,0.15,543.7121739130436,Very High Value,Medium,Provide premium rewards and exclusive offers
17594.0,85,2,1504.6999999999998,818,27.86481481481481,46,2,3,4,9,Potential Customers,High Risk,0.75,34.99302325581395,High Value,High,Launch retention campaign and personalized offer
17596.0,4,7,2092.74,3219,7.291777003484318,184,5,5,4,14,Champions,Low Risk,0.15,2929.836,Very High Value,Medium,Provide premium rewards and exclusive offers
17597.0,54,4,1439.7199999999991,1039,19.72219178082191,62,3,4,4,11,Loyal Customers,High Risk,0.75,104.70690909090902,High Value,High,Launch retention campaign and personalized offer
17598.0,17,1,409.98,126,40.998000000000005,10,4,2,2,8,Potential Customers,Low Risk,0.15,22.776666666666667,Standard Value,Low,Use personalized promotions to increase customer engagement
17599.0,113,1,52.05,11,17.349999999999998,3,2,2,1,5,At Risk,High Risk,0.75,0.45657894736842103,Standard Value,High,Launch retention campaign and personalized offer
17601.0,16,1,305.4699999999998,196,4.55925373134328,60,4,2,2,8,Potential Customers,Low Risk,0.15,17.968823529411754,Standard Value,Low,Use personalized promotions to increase customer engagement
17602.0,108,8,2348.1600000000003,1785,6.398256130790192,210,2,5,5,12,Loyal Customers,High Risk,0.75,172.34201834862387,High Value,High,Launch retention campaign and personalized offer
17603.0,253,3,1398.760000000001,566,14.570416666666675,93,1,4,4,9,Potential Customers,High Risk,0.75,16.520787401574815,Standard Value,High,Launch retention campaign and personalized offer
17604.0,58,4,636.5700000000003,447,4.330408163265308,106,3,4,3,10,Loyal Customers,High Risk,0.75,43.15728813559324,High Value,High,Launch retention campaign and personalized offer
17605.0,226,1,160.75,71,12.365384615384617,13,1,2,1,4,At Risk,High Risk,0.75,0.7081497797356828,Standard Value,High,Launch retention campaign and personalized offer
17606.0,373,1,87.30000000000001,42,14.550000000000002,6,1,2,1,4,At Risk,High Risk,0.75,0.23342245989304816,Standard Value,High,Launch retention campaign and personalized offer
17607.0,12,1,333.81000000000006,269,15.17318181818182,22,5,2,2,9,Potential Customers,Low Risk,0.15,25.67769230769231,Standard Value,Low,Use personalized promotions to increase customer engagement
17608.0,85,2,305.11,307,2.7737272727272724,90,2,3,2,7,Potential Customers,High Risk,0.75,7.095581395348837,Standard Value,High,Launch retention campaign and personalized offer
17609.0,38,6,782.12,602,5.145526315789474,143,3,5,3,11,Loyal Customers,Low Risk,0.15,120.32615384615386,High Value,Medium,Maintain regular engagement and monitor customer activity
17610.0,176,5,1529.490000000001,902,9.741974522293,114,2,4,4,10,Loyal Customers,High Risk,0.75,43.20593220338986,High Value,High,Launch retention campaign and personalized offer
17611.0,57,13,4387.759999999994,2796,8.006861313868601,403,3,5,5,13,Champions,High Risk,0.75,983.4634482758606,Very High Value,High,Launch retention campaign and personalized offer
17612.0,15,12,3346.4100000000026,1713,16.323951219512207,130,5,5,5,15,Champions,Low Risk,0.15,2509.8075000000017,Very High Value,Medium,Provide premium rewards and exclusive offers
17615.0,23,3,403.5999999999999,246,8.968888888888888,35,4,4,2,10,Loyal Customers,Low Risk,0.15,50.44999999999999,High Value,Medium,Maintain regular engagement and monitor customer activity
17616.0,3,2,489.6,192,244.8,1,5,3,2,10,Loyal Customers,Low Risk,0.15,244.8,High Value,Medium,Maintain regular engagement and monitor customer activity
17617.0,194,1,395.3299999999999,255,20.806842105263154,18,1,2,2,5,At Risk,High Risk,0.75,2.027333333333333,Standard Value,High,Launch retention campaign and personalized offer
17618.0,19,8,3101.6599999999994,1489,10.443299663299662,175,4,5,5,14,Champions,Low Risk,0.15,1240.6639999999998,Very High Value,Medium,Provide premium rewards and exclusive offers
17621.0,40,3,1795.22,596,44.8805,40,3,4,4,11,Loyal Customers,Low Risk,0.15,131.35756097560974,High Value,Medium,Maintain regular engagement and monitor customer activity
17622.0,233,2,1130.2099999999998,379,29.74236842105263,19,1,3,4,8,Potential Customers,High Risk,0.75,9.659914529914529,Standard Value,High,Launch retention campaign and personalized offer
17623.0,45,6,1856.62,536,11.390306748466257,108,3,5,4,12,Loyal Customers,Low Risk,0.15,242.1678260869565,High Value,Medium,Maintain regular engagement and monitor customer activity
17624.0,73,2,725.1500000000002,404,15.428723404255324,46,2,3,3,8,Potential Customers,High Risk,0.75,19.598648648648656,Standard Value,High,Launch retention campaign and personalized offer
17625.0,82,4,4020.800000000003,2353,10.362886597938152,304,2,4,5,11,Loyal Customers,High Risk,0.75,193.77349397590376,High Value,High,Launch retention campaign and personalized offer
17626.0,238,1,254.0,202,14.11111111111111,18,1,2,2,5,At Risk,High Risk,0.75,1.0627615062761506,Standard Value,High,Launch retention campaign and personalized offer
17627.0,114,1,296.36000000000007,676,29.636000000000006,10,2,2,2,6,At Risk,High Risk,0.75,2.57704347826087,Standard Value,High,Launch retention campaign and personalized offer
17629.0,24,2,641.4000000000001,274,19.43636363636364,29,4,3,3,10,Loyal Customers,Low Risk,0.15,51.312000000000005,High Value,Medium,Maintain regular engagement and monitor customer activity
17631.0,10,4,470.16,257,15.672,28,5,4,2,11,Loyal Customers,Low Risk,0.15,170.96727272727273,High Value,Medium,Maintain regular engagement and monitor customer activity
17633.0,15,3,732.55,255,23.63064516129032,29,5,4,3,12,Loyal Customers,Low Risk,0.15,137.35312499999998,High Value,Medium,Maintain regular engagement and monitor customer activity
17635.0,60,3,1265.58,770,17.10243243243243,60,3,4,4,11,Loyal Customers,High Risk,0.75,62.24163934426229,High Value,High,Launch retention campaign and personalized offer
17638.0,283,2,842.4,432,280.8,2,1,3,3,7,Potential Customers,High Risk,0.75,5.932394366197183,Standard Value,High,Launch retention campaign and personalized offer
17639.0,23,5,506.6700000000001,527,7.037083333333334,54,4,4,3,11,Loyal Customers,Low Risk,0.15,105.55625000000002,High Value,Medium,Maintain regular engagement and monitor customer activity
17640.0,15,5,2547.2800000000007,1442,41.75868852459018,47,5,4,5,14,Champions,Low Risk,0.15,796.0250000000002,Very High Value,Medium,Provide premium rewards and exclusive offers
17642.0,65,3,1112.2000000000005,1001,16.35588235294118,58,3,4,4,11,Loyal Customers,High Risk,0.75,50.554545454545476,High Value,High,Launch retention campaign and personalized offer
17643.0,9,2,439.69999999999993,226,14.183870967741932,30,5,3,2,10,Loyal Customers,Low Risk,0.15,87.93999999999998,High Value,Medium,Maintain regular engagement and monitor customer activity
17644.0,30,9,3132.959999999999,1676,18.42917647058823,89,4,5,5,14,Champions,Low Risk,0.15,909.5690322580642,Very High Value,Medium,Provide premium rewards and exclusive offers
17646.0,1,10,3141.3999999999987,1095,20.39870129870129,101,5,5,5,15,Champions,Low Risk,0.15,15706.999999999993,Very High Value,Medium,Provide premium rewards and exclusive offers
17647.0,305,2,198.6,52,39.71999999999999,5,1,3,1,5,At Risk,High Risk,0.75,1.2980392156862746,Standard Value,High,Launch retention campaign and personalized offer
17648.0,21,1,418.8700000000001,467,12.319705882352944,34,4,2,2,8,Potential Customers,Low Risk,0.15,19.03954545454546,Standard Value,Low,Use personalized promotions to increase customer engagement
17649.0,105,2,710.4000000000001,324,15.443478260869568,45,2,3,3,8,Potential Customers,High Risk,0.75,13.403773584905663,Standard Value,High,Launch retention campaign and personalized offer
17651.0,134,6,1758.5200000000004,974,17.585200000000004,84,2,5,4,11,Loyal Customers,High Risk,0.75,78.15644444444446,High Value,High,Launch retention campaign and personalized offer
17655.0,2,3,1013.54,426,34.9496551724138,26,5,4,4,13,Champions,Low Risk,0.15,1013.54,Very High Value,Medium,Provide premium rewards and exclusive offers
17657.0,66,1,126.0,60,18.0,7,3,2,1,6,At Risk,High Risk,0.75,1.8805970149253732,Standard Value,High,Launch retention campaign and personalized offer
17659.0,8,3,835.33,291,18.15934782608696,37,5,4,3,12,Loyal Customers,Low Risk,0.15,278.4433333333334,High Value,Medium,Maintain regular engagement and monitor customer activity
17660.0,373,1,163.46999999999997,138,3.715227272727272,42,1,2,1,4,At Risk,High Risk,0.75,0.43708556149732614,Standard Value,High,Launch retention campaign and personalized offer
17662.0,297,2,412.9200000000001,184,27.52800000000001,14,1,3,2,6,At Risk,High Risk,0.75,2.771275167785235,Standard Value,High,Launch retention campaign and personalized offer
17663.0,53,10,3372.919999999998,1500,22.190263157894723,112,3,5,5,13,Champions,Low Risk,0.15,624.6148148148144,Very High Value,Medium,Provide premium rewards and exclusive offers
17664.0,110,2,561.59,454,15.178108108108107,31,2,3,3,8,Potential Customers,High Risk,0.75,10.11873873873874,Standard Value,High,Launch retention campaign and personalized offer
17665.0,129,1,563.1,690,29.63684210526316,19,2,2,3,7,Potential Customers,High Risk,0.75,4.331538461538462,Standard Value,High,Launch retention campaign and personalized offer
17666.0,113,3,1319.64,956,50.75538461538461,17,2,4,4,10,Loyal Customers,High Risk,0.75,34.72736842105263,High Value,High,Launch retention campaign and personalized offer
17667.0,71,4,1895.1900000000007,1159,16.624473684210532,83,3,4,4,11,Loyal Customers,High Risk,0.75,105.28833333333337,High Value,High,Launch retention campaign and personalized offer
17669.0,98,3,2735.63,1589,35.995131578947365,56,2,4,5,11,Loyal Customers,High Risk,0.75,82.89787878787878,High Value,High,Launch retention campaign and personalized offer
17671.0,1,2,830.63,405,21.29820512820513,33,5,3,3,11,Loyal Customers,Low Risk,0.15,830.63,Very High Value,Medium,Provide premium rewards and exclusive offers
17672.0,53,5,2600.46,1068,27.088124999999994,93,3,4,5,12,Loyal Customers,Low Risk,0.15,240.78333333333333,High Value,Medium,Maintain regular engagement and monitor customer activity
17673.0,11,7,2604.460000000001,1851,8.888941979522187,151,5,5,5,15,Champions,Low Risk,0.15,1519.268333333334,Very High Value,Medium,Provide premium rewards and exclusive offers
17674.0,4,1,300.66,349,27.33272727272728,11,5,2,2,9,Potential Customers,Low Risk,0.15,60.132000000000005,High Value,Medium,Use personalized promotions to increase customer engagement
17675.0,3,40,17885.32,8056,42.28208037825059,174,5,5,5,15,Champions,Low Risk,0.15,178853.2,Very High Value,Medium,Provide premium rewards and exclusive offers
17676.0,2,5,1378.16,1000,16.025116279069767,57,5,4,4,13,Champions,Low Risk,0.15,2296.9333333333334,Very High Value,Medium,Provide premium rewards and exclusive offers
17677.0,2,28,20329.68000000003,12161,49.8276470588236,238,5,5,5,15,Champions,Low Risk,0.15,189743.68000000028,Very High Value,Medium,Provide premium rewards and exclusive offers
17678.0,239,1,301.6500000000001,161,25.137500000000006,12,1,2,2,5,At Risk,High Risk,0.75,1.2568750000000004,Standard Value,High,Launch retention campaign and personalized offer
17679.0,157,5,1585.5000000000002,1026,31.08823529411765,41,2,4,4,10,Loyal Customers,High Risk,0.75,50.174050632911396,High Value,High,Launch retention campaign and personalized offer
17680.0,19,2,313.05,59,34.78333333333333,9,4,3,2,9,Potential Customers,Low Risk,0.15,31.305,Standard Value,Low,Use personalized promotions to increase customer engagement
17681.0,233,5,731.2,450,52.22857142857144,12,1,4,3,8,Potential Customers,High Risk,0.75,15.623931623931623,Standard Value,High,Launch retention campaign and personalized offer
17682.0,4,6,1982.4500000000005,1124,16.52041666666667,61,5,5,4,14,Champions,Low Risk,0.15,2378.9400000000005,Very High Value,Medium,Provide premium rewards and exclusive offers
17683.0,21,3,819.01,781,17.804565217391303,41,4,4,3,11,Loyal Customers,Low Risk,0.15,111.68318181818181,High Value,Medium,Maintain regular engagement and monitor customer activity
17685.0,8,6,2751.639999999999,1898,33.152289156626495,58,5,5,5,15,Champions,Low Risk,0.15,1834.4266666666658,Very High Value,Medium,Provide premium rewards and exclusive offers
17686.0,59,2,2557.3500000000004,1105,17.883566433566436,127,3,3,5,11,Loyal Customers,High Risk,0.75,85.24500000000002,High Value,High,Launch retention campaign and personalized offer
17687.0,56,1,432.68,210,16.64153846153846,26,3,2,2,7,Potential Customers,High Risk,0.75,7.590877192982457,Standard Value,High,Launch retention campaign and personalized offer
17688.0,29,1,304.20000000000005,114,16.010526315789477,19,4,2,2,8,Potential Customers,Low Risk,0.15,10.140000000000002,Standard Value,Low,Use personalized promotions to increase customer engagement
17689.0,24,2,317.08000000000004,300,14.412727272727274,17,4,3,2,9,Potential Customers,Low Risk,0.15,25.366400000000002,Standard Value,Low,Use personalized promotions to increase customer engagement
17690.0,2,8,2690.15,1353,21.18228346456693,99,5,5,5,15,Champions,Low Risk,0.15,7173.733333333334,Very High Value,Medium,Provide premium rewards and exclusive offers
17691.0,4,3,489.6499999999999,239,14.837878787878786,31,5,4,2,11,Loyal Customers,Low Risk,0.15,293.78999999999996,High Value,Medium,Maintain regular engagement and monitor customer activity
17692.0,32,8,2234.86,1666,19.26603448275862,67,4,5,5,14,Champions,Low Risk,0.15,541.7842424242425,Very High Value,Medium,Provide premium rewards and exclusive offers
17694.0,147,2,1412.85,1309,21.40681818181818,45,2,3,4,9,Potential Customers,High Risk,0.75,19.092567567567567,Standard Value,High,Launch retention campaign and personalized offer
17695.0,30,3,980.7,1030,37.71923076923077,20,4,4,3,11,Loyal Customers,Low Risk,0.15,94.90645161290324,High Value,Medium,Maintain regular engagement and monitor customer activity
17696.0,18,19,5393.879999999998,4135,21.575519999999997,155,4,5,5,14,Champions,Low Risk,0.15,5393.879999999998,Very High Value,Medium,Provide premium rewards and exclusive offers
17699.0,112,2,441.9999999999999,208,23.263157894736835,17,2,3,2,7,Potential Customers,High Risk,0.75,7.82300884955752,Standard Value,High,Launch retention campaign and personalized offer
17700.0,17,10,4145.329999999997,2203,19.015275229357787,173,4,5,5,14,Champions,Low Risk,0.15,2302.96111111111,Very High Value,Medium,Provide premium rewards and exclusive offers
17702.0,19,2,1319.6700000000003,800,16.7046835443038,69,4,3,4,11,Loyal Customers,Low Risk,0.15,131.96700000000004,High Value,Medium,Maintain regular engagement and monitor customer activity
17703.0,54,1,296.1,307,12.87391304347826,23,3,2,2,7,Potential Customers,High Risk,0.75,5.383636363636364,Standard Value,High,Launch retention campaign and personalized offer
17705.0,91,2,260.38,338,15.316470588235294,16,2,3,2,7,Potential Customers,High Risk,0.75,5.660434782608696,Standard Value,High,Launch retention campaign and personalized offer
17706.0,2,17,10245.48999999999,4150,26.750626631853763,274,5,5,5,15,Champions,Low Risk,0.15,58057.776666666614,Very High Value,Medium,Provide premium rewards and exclusive offers
17707.0,12,6,456.8999999999999,402,24.047368421052628,9,5,5,2,12,Loyal Customers,Low Risk,0.15,210.87692307692305,High Value,Medium,Maintain regular engagement and monitor customer activity
17708.0,38,2,620.8500000000001,297,15.919230769230772,37,3,3,3,9,Potential Customers,Low Risk,0.15,31.838461538461544,Standard Value,Low,Use personalized promotions to increase customer engagement
17709.0,106,4,533.5600000000001,278,16.16848484848485,31,2,4,3,9,Potential Customers,High Risk,0.75,19.94616822429907,Standard Value,High,Launch retention campaign and personalized offer
17710.0,59,1,293.49999999999994,158,14.674999999999995,20,3,2,2,7,Potential Customers,High Risk,0.75,4.891666666666666,Standard Value,High,Launch retention campaign and personalized offer
17713.0,18,4,1198.09,989,15.76434210526316,55,4,4,4,12,Loyal Customers,Low Risk,0.15,252.22947368421052,High Value,Medium,Maintain regular engagement and monitor customer activity
17714.0,60,4,1257.18,516,17.706760563380282,60,3,4,4,11,Loyal Customers,High Risk,0.75,82.43803278688524,High Value,High,Launch retention campaign and personalized offer
17715.0,228,1,163.2,192,163.2,1,1,2,1,4,At Risk,High Risk,0.75,0.7126637554585152,Standard Value,High,Launch retention campaign and personalized offer
17716.0,32,13,10300.97999999999,5747,28.93533707865166,208,4,5,5,14,Champions,Low Risk,0.15,4057.9618181818146,Very High Value,Medium,Provide premium rewards and exclusive offers
17717.0,57,1,376.9199999999999,344,14.496923076923071,26,3,2,2,7,Potential Customers,High Risk,0.75,6.498620689655171,Standard Value,High,Launch retention campaign and personalized offer
17718.0,280,1,299.8299999999999,191,17.637058823529408,17,1,2,2,5,At Risk,High Risk,0.75,1.0670106761565834,Standard Value,High,Launch retention campaign and personalized offer
17720.0,3,7,1572.9700000000005,1037,18.95144578313253,62,5,5,4,14,Champions,Low Risk,0.15,2752.6975000000007,Very High Value,Medium,Provide premium rewards and exclusive offers
17721.0,295,1,307.21000000000004,107,27.928181818181823,11,1,2,2,5,At Risk,High Risk,0.75,1.0378716216216217,Standard Value,High,Launch retention campaign and personalized offer
17722.0,2,2,2006.32,1342,19.29153846153846,101,5,3,4,12,Loyal Customers,Low Risk,0.15,1337.5466666666666,Very High Value,Medium,Provide premium rewards and exclusive offers
17723.0,11,1,102.0,120,51.0,2,5,2,1,8,Potential Customers,Low Risk,0.15,8.5,Standard Value,Low,Use personalized promotions to increase customer engagement
17726.0,31,7,1092.06,444,17.0634375,52,4,5,4,13,Champions,Low Risk,0.15,238.888125,High Value,Medium,Maintain regular engagement and monitor customer activity
17728.0,40,2,1362.7500000000002,677,17.250000000000004,79,3,3,4,10,Loyal Customers,Low Risk,0.15,66.47560975609757,High Value,Medium,Maintain regular engagement and monitor customer activity
17729.0,232,1,438.6500000000001,247,19.071739130434786,23,1,2,2,5,At Risk,High Risk,0.75,1.8826180257510734,Standard Value,High,Launch retention campaign and personalized offer
17730.0,18,7,2475.3199999999997,1724,25.784583333333327,75,4,5,5,14,Champions,Low Risk,0.15,911.9599999999999,Very High Value,Medium,Provide premium rewards and exclusive offers
17731.0,257,2,468.88000000000005,214,14.652500000000002,30,1,3,2,6,At Risk,High Risk,0.75,3.634728682170543,Standard Value,High,Launch retention campaign and personalized offer
17732.0,8,8,2166.4200000000005,1058,17.75754098360656,90,5,5,5,15,Champions,Low Risk,0.15,1925.7066666666672,Very High Value,Medium,Provide premium rewards and exclusive offers
17734.0,161,3,741.69,319,17.248604651162793,40,2,4,3,9,Potential Customers,High Risk,0.75,13.735000000000001,Standard Value,High,Launch retention campaign and personalized offer
17735.0,3,8,4134.909999999996,2462,20.07237864077668,139,5,5,5,15,Champions,Low Risk,0.15,8269.819999999992,Very High Value,Medium,Provide premium rewards and exclusive offers
17738.0,31,9,2304.51,1747,17.327142857142857,103,4,5,5,14,Champions,Low Risk,0.15,648.1434375000001,Very High Value,Medium,Provide premium rewards and exclusive offers
17739.0,10,11,4939.239999999995,1474,48.42392156862741,44,5,5,5,15,Champions,Low Risk,0.15,4939.239999999995,Very High Value,Medium,Provide premium rewards and exclusive offers
17740.0,25,6,426.9,222,47.43333333333334,5,4,5,2,11,Loyal Customers,Low Risk,0.15,98.5153846153846,High Value,Medium,Maintain regular engagement and monitor customer activity
17741.0,42,2,101.1,114,16.849999999999998,6,3,3,1,7,Potential Customers,Low Risk,0.15,4.702325581395349,Standard Value,Low,Use personalized promotions to increase customer engagement
17742.0,64,9,1743.37,564,24.905285714285714,46,3,5,4,12,Loyal Customers,High Risk,0.75,241.3896923076923,High Value,High,Launch retention campaign and personalized offer
17743.0,84,1,229.2,96,76.39999999999999,3,2,2,1,5,At Risk,High Risk,0.75,2.696470588235294,Standard Value,High,Launch retention campaign and personalized offer
17744.0,16,1,326.74000000000007,414,21.78266666666667,15,4,2,2,8,Potential Customers,Low Risk,0.15,19.220000000000002,Standard Value,Low,Use personalized promotions to increase customer engagement
17745.0,113,2,600.34,164,21.44071428571429,27,2,3,3,8,Potential Customers,High Risk,0.75,10.532280701754386,Standard Value,High,Launch retention campaign and personalized offer
17746.0,107,3,793.9300000000001,659,26.464333333333336,28,2,4,3,9,Potential Customers,High Risk,0.75,22.05361111111111,Standard Value,High,Launch retention campaign and personalized offer
17748.0,163,1,358.15000000000003,111,21.06764705882353,17,2,2,2,6,At Risk,High Risk,0.75,2.1838414634146344,Standard Value,High,Launch retention campaign and personalized offer
17749.0,182,1,351.66,126,15.984545454545456,22,1,2,2,5,At Risk,High Risk,0.75,1.9216393442622952,Standard Value,High,Launch retention campaign and personalized offer
17751.0,57,1,157.86,147,4.933125,31,3,2,1,6,At Risk,High Risk,0.75,2.7217241379310346,Standard Value,High,Launch retention campaign and personalized offer
17753.0,100,4,390.56,128,5.424444444444443,63,2,4,2,8,Potential Customers,High Risk,0.75,15.467722772277227,Standard Value,High,Launch retention campaign and personalized offer
17754.0,10,8,2805.269999999999,2572,20.62698529411764,117,5,5,5,15,Champions,Low Risk,0.15,2040.196363636363,Very High Value,Medium,Provide premium rewards and exclusive offers
17756.0,11,3,733.6999999999998,400,8.63176470588235,54,5,4,3,12,Loyal Customers,Low Risk,0.15,183.42499999999995,High Value,Medium,Maintain regular engagement and monitor customer activity
17757.0,4,28,3817.159999999996,1843,6.7085413005272345,243,5,5,5,15,Champions,Low Risk,0.15,21376.09599999998,Very High Value,Medium,Provide premium rewards and exclusive offers
17758.0,63,4,1555.83,1145,12.547016129032258,121,3,4,4,11,Loyal Customers,High Risk,0.75,97.239375,High Value,High,Launch retention campaign and personalized offer
17759.0,29,2,441.92,268,10.27720930232558,41,4,3,2,9,Potential Customers,Low Risk,0.15,29.461333333333336,Standard Value,Low,Use personalized promotions to increase customer engagement
17760.0,9,5,631.3399999999999,457,12.379215686274508,44,5,4,3,12,Loyal Customers,Low Risk,0.15,315.66999999999996,Very High Value,Medium,Provide premium rewards and exclusive offers
17762.0,92,1,129.75,129,7.632352941176471,16,2,2,1,5,At Risk,High Risk,0.75,1.3951612903225807,Standard Value,High,Launch retention campaign and personalized offer
17763.0,289,3,71.15,29,5.473076923076923,11,1,4,1,6,At Risk,High Risk,0.75,0.7360344827586207,Standard Value,High,Launch retention campaign and personalized offer
17764.0,38,3,804.8199999999997,334,9.581190476190471,66,3,4,3,10,Loyal Customers,Low Risk,0.15,61.909230769230746,High Value,Medium,Maintain regular engagement and monitor customer activity
17765.0,84,1,158.92000000000002,53,6.112307692307693,22,2,2,1,5,At Risk,High Risk,0.75,1.8696470588235297,Standard Value,High,Launch retention campaign and personalized offer
17766.0,17,2,299.61,155,13.618636363636362,21,4,3,2,9,Potential Customers,Low Risk,0.15,33.29,High Value,Medium,Use personalized promotions to increase customer engagement
17767.0,46,1,141.85,70,7.8805555555555555,18,3,2,1,6,At Risk,Low Risk,0.15,3.0180851063829786,Standard Value,Low,Maintain regular engagement and monitor customer activity
17768.0,23,4,1236.3300000000006,1247,14.54505882352942,69,4,4,4,12,Loyal Customers,Low Risk,0.15,206.0550000000001,High Value,Medium,Maintain regular engagement and monitor customer activity
17769.0,19,7,3105.0999999999985,1314,11.050177935943056,195,4,5,5,14,Champions,Low Risk,0.15,1086.7849999999994,Very High Value,Medium,Provide premium rewards and exclusive offers
17771.0,72,2,141.6,86,9.44,14,2,3,1,6,At Risk,High Risk,0.75,3.8794520547945206,Standard Value,High,Launch retention campaign and personalized offer
17772.0,28,1,201.99999999999983,64,3.884615384615382,45,4,2,1,7,Potential Customers,Low Risk,0.15,6.965517241379304,Standard Value,Low,Use personalized promotions to increase customer engagement
17773.0,150,2,585.2699999999999,260,10.451249999999998,48,2,3,3,8,Potential Customers,High Risk,0.75,7.751920529801323,Standard Value,High,Launch retention campaign and personalized offer
17774.0,33,5,2102.6399999999985,1097,8.278110236220467,205,4,4,4,12,Loyal Customers,Low Risk,0.15,309.21176470588216,Very High Value,Medium,Provide premium rewards and exclusive offers
17776.0,22,2,338.5599999999999,277,4.030476190476189,74,4,3,2,9,Potential Customers,Low Risk,0.15,29.43999999999999,Standard Value,Low,Use personalized promotions to increase customer engagement
17778.0,297,1,197.7,214,19.77,10,1,2,1,4,At Risk,High Risk,0.75,0.6634228187919463,Standard Value,High,Launch retention campaign and personalized offer
17780.0,303,3,352.91,158,4.356913580246914,76,1,4,2,7,Potential Customers,High Risk,0.75,3.4826644736842107,Standard Value,High,Launch retention campaign and personalized offer
17782.0,18,2,679.02,538,23.41448275862069,29,4,3,3,10,Loyal Customers,Low Risk,0.15,71.4757894736842,High Value,Medium,Maintain regular engagement and monitor customer activity
17783.0,148,1,96.44000000000004,85,3.857600000000001,24,2,2,1,5,At Risk,High Risk,0.75,0.6472483221476513,Standard Value,High,Launch retention campaign and personalized offer
17784.0,186,1,112.85999999999996,72,4.906956521739129,19,1,2,1,4,At Risk,High Risk,0.75,0.6035294117647056,Standard Value,High,Launch retention campaign and personalized offer
17785.0,81,2,271.44000000000005,160,7.143157894736843,38,2,3,2,7,Potential Customers,High Risk,0.75,6.62048780487805,Standard Value,High,Launch retention campaign and personalized offer
17787.0,7,1,736.2799999999999,356,23.75096774193548,30,5,2,3,10,Loyal Customers,Low Risk,0.15,92.03499999999998,High Value,Medium,Maintain regular engagement and monitor customer activity
17789.0,297,1,171.24999999999997,125,11.416666666666664,13,1,2,1,4,At Risk,High Risk,0.75,0.5746644295302012,Standard Value,High,Launch retention campaign and personalized offer
17790.0,14,6,818.0600000000001,553,7.175964912280702,87,5,5,3,13,Champions,Low Risk,0.15,327.22400000000005,Very High Value,Medium,Provide premium rewards and exclusive offers
17792.0,103,2,370.0499999999998,151,6.982075471698109,45,2,3,2,7,Potential Customers,High Risk,0.75,7.11634615384615,Standard Value,High,Launch retention campaign and personalized offer
17794.0,322,2,147.3,46,21.042857142857144,7,1,3,1,5,At Risk,High Risk,0.75,0.9120743034055728,Standard Value,High,Launch retention campaign and personalized offer
17796.0,5,4,664.0900000000003,201,4.643986013986016,119,5,4,3,12,Loyal Customers,Low Risk,0.15,442.72666666666686,Very High Value,Medium,Provide premium rewards and exclusive offers
17797.0,31,5,1205.4400000000007,592,7.350243902439029,131,4,4,4,12,Loyal Customers,Low Risk,0.15,188.3500000000001,High Value,Medium,Maintain regular engagement and monitor customer activity
17798.0,217,1,183.09,142,3.7365306122448976,43,1,2,1,4,At Risk,High Risk,0.75,0.8398623853211009,Standard Value,High,Launch retention campaign and personalized offer
17799.0,25,10,3285.96,1949,6.343552123552123,308,4,5,5,14,Champions,Low Risk,0.15,1263.8307692307692,Very High Value,Medium,Provide premium rewards and exclusive offers
17801.0,87,3,798.3300000000002,838,9.392117647058823,66,2,4,3,9,Potential Customers,High Risk,0.75,27.21579545454546,Standard Value,High,Launch retention campaign and personalized offer
17802.0,8,8,3768.080000000001,2034,9.420200000000005,246,5,5,5,15,Champions,Low Risk,0.15,3349.4044444444453,Very High Value,Medium,Provide premium rewards and exclusive offers
17803.0,28,1,184.66,98,6.839259259259258,27,4,2,1,7,Potential Customers,Low Risk,0.15,6.367586206896552,Standard Value,Low,Use personalized promotions to increase customer engagement
17804.0,12,3,385.2299999999998,195,4.18728260869565,82,5,4,2,11,Loyal Customers,Low Risk,0.15,88.89923076923073,High Value,Medium,Maintain regular engagement and monitor customer activity
17805.0,246,1,414.72,648,414.72,1,1,2,2,5,At Risk,High Risk,0.75,1.6790283400809718,Standard Value,High,Launch retention campaign and personalized offer
17807.0,31,3,437.8699999999999,262,4.919887640449437,88,4,4,2,10,Loyal Customers,Low Risk,0.15,41.05031249999999,High Value,Medium,Maintain regular engagement and monitor customer activity
17808.0,184,4,262.64000000000004,143,7.95878787878788,29,1,4,2,7,Potential Customers,High Risk,0.75,5.6787027027027035,Standard Value,High,Launch retention campaign and personalized offer
17809.0,7,11,5925.480000000001,1296,116.1858823529412,29,5,5,5,15,Champions,Low Risk,0.15,8147.535000000002,Very High Value,Medium,Provide premium rewards and exclusive offers
17810.0,304,2,374.81,119,6.693035714285713,51,1,3,2,6,At Risk,High Risk,0.75,2.4577704918032786,Standard Value,High,Launch retention campaign and personalized offer
17811.0,10,8,1772.07,1150,5.35368580060423,253,5,5,4,14,Champions,Low Risk,0.15,1288.7781818181818,Very High Value,Medium,Provide premium rewards and exclusive offers
17812.0,4,4,433.73,262,4.71445652173913,79,5,4,2,11,Loyal Customers,Low Risk,0.15,346.98400000000004,Very High Value,Medium,Provide premium rewards and exclusive offers
17814.0,11,2,1617.3200000000004,1440,11.077534246575343,112,5,3,4,12,Loyal Customers,Low Risk,0.15,269.5533333333334,High Value,Medium,Maintain regular engagement and monitor customer activity
17815.0,29,1,591.96,612,45.535384615384615,13,4,2,3,9,Potential Customers,Low Risk,0.15,19.732000000000003,Standard Value,Low,Use personalized promotions to increase customer engagement
17816.0,1,3,75.76000000000002,66,1.9936842105263164,35,5,4,1,10,Loyal Customers,Low Risk,0.15,113.64000000000003,High Value,Medium,Maintain regular engagement and monitor customer activity
17817.0,14,3,420.1699999999999,298,4.001619047619046,87,5,4,2,11,Loyal Customers,Low Risk,0.15,84.03399999999998,High Value,Medium,Maintain regular engagement and monitor customer activity
17818.0,373,1,130.17999999999998,90,2.83,42,1,2,1,4,At Risk,High Risk,0.75,0.3480748663101604,Standard Value,High,Launch retention campaign and personalized offer
17819.0,7,6,2907.65,818,54.86132075471697,45,5,5,5,15,Champions,Low Risk,0.15,2180.7375,Very High Value,Medium,Provide premium rewards and exclusive offers
17820.0,10,1,183.56,112,4.3704761904761895,39,5,2,1,8,Potential Customers,Low Risk,0.15,16.687272727272727,Standard Value,Low,Use personalized promotions to increase customer engagement
17821.0,42,1,334.62,162,55.77,6,3,2,2,7,Potential Customers,Low Risk,0.15,7.781860465116279,Standard Value,Low,Use personalized promotions to increase customer engagement
17822.0,56,5,2188.5,1389,12.434659090909092,152,3,4,5,12,Loyal Customers,High Risk,0.75,191.97368421052633,High Value,High,Launch retention campaign and personalized offer
17823.0,57,2,494.2500000000001,262,4.493181818181819,88,3,3,2,8,Potential Customers,High Risk,0.75,17.043103448275865,Standard Value,High,Launch retention campaign and personalized offer
17825.0,234,4,731.9599999999999,540,26.14142857142857,24,1,4,3,8,Potential Customers,High Risk,0.75,12.458893617021275,Standard Value,High,Launch retention campaign and personalized offer
17826.0,10,1,134.59000000000003,85,3.9585294117647063,33,5,2,1,8,Potential Customers,Low Risk,0.15,12.235454545454548,Standard Value,Low,Use personalized promotions to increase customer engagement
17827.0,257,1,392.59000000000015,345,5.773382352941178,65,1,2,2,5,At Risk,High Risk,0.75,1.5216666666666672,Standard Value,High,Launch retention campaign and personalized offer
17829.0,45,4,3867.500000000002,2513,27.42907801418441,121,3,4,5,12,Loyal Customers,Low Risk,0.15,336.3043478260871,Very High Value,Medium,Provide premium rewards and exclusive offers
17833.0,359,1,342.36,145,10.69875,28,1,2,2,5,At Risk,High Risk,0.75,0.9510000000000001,Standard Value,High,Launch retention campaign and personalized offer
17834.0,50,2,730.47,687,12.38084745762712,54,3,3,3,9,Potential Customers,Low Risk,0.15,28.64588235294118,Standard Value,Low,Use personalized promotions to increase customer engagement
17838.0,1,10,3943.6,2270,21.088770053475933,87,5,5,5,15,Champions,Low Risk,0.15,19718.0,Very High Value,Medium,Provide premium rewards and exclusive offers
17840.0,79,1,185.72000000000008,138,3.376727272727274,44,2,2,1,5,At Risk,High Risk,0.75,2.3215000000000012,Standard Value,High,Launch retention campaign and personalized offer
17841.0,1,91,29892.500000000364,14487,5.927523299623313,1509,5,5,5,15,Champions,Low Risk,0.15,1360108.7500000165,Very High Value,Medium,Provide premium rewards and exclusive offers
17842.0,238,1,430.69000000000005,89,23.927222222222227,18,1,2,2,5,At Risk,High Risk,0.75,1.8020502092050212,Standard Value,High,Launch retention campaign and personalized offer
17843.0,47,1,120.75000000000004,163,4.472222222222223,22,3,2,1,6,At Risk,Low Risk,0.15,2.515625000000001,Standard Value,Low,Maintain regular engagement and monitor customer activity
17845.0,191,4,598.1899999999999,196,12.462291666666664,42,1,4,3,8,Potential Customers,High Risk,0.75,12.462291666666665,Standard Value,High,Launch retention campaign and personalized offer
17847.0,151,2,129.69,29,14.41,9,2,3,1,6,At Risk,High Risk,0.75,1.7064473684210526,Standard Value,High,Launch retention campaign and personalized offer
17848.0,53,21,2749.699999999999,1040,23.50170940170939,76,3,5,5,13,Champions,Low Risk,0.15,1069.3277777777773,Very High Value,Medium,Provide premium rewards and exclusive offers
17849.0,116,4,457.96,110,19.081666666666667,18,2,4,2,8,Potential Customers,High Risk,0.75,15.656752136752136,Standard Value,High,Launch retention campaign and personalized offer
17850.0,8,155,51208.86999999966,21052,20.491744697879017,100,5,5,5,15,Champions,Low Risk,0.15,881930.5388888831,Very High Value,Medium,Provide premium rewards and exclusive offers
17851.0,58,6,1563.3400000000006,938,6.59637130801688,185,3,5,4,12,Loyal Customers,High Risk,0.75,158.9837288135594,High Value,High,Launch retention campaign and personalized offer
17852.0,24,3,548.8700000000001,323,6.382209302325583,62,4,4,3,11,Loyal Customers,Low Risk,0.15,65.86440000000002,High Value,Medium,Maintain regular engagement and monitor customer activity
17853.0,43,3,1608.1900000000005,627,15.17160377358491,84,3,4,4,11,Loyal Customers,Low Risk,0.15,109.64931818181822,High Value,Medium,Maintain regular engagement and monitor customer activity
17854.0,98,4,760.1900000000009,526,7.23990476190477,98,2,4,3,9,Potential Customers,High Risk,0.75,30.714747474747508,Standard Value,High,Launch retention campaign and personalized offer
17855.0,8,1,208.97,197,12.29235294117647,17,5,2,1,8,Potential Customers,Low Risk,0.15,23.218888888888888,Standard Value,Low,Use personalized promotions to increase customer engagement
17857.0,1,2,1803.2,2804,300.53333333333336,6,5,3,4,12,Loyal Customers,Low Risk,0.15,1803.2,Very High Value,Medium,Provide premium rewards and exclusive offers
17858.0,5,19,7641.989999999997,2777,38.98974489795917,102,5,5,5,15,Champions,Low Risk,0.15,24199.63499999999,Very High Value,Medium,Provide premium rewards and exclusive offers
17860.0,4,4,762.7400000000002,713,4.3835632183908055,127,5,4,3,12,Loyal Customers,Low Risk,0.15,610.1920000000002,Very High Value,Medium,Provide premium rewards and exclusive offers
17861.0,21,10,3026.8899999999967,2586,8.748236994219644,211,4,5,5,14,Champions,Low Risk,0.15,1375.8590909090892,Very High Value,Medium,Provide premium rewards and exclusive offers
17862.0,21,3,948.1900000000009,343,10.419670329670335,83,4,4,3,11,Loyal Customers,Low Risk,0.15,129.29863636363646,High Value,Medium,Maintain regular engagement and monitor customer activity
17863.0,5,7,2585.2,2314,20.196874999999995,84,5,5,5,15,Champions,Low Risk,0.15,3016.066666666666,Very High Value,Medium,Provide premium rewards and exclusive offers
17864.0,21,2,326.82,311,7.60046511627907,37,4,3,2,9,Potential Customers,Low Risk,0.15,29.71090909090909,Standard Value,Low,Use personalized promotions to increase customer engagement
17865.0,11,26,15848.070000000029,7228,24.45689814814819,288,5,5,5,15,Champions,Low Risk,0.15,34337.485000000066,Very High Value,Medium,Provide premium rewards and exclusive offers
17866.0,120,2,805.3000000000001,361,47.37058823529412,15,2,3,3,8,Potential Customers,High Risk,0.75,13.310743801652894,Standard Value,High,Launch retention campaign and personalized offer
17867.0,46,9,424.17999999999984,130,6.841612903225804,58,3,5,2,10,Loyal Customers,Low Risk,0.15,81.22595744680848,High Value,Medium,Maintain regular engagement and monitor customer activity
17868.0,22,1,234.65,91,12.35,18,4,2,1,7,Potential Customers,Low Risk,0.15,10.20217391304348,Standard Value,Low,Use personalized promotions to increase customer engagement
17869.0,4,3,607.98,449,10.482413793103447,53,5,4,3,12,Loyal Customers,Low Risk,0.15,364.788,Very High Value,Medium,Provide premium rewards and exclusive offers
17870.0,2,2,1213.7999999999995,476,404.5999999999999,2,5,3,4,12,Loyal Customers,Low Risk,0.15,809.1999999999997,Very High Value,Medium,Provide premium rewards and exclusive offers
17871.0,33,4,963.09,531,12.8412,58,4,4,3,11,Loyal Customers,Low Risk,0.15,113.30470588235295,High Value,Medium,Maintain regular engagement and monitor customer activity
17872.0,17,1,235.87,176,15.724666666666668,15,4,2,1,7,Potential Customers,Low Risk,0.15,13.10388888888889,Standard Value,Low,Use personalized promotions to increase customer engagement
17873.0,9,14,4656.72,3265,34.49422222222223,61,5,5,5,15,Champions,Low Risk,0.15,6519.408,Very High Value,Medium,Provide premium rewards and exclusive offers
17875.0,324,1,167.1,98,6.426923076923076,25,1,2,1,4,At Risk,High Risk,0.75,0.5141538461538462,Standard Value,High,Launch retention campaign and personalized offer
17876.0,35,3,3424.02,1958,856.005,3,4,4,5,13,Champions,Low Risk,0.15,285.335,High Value,Medium,Maintain regular engagement and monitor customer activity
17878.0,31,2,1032.88,637,17.5064406779661,56,4,3,4,11,Loyal Customers,Low Risk,0.15,64.555,High Value,Medium,Maintain regular engagement and monitor customer activity
17880.0,275,2,366.0,152,19.26315789473684,19,1,3,2,6,At Risk,High Risk,0.75,2.652173913043478,Standard Value,High,Launch retention campaign and personalized offer
17882.0,15,2,313.45999999999987,134,5.5974999999999975,47,5,3,2,10,Loyal Customers,Low Risk,0.15,39.18249999999998,High Value,Medium,Maintain regular engagement and monitor customer activity
17883.0,175,3,324.07999999999987,102,10.454193548387092,30,2,4,2,8,Potential Customers,High Risk,0.75,5.524090909090907,Standard Value,High,Launch retention campaign and personalized offer
17884.0,4,18,2355.4399999999987,2234,6.4532602739726,274,5,5,5,15,Champions,Low Risk,0.15,8479.583999999995,Very High Value,Medium,Provide premium rewards and exclusive offers
17886.0,73,3,708.7699999999999,244,10.738939393939392,56,2,4,3,9,Potential Customers,High Risk,0.75,28.733918918918913,Standard Value,High,Launch retention campaign and personalized offer
17888.0,10,17,1094.3900000000006,564,11.39989583333334,88,5,5,4,14,Champions,Low Risk,0.15,1691.3300000000008,Very High Value,Medium,Provide premium rewards and exclusive offers
17889.0,10,5,571.0000000000001,338,5.653465346534655,80,5,4,3,12,Loyal Customers,Low Risk,0.15,259.54545454545456,High Value,Medium,Maintain regular engagement and monitor customer activity
17894.0,2,11,1333.5700000000008,615,5.823449781659392,135,5,5,4,14,Champions,Low Risk,0.15,4889.75666666667,Very High Value,Medium,Provide premium rewards and exclusive offers
17897.0,3,8,2018.4000000000008,814,8.700000000000005,175,5,5,4,14,Champions,Low Risk,0.15,4036.8000000000015,Very High Value,Medium,Provide premium rewards and exclusive offers
17898.0,88,2,147.12000000000003,61,6.687272727272728,22,2,3,1,6,At Risk,High Risk,0.75,3.306067415730338,Standard Value,High,Launch retention campaign and personalized offer
17901.0,157,2,149.7,14,49.9,3,2,3,1,6,At Risk,High Risk,0.75,1.8949367088607594,Standard Value,High,Launch retention campaign and personalized offer
17902.0,182,1,216.4,526,9.016666666666667,24,1,2,1,4,At Risk,High Risk,0.75,1.1825136612021858,Standard Value,High,Launch retention campaign and personalized offer
17903.0,30,1,381.09,142,8.468666666666667,44,4,2,2,8,Potential Customers,Low Risk,0.15,12.293225806451613,Standard Value,Low,Use personalized promotions to increase customer engagement
17905.0,9,10,1583.2800000000009,966,11.556788321167888,118,5,5,4,14,Champions,Low Risk,0.15,1583.2800000000009,Very High Value,Medium,Provide premium rewards and exclusive offers
17907.0,276,1,291.76,1046,22.443076923076923,13,1,2,2,5,At Risk,High Risk,0.75,1.0532851985559566,Standard Value,High,Launch retention campaign and personalized offer
17908.0,9,5,1168.260000000001,683,5.33452054794521,178,5,4,4,13,Champions,Low Risk,0.15,584.1300000000005,Very High Value,Medium,Provide premium rewards and exclusive offers
17909.0,373,1,132.55,41,14.72777777777778,8,1,2,1,4,At Risk,High Risk,0.75,0.35441176470588237,Standard Value,High,Launch retention campaign and personalized offer
17910.0,362,1,261.7,121,10.065384615384614,25,1,2,2,5,At Risk,High Risk,0.75,0.7209366391184573,Standard Value,High,Launch retention campaign and personalized offer
17912.0,11,1,64.49,31,4.606428571428571,13,5,2,1,8,Potential Customers,Low Risk,0.15,5.3741666666666665,Standard Value,Low,Use personalized promotions to increase customer engagement
17913.0,36,12,3068.0400000000022,1456,7.357410071942452,200,4,5,5,14,Champions,Low Risk,0.15,995.0400000000006,Very High Value,Medium,Provide premium rewards and exclusive offers
17915.0,187,1,242.13,191,6.917999999999999,27,1,2,1,4,At Risk,High Risk,0.75,1.2879255319148937,Standard Value,High,Launch retention campaign and personalized offer
17916.0,264,2,43.87000000000001,90,2.308947368421053,15,1,3,1,5,At Risk,High Risk,0.75,0.3310943396226416,Standard Value,High,Launch retention campaign and personalized offer
17918.0,136,3,396.3900000000001,352,9.909750000000004,34,2,4,2,8,Potential Customers,High Risk,0.75,8.680072992700731,Standard Value,High,Launch retention campaign and personalized offer
17919.0,74,1,536.2799999999999,696,31.545882352941167,17,2,2,3,7,Potential Customers,High Risk,0.75,7.1503999999999985,Standard Value,High,Launch retention campaign and personalized offer
17920.0,4,39,20312.360000000102,10150,18.34901535682033,457,5,5,5,15,Champions,Low Risk,0.15,158436.4080000008,Very High Value,Medium,Provide premium rewards and exclusive offers
17921.0,15,6,1596.9800000000016,572,7.161345291479828,148,5,5,4,14,Champions,Low Risk,0.15,598.8675000000006,Very High Value,Medium,Provide premium rewards and exclusive offers
17922.0,179,1,170.4,49,21.3,8,1,2,1,4,At Risk,High Risk,0.75,0.9466666666666667,Standard Value,High,Launch retention campaign and personalized offer
17923.0,163,2,289.5,90,144.75,2,2,3,2,7,Potential Customers,High Risk,0.75,3.5304878048780486,Standard Value,High,Launch retention campaign and personalized offer
17924.0,9,2,574.2,108,143.55,3,5,3,3,11,Loyal Customers,Low Risk,0.15,114.84,High Value,Medium,Maintain regular engagement and monitor customer activity
17925.0,8,1,244.08,72,244.08,1,5,2,1,8,Potential Customers,Low Risk,0.15,27.12,Standard Value,Low,Use personalized promotions to increase customer engagement
17926.0,80,3,638.2,266,27.747826086956525,16,2,4,3,9,Potential Customers,High Risk,0.75,23.63703703703704,Standard Value,High,Launch retention campaign and personalized offer
17927.0,357,1,294.0,108,29.4,10,1,2,2,5,At Risk,High Risk,0.75,0.8212290502793296,Standard Value,High,Launch retention campaign and personalized offer
17928.0,207,1,128.7,82,32.175,4,1,2,1,4,At Risk,High Risk,0.75,0.6187499999999999,Standard Value,High,Launch retention campaign and personalized offer
17929.0,23,8,2239.1,326,223.91,5,4,5,5,14,Champions,Low Risk,0.15,746.3666666666667,Very High Value,Medium,Provide premium rewards and exclusive offers
17930.0,29,8,2534.74,2201,52.80708333333333,22,4,5,5,14,Champions,Low Risk,0.15,675.9306666666666,Very High Value,Medium,Provide premium rewards and exclusive offers
17931.0,33,12,3028.9299999999985,1688,10.373047945205474,222,4,5,5,14,Champions,Low Risk,0.15,1069.0341176470583,Very High Value,Medium,Provide premium rewards and exclusive offers
17933.0,268,1,114.69,63,8.192142857142857,12,1,2,1,4,At Risk,High Risk,0.75,0.4263568773234201,Standard Value,High,Launch retention campaign and personalized offer
17934.0,42,1,344.90000000000003,150,17.245,20,3,2,2,7,Potential Customers,Low Risk,0.15,8.02093023255814,Standard Value,Low,Use personalized promotions to increase customer engagement
17935.0,36,5,540.35,162,15.438571428571429,33,4,4,3,11,Loyal Customers,Low Risk,0.15,73.02027027027027,High Value,Medium,Maintain regular engagement and monitor customer activity
17938.0,56,1,144.29000000000005,53,4.975517241379312,29,3,2,1,6,At Risk,High Risk,0.75,2.531403508771931,Standard Value,High,Launch retention campaign and personalized offer
17940.0,81,6,26286.75,75825,1546.279411764706,9,2,5,5,12,Loyal Customers,High Risk,0.75,1923.4207317073171,Very High Value,High,Launch retention campaign and personalized offer
17941.0,226,3,1128.72,856,225.744,3,1,4,4,9,Potential Customers,High Risk,0.75,14.917004405286344,Standard Value,High,Launch retention campaign and personalized offer
17944.0,59,1,75.41000000000001,85,2.900384615384616,24,3,2,1,6,At Risk,High Risk,0.75,1.2568333333333335,Standard Value,High,Launch retention campaign and personalized offer
17945.0,332,3,360.35,244,5.004861111111111,66,1,4,2,7,Potential Customers,High Risk,0.75,3.246396396396397,Standard Value,High,Launch retention campaign and personalized offer
17949.0,7,74,60117.600000000006,30112,691.0068965517243,34,5,5,5,15,Champions,Low Risk,0.15,556087.8,Very High Value,Medium,Provide premium rewards and exclusive offers
17950.0,1,6,950.6100000000004,481,7.041555555555558,110,5,5,3,13,Champions,Low Risk,0.15,2851.830000000001,Very High Value,Medium,Provide premium rewards and exclusive offers
17951.0,9,2,627.5400000000001,282,48.2723076923077,11,5,3,3,11,Loyal Customers,Low Risk,0.15,125.50800000000001,High Value,Medium,Maintain regular engagement and monitor customer activity
17952.0,14,4,819.6099999999999,504,7.880865384615384,85,5,4,3,12,Loyal Customers,Low Risk,0.15,218.56266666666664,High Value,Medium,Maintain regular engagement and monitor customer activity
17953.0,176,1,160.82000000000002,99,7.658095238095239,20,2,2,1,5,At Risk,High Risk,0.75,0.908587570621469,Standard Value,High,Launch retention campaign and personalized offer
17954.0,3,9,1633.3300000000029,1031,5.710944055944066,238,5,5,4,14,Champions,Low Risk,0.15,3674.9925000000067,Very High Value,Medium,Provide premium rewards and exclusive offers
17955.0,291,2,392.6,408,130.86666666666667,2,1,3,2,6,At Risk,High Risk,0.75,2.689041095890411,Standard Value,High,Launch retention campaign and personalized offer
17958.0,364,1,465.4199999999999,200,16.048965517241378,29,1,2,2,5,At Risk,High Risk,0.75,1.2751232876712326,Standard Value,High,Launch retention campaign and personalized offer
17959.0,228,1,140.75,49,70.375,2,1,2,1,4,At Risk,High Risk,0.75,0.6146288209606987,Standard Value,High,Launch retention campaign and personalized offer
17960.0,158,2,61.3,19,5.572727272727272,11,2,3,1,6,At Risk,High Risk,0.75,0.771069182389937,Standard Value,High,Launch retention campaign and personalized offer
17961.0,8,62,1699.100000000003,977,4.13406326034064,342,5,5,4,14,Champions,Low Risk,0.15,11704.911111111132,Very High Value,Medium,Provide premium rewards and exclusive offers
17962.0,185,3,584.5899999999999,523,3.5429696969696964,126,1,4,3,8,Potential Customers,High Risk,0.75,9.428870967741934,Standard Value,High,Launch retention campaign and personalized offer
17963.0,107,4,651.5099999999999,344,5.817053571428571,98,2,4,3,9,Potential Customers,High Risk,0.75,24.129999999999995,Standard Value,High,Launch retention campaign and personalized offer
17964.0,8,1,261.76000000000005,195,7.478857142857144,35,5,2,2,9,Potential Customers,Low Risk,0.15,29.08444444444445,Standard Value,Low,Use personalized promotions to increase customer engagement
17965.0,1,17,4618.409999999995,2969,8.780247148288964,396,5,5,5,15,Champions,Low Risk,0.15,39256.48499999996,Very High Value,Medium,Provide premium rewards and exclusive offers
17966.0,227,5,875.99,1372,19.043260869565216,33,1,4,3,8,Potential Customers,High Risk,0.75,19.210307017543858,Standard Value,High,Launch retention campaign and personalized offer
17967.0,7,2,234.22,118,3.495820895522388,59,5,3,1,9,Potential Customers,Low Risk,0.15,58.555,High Value,Medium,Use personalized promotions to increase customer engagement
17968.0,9,4,610.6900000000002,365,4.523629629629631,106,5,4,3,12,Loyal Customers,Low Risk,0.15,244.27600000000007,High Value,Medium,Maintain regular engagement and monitor customer activity
17969.0,138,18,2141.740000000001,865,11.09709844559586,103,2,5,4,11,Loyal Customers,High Risk,0.75,277.34762589928073,High Value,High,Launch retention campaign and personalized offer
17971.0,184,1,161.94000000000003,62,7.711428571428574,21,1,2,1,4,At Risk,High Risk,0.75,0.8753513513513514,Standard Value,High,Launch retention campaign and personalized offer
17974.0,17,3,1117.2700000000002,724,4.987812500000001,161,4,4,4,12,Loyal Customers,Low Risk,0.15,186.2116666666667,High Value,Medium,Maintain regular engagement and monitor customer activity
17975.0,2,12,2540.0200000000004,703,13.879890710382517,84,5,5,5,15,Champions,Low Risk,0.15,10160.080000000002,Very High Value,Medium,Provide premium rewards and exclusive offers
17976.0,8,1,353.18999999999994,106,5.433692307692307,56,5,2,2,9,Potential Customers,Low Risk,0.15,39.243333333333325,High Value,Medium,Use personalized promotions to increase customer engagement
17977.0,36,1,1277.49,1720,14.683793103448275,83,4,2,4,10,Loyal Customers,Low Risk,0.15,34.526756756756754,High Value,Medium,Maintain regular engagement and monitor customer activity
17978.0,1,4,1160.84,1298,17.071176470588235,62,5,4,4,13,Champions,Low Risk,0.15,2321.68,Very High Value,Medium,Provide premium rewards and exclusive offers
17980.0,29,1,221.97,100,6.1658333333333335,27,4,2,1,7,Potential Customers,Low Risk,0.15,7.399,Standard Value,Low,Use personalized promotions to increase customer engagement
17981.0,46,1,239.11999999999995,260,14.065882352941172,17,3,2,1,6,At Risk,Low Risk,0.15,5.087659574468084,Standard Value,Low,Maintain regular engagement and monitor customer activity
17982.0,316,1,138.18,117,10.62923076923077,13,1,2,1,4,At Risk,High Risk,0.75,0.43589905362776027,Standard Value,High,Launch retention campaign and personalized offer
17983.0,31,1,171.71,108,7.154583333333334,23,4,2,1,7,Potential Customers,Low Risk,0.15,5.3659375,Standard Value,Low,Use personalized promotions to increase customer engagement
17984.0,28,4,1038.59,875,5.116206896551724,165,4,4,4,12,Loyal Customers,Low Risk,0.15,143.25379310344826,High Value,Medium,Maintain regular engagement and monitor customer activity
17987.0,12,4,805.0700000000006,754,4.879212121212125,132,5,4,3,12,Loyal Customers,Low Risk,0.15,247.71384615384633,High Value,Medium,Maintain regular engagement and monitor customer activity
17988.0,123,7,288.42,143,3.393176470588235,81,2,5,2,9,Potential Customers,High Risk,0.75,16.281774193548387,Standard Value,High,Launch retention campaign and personalized offer
17989.0,15,1,228.83,329,6.730294117647059,26,5,2,1,8,Potential Customers,Low Risk,0.15,14.301875,Standard Value,Low,Use personalized promotions to increase customer engagement
17990.0,16,3,896.7700000000001,363,32.0275,23,4,4,3,11,Loyal Customers,Low Risk,0.15,158.25352941176473,High Value,Medium,Maintain regular engagement and monitor customer activity
17991.0,227,1,227.2,75,6.491428571428571,33,1,2,1,4,At Risk,High Risk,0.75,0.9964912280701754,Standard Value,High,Launch retention campaign and personalized offer
17992.0,25,1,254.13,131,4.794905660377359,49,4,2,2,8,Potential Customers,Low Risk,0.15,9.774230769230769,Standard Value,Low,Use personalized promotions to increase customer engagement
17993.0,253,1,235.19,112,3.67484375,60,1,2,1,4,At Risk,High Risk,0.75,0.9259448818897638,Standard Value,High,Launch retention campaign and personalized offer
17994.0,24,7,1634.8300000000022,1697,7.016437768240353,185,4,5,4,13,Champions,Low Risk,0.15,457.75240000000065,Very High Value,Medium,Provide premium rewards and exclusive offers
17995.0,18,2,419.38,130,15.532592592592591,26,4,3,2,9,Potential Customers,Low Risk,0.15,44.14526315789474,High Value,Medium,Use personalized promotions to increase customer engagement
17996.0,15,3,482.33,587,7.1989552238805965,63,5,4,2,11,Loyal Customers,Low Risk,0.15,90.436875,High Value,Medium,Maintain regular engagement and monitor customer activity
17998.0,16,3,639.2399999999999,561,11.021379310344823,57,4,4,3,11,Loyal Customers,Low Risk,0.15,112.8070588235294,High Value,Medium,Maintain regular engagement and monitor customer activity
17999.0,2,2,348.8399999999999,174,4.202891566265059,77,5,3,2,10,Loyal Customers,Low Risk,0.15,232.55999999999995,High Value,Medium,Maintain regular engagement and monitor customer activity
18000.0,200,1,124.25,109,20.70833333333333,6,1,2,1,4,At Risk,High Risk,0.75,0.6181592039800995,Standard Value,High,Launch retention campaign and personalized offer
18001.0,85,4,536.61,530,6.544024390243902,69,2,4,3,9,Potential Customers,High Risk,0.75,24.95860465116279,Standard Value,High,Launch retention campaign and personalized offer
18002.0,11,4,249.92,72,4.628148148148148,52,5,4,1,10,Loyal Customers,Low Risk,0.15,83.30666666666666,High Value,Medium,Maintain regular engagement and monitor customer activity
18003.0,12,1,358.61,299,14.3444,23,5,2,2,9,Potential Customers,Low Risk,0.15,27.585384615384616,Standard Value,Low,Use personalized promotions to increase customer engagement
18006.0,17,3,553.18,183,12.864651162790697,36,4,4,3,11,Loyal Customers,Low Risk,0.15,92.19666666666666,High Value,Medium,Maintain regular engagement and monitor customer activity
18007.0,28,1,220.32,252,4.32,46,4,2,1,7,Potential Customers,Low Risk,0.15,7.597241379310344,Standard Value,Low,Use personalized promotions to increase customer engagement
18008.0,51,14,17670.940000000002,6249,245.42972222222227,54,3,5,5,13,Champions,Low Risk,0.15,4757.560769230769,Very High Value,Medium,Provide premium rewards and exclusive offers
18009.0,178,7,1898.4900000000005,527,12.741543624161077,122,1,5,4,10,Loyal Customers,High Risk,0.75,74.24262569832405,High Value,High,Launch retention campaign and personalized offer
18011.0,9,2,424.2399999999999,127,6.526769230769229,63,5,3,2,10,Loyal Customers,Low Risk,0.15,84.84799999999998,High Value,Medium,Maintain regular engagement and monitor customer activity
18012.0,359,1,115.3,63,8.86923076923077,13,1,2,1,4,At Risk,High Risk,0.75,0.3202777777777778,Standard Value,High,Launch retention campaign and personalized offer
18016.0,46,2,476.8999999999999,180,10.146808510638296,44,3,3,2,8,Potential Customers,Low Risk,0.15,20.293617021276592,Standard Value,Low,Use personalized promotions to increase customer engagement
18017.0,67,1,165.0,100,165.0,1,3,2,1,6,At Risk,High Risk,0.75,2.426470588235294,Standard Value,High,Launch retention campaign and personalized offer
18018.0,35,2,175.85,131,11.723333333333333,14,4,3,1,8,Potential Customers,Low Risk,0.15,9.769444444444444,Standard Value,Low,Use personalized promotions to increase customer engagement
18020.0,179,1,190.48,67,15.873333333333337,12,1,2,1,4,At Risk,High Risk,0.75,1.0582222222222222,Standard Value,High,Launch retention campaign and personalized offer
18021.0,145,2,227.06,169,6.88060606060606,32,2,3,1,6,At Risk,High Risk,0.75,3.11041095890411,Standard Value,High,Launch retention campaign and personalized offer
18022.0,21,4,983.6800000000012,654,3.2251803278688564,203,4,4,3,11,Loyal Customers,Low Risk,0.15,178.8509090909093,High Value,Medium,Maintain regular engagement and monitor customer activity
18025.0,15,6,1177.7200000000005,1053,10.515357142857146,83,5,5,4,14,Champions,Low Risk,0.15,441.6450000000002,Very High Value,Medium,Provide premium rewards and exclusive offers
18026.0,136,2,2074.07,530,122.0041176470588,12,2,3,4,9,Potential Customers,High Risk,0.75,30.278394160583943,Standard Value,High,Launch retention campaign and personalized offer
18028.0,219,1,192.05,133,48.0125,4,1,2,1,4,At Risk,High Risk,0.75,0.8729545454545455,Standard Value,High,Launch retention campaign and personalized offer
18029.0,278,1,433.77,253,24.098333333333333,18,1,2,2,5,At Risk,High Risk,0.75,1.5547311827956989,Standard Value,High,Launch retention campaign and personalized offer
18031.0,14,1,462.0999999999999,300,7.109230769230768,49,5,2,2,9,Potential Customers,Low Risk,0.15,30.80666666666666,Standard Value,Low,Use personalized promotions to increase customer engagement
18034.0,11,1,370.8200000000001,431,3.281592920353983,97,5,2,2,9,Potential Customers,Low Risk,0.15,30.901666666666674,Standard Value,Low,Use personalized promotions to increase customer engagement
18035.0,21,2,546.34,550,68.2925,8,4,3,3,10,Loyal Customers,Low Risk,0.15,49.66727272727273,High Value,Medium,Maintain regular engagement and monitor customer activity
18036.0,21,8,1158.0200000000004,514,4.906864406779663,171,4,5,4,13,Champions,Low Risk,0.15,421.09818181818196,Very High Value,Medium,Provide premium rewards and exclusive offers
18037.0,57,9,97.4,17,6.957142857142857,13,3,5,1,9,Potential Customers,High Risk,0.75,15.113793103448277,Standard Value,High,Launch retention campaign and personalized offer
18038.0,192,1,149.41000000000005,85,4.669062500000002,25,1,2,1,4,At Risk,High Risk,0.75,0.7741450777202076,Standard Value,High,Launch retention campaign and personalized offer
18039.0,10,4,579.1699999999997,570,3.4474404761904744,137,5,4,3,12,Loyal Customers,Low Risk,0.15,210.60727272727263,High Value,Medium,Maintain regular engagement and monitor customer activity
18041.0,1,20,4568.9899999999925,4040,9.362684426229492,315,5,5,5,15,Champions,Low Risk,0.15,45689.89999999992,Very High Value,Medium,Provide premium rewards and exclusive offers
18042.0,177,1,116.1,36,12.9,9,1,2,1,4,At Risk,High Risk,0.75,0.652247191011236,Standard Value,High,Launch retention campaign and personalized offer
18043.0,2,1,316.45999999999987,172,4.794848484848483,59,5,2,2,9,Potential Customers,Low Risk,0.15,105.48666666666662,High Value,Medium,Use personalized promotions to increase customer engagement
18044.0,23,8,1417.0099999999993,565,19.411095890410948,60,4,5,4,13,Champions,Low Risk,0.15,472.3366666666664,Very High Value,Medium,Provide premium rewards and exclusive offers
18046.0,285,1,189.63,44,7.293461538461539,26,1,2,1,4,At Risk,High Risk,0.75,0.663041958041958,Standard Value,High,Launch retention campaign and personalized offer
18047.0,17,2,342.6899999999999,138,3.894204545454544,74,4,3,2,9,Potential Customers,Low Risk,0.15,38.076666666666654,High Value,Medium,Use personalized promotions to increase customer engagement
18048.0,129,1,229.44,131,4.248888888888889,51,2,2,1,5,At Risk,High Risk,0.75,1.7649230769230768,Standard Value,High,Launch retention campaign and personalized offer
18049.0,73,2,556.5200000000002,425,5.858105263157897,82,2,3,3,8,Potential Customers,High Risk,0.75,15.041081081081087,Standard Value,High,Launch retention campaign and personalized offer
18050.0,29,1,337.6599999999999,210,18.758888888888883,18,4,2,2,8,Potential Customers,Low Risk,0.15,11.255333333333331,Standard Value,Low,Use personalized promotions to increase customer engagement
18051.0,270,7,2282.28,1661,41.496,41,1,5,5,11,Loyal Customers,High Risk,0.75,58.95188191881919,High Value,High,Launch retention campaign and personalized offer
18052.0,200,1,10877.18,17766,679.82375,16,1,2,5,8,Potential Customers,High Risk,0.75,54.11532338308458,High Value,High,Launch retention campaign and personalized offer
18053.0,161,2,271.05,107,22.5875,12,2,3,2,7,Potential Customers,High Risk,0.75,3.3462962962962965,Standard Value,High,Launch retention campaign and personalized offer
18054.0,28,1,176.5,96,16.045454545454547,11,4,2,1,7,Potential Customers,Low Risk,0.15,6.086206896551724,Standard Value,Low,Use personalized promotions to increase customer engagement
18055.0,3,6,4411.379999999999,1384,19.69366071428571,166,5,5,5,15,Champions,Low Risk,0.15,6617.069999999999,Very High Value,Medium,Provide premium rewards and exclusive offers
18056.0,254,1,190.95,123,17.35909090909091,11,1,2,1,4,At Risk,High Risk,0.75,0.7488235294117647,Standard Value,High,Launch retention campaign and personalized offer
18057.0,29,3,1203.5600000000009,978,8.596857142857148,121,4,4,4,12,Loyal Customers,Low Risk,0.15,120.35600000000008,High Value,Medium,Maintain regular engagement and monitor customer activity
18058.0,177,2,603.9000000000001,306,46.45384615384616,11,1,3,3,7,Potential Customers,High Risk,0.75,6.785393258426967,Standard Value,High,Launch retention campaign and personalized offer
18060.0,44,2,1185.4600000000005,902,15.80613333333334,74,3,3,4,10,Loyal Customers,Low Risk,0.15,52.687111111111136,High Value,Medium,Maintain regular engagement and monitor customer activity
18061.0,2,19,4369.56,2652,53.287317073170726,23,5,5,5,15,Champions,Low Risk,0.15,27673.880000000005,Very High Value,Medium,Provide premium rewards and exclusive offers
18062.0,22,3,912.15,435,33.78333333333334,25,4,4,3,11,Loyal Customers,Low Risk,0.15,118.97608695652173,High Value,Medium,Maintain regular engagement and monitor customer activity
18063.0,26,2,186.6,48,62.20000000000001,2,4,3,1,8,Potential Customers,Low Risk,0.15,13.822222222222221,Standard Value,Low,Use personalized promotions to increase customer engagement
18064.0,82,9,3681.03,2325,63.46603448275862,47,2,5,5,12,Loyal Customers,High Risk,0.75,399.14783132530124,Very High Value,High,Launch retention campaign and personalized offer
18065.0,24,15,3473.799999999997,1238,20.07976878612715,127,4,5,5,14,Champions,Low Risk,0.15,2084.2799999999984,Very High Value,Medium,Provide premium rewards and exclusive offers
18066.0,22,2,1122.4,427,26.102325581395352,35,4,3,4,11,Loyal Customers,Low Risk,0.15,97.60000000000001,High Value,Medium,Maintain regular engagement and monitor customer activity
18069.0,19,6,2503.89,1916,4.742215909090909,385,4,5,5,14,Champions,Low Risk,0.15,751.167,Very High Value,Medium,Provide premium rewards and exclusive offers
18070.0,305,1,314.1,86,34.900000000000006,9,1,2,2,5,At Risk,High Risk,0.75,1.0264705882352942,Standard Value,High,Launch retention campaign and personalized offer
18071.0,1,5,975.63,575,16.260499999999997,45,5,4,3,12,Loyal Customers,Low Risk,0.15,2439.075,Very High Value,Medium,Provide premium rewards and exclusive offers
18074.0,9,2,1019.44,361,23.707906976744187,37,5,3,4,12,Loyal Customers,Low Risk,0.15,203.888,High Value,Medium,Maintain regular engagement and monitor customer activity
18075.0,10,10,3171.54,1817,17.52232044198895,116,5,5,5,15,Champions,Low Risk,0.15,2883.218181818182,Very High Value,Medium,Provide premium rewards and exclusive offers
18076.0,16,1,151.49,164,18.93625,8,4,2,1,7,Potential Customers,Low Risk,0.15,8.911176470588236,Standard Value,Low,Use personalized promotions to increase customer engagement
18077.0,2,8,1705.5499999999995,1355,11.370333333333331,75,5,5,4,14,Champions,Low Risk,0.15,4548.133333333332,Very High Value,Medium,Provide premium rewards and exclusive offers
18078.0,61,2,508.47,286,10.593125,43,3,3,3,9,Potential Customers,High Risk,0.75,16.40225806451613,Standard Value,High,Launch retention campaign and personalized offer
18079.0,127,1,590.78,1383,45.44461538461538,13,2,2,3,7,Potential Customers,High Risk,0.75,4.61546875,Standard Value,High,Launch retention campaign and personalized offer
18083.0,33,1,470.7299999999999,270,11.20785714285714,36,4,2,2,8,Potential Customers,Low Risk,0.15,13.844999999999997,Standard Value,Low,Use personalized promotions to increase customer engagement
18084.0,19,2,722.4500000000002,449,103.20714285714288,6,4,3,3,10,Loyal Customers,Low Risk,0.15,72.24500000000002,High Value,Medium,Maintain regular engagement and monitor customer activity
18085.0,9,3,955.8000000000004,320,22.757142857142867,33,5,4,3,12,Loyal Customers,Low Risk,0.15,286.7400000000001,High Value,Medium,Maintain regular engagement and monitor customer activity
18087.0,15,15,10705.8,3868,124.4860465116279,42,5,5,5,15,Champions,Low Risk,0.15,10036.6875,Very High Value,Medium,Provide premium rewards and exclusive offers
18089.0,82,1,428.45,95,42.845,9,2,2,2,6,At Risk,High Risk,0.75,5.162048192771084,Standard Value,High,Launch retention campaign and personalized offer
18090.0,57,1,349.4,321,5.823333333333333,47,3,2,2,7,Potential Customers,High Risk,0.75,6.024137931034482,Standard Value,High,Launch retention campaign and personalized offer
18091.0,229,1,360.85,539,14.434,25,1,2,2,5,At Risk,High Risk,0.75,1.568913043478261,Standard Value,High,Launch retention campaign and personalized offer
18092.0,1,8,7111.180000000003,4578,116.57672131147544,25,5,5,5,15,Champions,Low Risk,0.15,28444.720000000012,Very High Value,Medium,Provide premium rewards and exclusive offers
18093.0,80,4,2346.19,2037,93.8476,20,2,4,5,11,Loyal Customers,High Risk,0.75,115.86123456790123,High Value,High,Launch retention campaign and personalized offer
18094.0,82,6,3374.22,1646,60.25392857142856,36,2,5,5,12,Loyal Customers,High Risk,0.75,243.91951807228915,High Value,High,Launch retention campaign and personalized offer
18095.0,63,3,1723.0400000000002,1204,63.8162962962963,22,3,4,4,11,Loyal Customers,High Risk,0.75,80.76750000000001,High Value,High,Launch retention campaign and personalized offer
18096.0,78,3,894.1300000000001,658,3.973911111111112,154,2,4,3,9,Potential Customers,High Risk,0.75,33.954303797468356,High Value,High,Launch retention campaign and personalized offer
18097.0,21,5,1965.52,1054,39.3104,30,4,4,4,12,Loyal Customers,Low Risk,0.15,446.70909090909095,Very High Value,Medium,Provide premium rewards and exclusive offers
18098.0,32,1,550.8399999999999,217,6.259545454545454,85,4,2,3,9,Potential Customers,Low Risk,0.15,16.692121212121208,Standard Value,Low,Use personalized promotions to increase customer engagement
18100.0,186,1,451.56,440,15.052,30,1,2,2,5,At Risk,High Risk,0.75,2.41475935828877,Standard Value,High,Launch retention campaign and personalized offer
18101.0,10,3,405.5099999999998,162,5.711408450704223,62,5,4,2,11,Loyal Customers,Low Risk,0.15,110.59363636363632,High Value,Medium,Maintain regular engagement and monitor customer activity
18102.0,1,89,349164.3500000001,124216,556.8809409888358,281,5,5,5,15,Champions,Low Risk,0.15,15537813.575000005,Very High Value,Medium,Provide premium rewards and exclusive offers
18103.0,185,1,105.8,23,10.58,10,1,2,1,4,At Risk,High Risk,0.75,0.5688172043010753,Standard Value,High,Launch retention campaign and personalized offer
18106.0,112,5,1030.760000000001,384,6.565350318471342,112,2,4,4,10,Loyal Customers,High Risk,0.75,45.60884955752216,High Value,High,Launch retention campaign and personalized offer
18107.0,78,1,167.12999999999997,66,4.285384615384615,38,2,2,1,5,At Risk,High Risk,0.75,2.115569620253164,Standard Value,High,Launch retention campaign and personalized offer
18108.0,232,2,577.8100000000002,177,19.26033333333334,29,1,3,3,7,Potential Customers,High Risk,0.75,4.959742489270388,Standard Value,High,Launch retention campaign and personalized offer
18109.0,5,13,1840.9900000000005,648,8.07451754385965,125,5,5,4,14,Champions,Low Risk,0.15,3988.811666666668,Very High Value,Medium,Provide premium rewards and exclusive offers
18110.0,47,1,199.12999999999997,100,5.240263157894735,29,3,2,1,6,At Risk,Low Risk,0.15,4.148541666666666,Standard Value,Low,Maintain regular engagement and monitor customer activity
18111.0,225,1,405.8499999999999,232,15.031481481481478,27,1,2,2,5,At Risk,High Risk,0.75,1.7957964601769907,Standard Value,High,Launch retention campaign and personalized offer
18112.0,54,2,423.27,192,11.439729729729727,34,3,3,2,8,Potential Customers,High Risk,0.75,15.391636363636364,Standard Value,High,Launch retention campaign and personalized offer
18113.0,4,1,76.32000000000001,72,76.32000000000001,1,5,2,1,8,Potential Customers,Low Risk,0.15,15.264000000000001,Standard Value,Low,Use personalized promotions to increase customer engagement
18115.0,333,1,9.7,3,3.233333333333333,3,1,2,1,4,At Risk,High Risk,0.75,0.029041916167664668,Standard Value,High,Launch retention campaign and personalized offer
18116.0,12,5,736.2700000000008,433,3.756479591836739,142,5,4,3,12,Loyal Customers,Low Risk,0.15,283.18076923076956,High Value,Medium,Maintain regular engagement and monitor customer activity
18118.0,5,4,1079.4000000000008,535,3.760975609756101,184,5,4,4,13,Champions,Low Risk,0.15,719.6000000000005,Very High Value,Medium,Provide premium rewards and exclusive offers
18119.0,3,1,181.12,125,6.037333333333333,29,5,2,1,8,Potential Customers,Low Risk,0.15,45.28,High Value,Medium,Use personalized promotions to increase customer engagement
18123.0,149,1,95.15,35,4.136956521739131,22,2,2,1,5,At Risk,High Risk,0.75,0.6343333333333334,Standard Value,High,Launch retention campaign and personalized offer
18124.0,108,1,111.53,51,4.647083333333334,20,2,2,1,5,At Risk,High Risk,0.75,1.0232110091743118,Standard Value,High,Launch retention campaign and personalized offer
18127.0,39,1,212.8,64,9.672727272727274,21,3,2,1,6,At Risk,Low Risk,0.15,5.32,Standard Value,Low,Maintain regular engagement and monitor customer activity
18128.0,173,1,420.0399999999999,221,9.33422222222222,42,2,2,2,6,At Risk,High Risk,0.75,2.4140229885057467,Standard Value,High,Launch retention campaign and personalized offer
18131.0,267,1,222.96,552,55.74,4,1,2,1,4,At Risk,High Risk,0.75,0.8319402985074628,Standard Value,High,Launch retention campaign and personalized offer
18132.0,140,1,226.9,216,3.4378787878787875,60,2,2,1,5,At Risk,High Risk,0.75,1.6092198581560284,Standard Value,High,Launch retention campaign and personalized offer
18134.0,234,2,445.0,128,15.89285714285714,27,1,3,2,6,At Risk,High Risk,0.75,3.7872340425531914,Standard Value,High,Launch retention campaign and personalized offer
18135.0,28,5,567.7099999999999,404,33.39470588235294,16,4,4,3,11,Loyal Customers,Low Risk,0.15,97.88103448275861,High Value,Medium,Maintain regular engagement and monitor customer activity
18136.0,45,2,847.0300000000003,481,16.940600000000007,47,3,3,3,9,Potential Customers,Low Risk,0.15,36.82739130434784,High Value,Medium,Use personalized promotions to increase customer engagement
18137.0,187,2,145.99000000000004,59,5.0341379310344845,26,1,3,1,5,At Risk,High Risk,0.75,1.5530851063829791,Standard Value,High,Launch retention campaign and personalized offer
18140.0,109,1,536.4099999999999,395,9.933518518518516,49,2,2,3,7,Potential Customers,High Risk,0.75,4.8764545454545445,Standard Value,High,Launch retention campaign and personalized offer
18141.0,37,2,882.4699999999999,433,21.011190476190475,38,3,3,3,9,Potential Customers,Low Risk,0.15,46.44578947368421,High Value,Medium,Use personalized promotions to increase customer engagement
18144.0,9,8,2169.25,896,49.30113636363637,36,5,5,5,15,Champions,Low Risk,0.15,1735.4,Very High Value,Medium,Provide premium rewards and exclusive offers
18145.0,18,7,2756.2400000000007,2482,14.979565217391308,130,4,5,5,14,Champions,Low Risk,0.15,1015.4568421052634,Very High Value,Medium,Provide premium rewards and exclusive offers
18148.0,282,1,114.1,64,10.372727272727271,9,1,2,1,4,At Risk,High Risk,0.75,0.40318021201413423,Standard Value,High,Launch retention campaign and personalized offer
18149.0,40,4,1012.63,608,12.657875,52,3,4,4,11,Loyal Customers,Low Risk,0.15,98.79317073170732,High Value,Medium,Maintain regular engagement and monitor customer activity
18151.0,56,4,1226.0899999999997,631,18.030735294117644,65,3,4,4,11,Loyal Customers,High Risk,0.75,86.04140350877191,High Value,High,Launch retention campaign and personalized offer
18152.0,282,1,426.69,75,42.669,10,1,2,2,5,At Risk,High Risk,0.75,1.5077385159010601,Standard Value,High,Launch retention campaign and personalized offer
18153.0,295,1,246.22,200,14.483529411764708,17,1,2,1,4,At Risk,High Risk,0.75,0.8318243243243243,Standard Value,High,Launch retention campaign and personalized offer
18154.0,24,3,533.41,371,20.51576923076923,22,4,4,3,11,Loyal Customers,Low Risk,0.15,64.0092,High Value,Medium,Maintain regular engagement and monitor customer activity
18156.0,5,1,206.23,73,3.749636363636363,50,5,2,1,8,Potential Customers,Low Risk,0.15,34.37166666666666,High Value,Medium,Use personalized promotions to increase customer engagement
18157.0,207,1,215.35,146,8.282692307692308,25,1,2,1,4,At Risk,High Risk,0.75,1.0353365384615385,Standard Value,High,Launch retention campaign and personalized offer
18160.0,22,1,365.8199999999999,225,14.069999999999997,26,4,2,2,8,Potential Customers,Low Risk,0.15,15.905217391304342,Standard Value,Low,Use personalized promotions to increase customer engagement
18161.0,15,1,184.41000000000005,153,14.18538461538462,13,5,2,1,8,Potential Customers,Low Risk,0.15,11.525625000000003,Standard Value,Low,Use personalized promotions to increase customer engagement
18162.0,368,1,379.16,335,8.06723404255319,45,1,2,2,5,At Risk,High Risk,0.75,1.0275338753387535,Standard Value,High,Launch retention campaign and personalized offer
18163.0,220,1,728.84,452,22.08606060606061,33,1,2,3,6,At Risk,High Risk,0.75,3.297918552036199,Standard Value,High,Launch retention campaign and personalized offer
18166.0,259,1,175.5,90,17.55,10,1,2,1,4,At Risk,High Risk,0.75,0.675,Standard Value,High,Launch retention campaign and personalized offer
18168.0,8,11,2600.3299999999986,1583,9.52501831501831,167,5,5,5,15,Champions,Low Risk,0.15,3178.181111111109,Very High Value,Medium,Provide premium rewards and exclusive offers
18170.0,10,6,1897.6900000000005,775,21.564659090909096,49,5,5,4,14,Champions,Low Risk,0.15,1035.1036363636367,Very High Value,Medium,Provide premium rewards and exclusive offers
18171.0,106,4,1206.0000000000002,510,31.736842105263165,34,2,4,4,10,Loyal Customers,High Risk,0.75,45.08411214953272,High Value,High,Launch retention campaign and personalized offer
18172.0,23,32,9918.16,4229,34.5580487804878,125,4,5,5,14,Champions,Low Risk,0.15,13224.213333333333,Very High Value,Medium,Provide premium rewards and exclusive offers
18173.0,248,1,589.52,510,42.10857142857143,14,1,2,3,6,At Risk,High Risk,0.75,2.3675502008032128,Standard Value,High,Launch retention campaign and personalized offer
18174.0,239,1,58.5,30,58.5,1,1,2,1,4,At Risk,High Risk,0.75,0.24375,Standard Value,High,Launch retention campaign and personalized offer
18175.0,311,1,176.09999999999997,70,25.15714285714285,7,1,2,1,4,At Risk,High Risk,0.75,0.5644230769230768,Standard Value,High,Launch retention campaign and personalized offer
18177.0,196,3,875.45,529,33.67115384615385,23,1,4,3,8,Potential Customers,High Risk,0.75,13.331725888324875,Standard Value,High,Launch retention campaign and personalized offer
18178.0,38,7,4512.929999999997,2867,17.83766798418971,164,3,5,5,13,Champions,Low Risk,0.15,810.0130769230764,Very High Value,Medium,Provide premium rewards and exclusive offers
18179.0,158,2,754.3799999999999,451,39.70421052631578,19,2,3,3,8,Potential Customers,High Risk,0.75,9.489056603773584,Standard Value,High,Launch retention campaign and personalized offer
18181.0,36,4,823.1399999999996,378,5.96478260869565,119,4,4,3,11,Loyal Customers,Low Risk,0.15,88.98810810810807,High Value,Medium,Maintain regular engagement and monitor customer activity
18182.0,99,1,291.13,167,29.113,10,2,2,2,6,At Risk,High Risk,0.75,2.9112999999999998,Standard Value,High,Launch retention campaign and personalized offer
18186.0,358,1,329.58,338,29.96181818181818,11,1,2,2,5,At Risk,High Risk,0.75,0.918050139275766,Standard Value,High,Launch retention campaign and personalized offer
18187.0,267,1,724.8900000000003,310,15.101875000000009,48,1,2,3,6,At Risk,High Risk,0.75,2.704813432835822,Standard Value,High,Launch retention campaign and personalized offer
18188.0,66,3,1279.5499999999995,720,20.637903225806447,55,3,4,4,11,Loyal Customers,High Risk,0.75,57.293283582089536,High Value,High,Launch retention campaign and personalized offer
18189.0,261,1,313.48999999999995,270,17.416111111111107,18,1,2,2,5,At Risk,High Risk,0.75,1.1965267175572518,Standard Value,High,Launch retention campaign and personalized offer
18190.0,239,3,461.1600000000001,350,17.080000000000002,23,1,4,2,7,Potential Customers,High Risk,0.75,5.764500000000001,Standard Value,High,Launch retention campaign and personalized offer
18191.0,113,1,321.6,192,40.2,8,2,2,2,6,At Risk,High Risk,0.75,2.8210526315789477,Standard Value,High,Launch retention campaign and personalized offer
18193.0,16,2,963.59,802,17.84425925925926,50,4,3,3,10,Loyal Customers,Low Risk,0.15,113.36352941176472,High Value,Medium,Maintain regular engagement and monitor customer activity
18194.0,74,5,3188.2000000000003,1142,151.81904761904764,16,2,4,5,11,Loyal Customers,High Risk,0.75,212.54666666666668,High Value,High,Launch retention campaign and personalized offer
18195.0,23,1,101.16,60,20.232,5,4,2,1,7,Potential Customers,Low Risk,0.15,4.215,Standard Value,Low,Use personalized promotions to increase customer engagement
18196.0,107,2,775.1799999999994,614,5.536999999999996,112,2,3,3,8,Potential Customers,High Risk,0.75,14.355185185185174,Standard Value,High,Launch retention campaign and personalized offer
18197.0,211,1,230.1,166,25.566666666666663,9,1,2,1,4,At Risk,High Risk,0.75,1.085377358490566,Standard Value,High,Launch retention campaign and personalized offer
18199.0,319,1,344.75,99,17.2375,20,1,2,2,5,At Risk,High Risk,0.75,1.07734375,Standard Value,High,Launch retention campaign and personalized offer
18201.0,358,1,447.53,191,16.575185185185184,27,1,2,2,5,At Risk,High Risk,0.75,1.246601671309192,Standard Value,High,Launch retention campaign and personalized offer
18203.0,17,3,344.0,70,8.390243902439025,30,4,4,2,10,Loyal Customers,Low Risk,0.15,57.333333333333336,High Value,Medium,Maintain regular engagement and monitor customer activity
18206.0,189,1,314.66,246,16.561052631578946,19,1,2,2,5,At Risk,High Risk,0.75,1.656105263157895,Standard Value,High,Launch retention campaign and personalized offer
18207.0,135,1,544.4699999999999,325,17.56354838709677,31,2,2,3,7,Potential Customers,High Risk,0.75,4.003455882352941,Standard Value,High,Launch retention campaign and personalized offer
18208.0,201,1,360.08,82,21.181176470588237,17,1,2,2,5,At Risk,High Risk,0.75,1.7825742574257426,Standard Value,High,Launch retention campaign and personalized offer
18210.0,18,1,147.45,101,14.745,10,4,2,1,7,Potential Customers,Low Risk,0.15,7.760526315789473,Standard Value,Low,Use personalized promotions to increase customer engagement
18212.0,313,1,298.3,66,24.85833333333333,12,1,2,2,5,At Risk,High Risk,0.75,0.9500000000000001,Standard Value,High,Launch retention campaign and personalized offer
18214.0,166,4,1780.3399999999997,989,30.695517241379303,38,2,4,4,10,Loyal Customers,High Risk,0.75,42.642874251497,High Value,High,Launch retention campaign and personalized offer
18215.0,73,4,1948.1500000000003,1025,25.30064935064936,49,2,4,4,10,Loyal Customers,High Risk,0.75,105.30540540540542,High Value,High,Launch retention campaign and personalized offer
18217.0,149,2,323.29,249,35.92111111111112,7,2,3,2,7,Potential Customers,High Risk,0.75,4.310533333333334,Standard Value,High,Launch retention campaign and personalized offer
18218.0,232,2,479.92,492,26.662222222222223,16,1,3,2,6,At Risk,High Risk,0.75,4.119484978540773,Standard Value,High,Launch retention campaign and personalized offer
18219.0,4,8,1493.12,768,16.776629213483144,54,5,5,4,14,Champions,Low Risk,0.15,2388.9919999999997,Very High Value,Medium,Provide premium rewards and exclusive offers
18220.0,30,5,1616.48,1064,70.28173913043479,17,4,4,4,12,Loyal Customers,Low Risk,0.15,260.72258064516126,High Value,Medium,Maintain regular engagement and monitor customer activity
18221.0,26,1,383.3299999999999,209,19.166499999999992,20,4,2,2,8,Potential Customers,Low Risk,0.15,14.197407407407404,Standard Value,Low,Use personalized promotions to increase customer engagement
18223.0,23,12,7516.309999999996,3696,24.724703947368408,129,4,5,5,14,Champions,Low Risk,0.15,3758.1549999999975,Very High Value,Medium,Provide premium rewards and exclusive offers
18225.0,1,15,7545.139999999994,4060,24.49720779220777,179,5,5,5,15,Champions,Low Risk,0.15,56588.54999999995,Very High Value,Medium,Provide premium rewards and exclusive offers
18226.0,14,15,6650.830000000001,4417,23.25465034965035,204,5,5,5,15,Champions,Low Risk,0.15,6650.830000000001,Very High Value,Medium,Provide premium rewards and exclusive offers
18227.0,120,1,295.0,1,295.0,1,2,2,2,6,At Risk,High Risk,0.75,2.43801652892562,Standard Value,High,Launch retention campaign and personalized offer
18229.0,2,10,3526.8100000000004,695,75.03851063829788,24,5,5,5,15,Champions,Low Risk,0.15,11756.033333333335,Very High Value,Medium,Provide premium rewards and exclusive offers
18230.0,14,2,1480.8600000000006,680,27.423333333333343,42,5,3,4,12,Loyal Customers,Low Risk,0.15,197.44800000000006,High Value,Medium,Maintain regular engagement and monitor customer activity
18231.0,42,23,4797.700000000003,2102,18.38199233716476,149,3,5,5,13,Champions,Low Risk,0.15,2566.2116279069783,Very High Value,Medium,Provide premium rewards and exclusive offers
18234.0,187,1,179.6,80,5.986666666666666,30,1,2,1,4,At Risk,High Risk,0.75,0.9553191489361702,Standard Value,High,Launch retention campaign and personalized offer
18236.0,24,6,913.11,293,18.634897959183675,43,4,5,3,12,Loyal Customers,Low Risk,0.15,219.1464,High Value,Medium,Maintain regular engagement and monitor customer activity
18238.0,151,1,270.9200000000001,114,19.351428571428578,14,2,2,2,6,At Risk,High Risk,0.75,1.782368421052632,Standard Value,High,Launch retention campaign and personalized offer
18239.0,8,2,588.7499999999999,257,15.91216216216216,35,5,3,3,11,Loyal Customers,Low Risk,0.15,130.83333333333331,High Value,Medium,Maintain regular engagement and monitor customer activity
18241.0,51,4,913.9,420,16.616363636363637,42,3,4,3,10,Loyal Customers,Low Risk,0.15,70.3,High Value,Medium,Maintain regular engagement and monitor customer activity
18242.0,81,4,1372.7199999999998,1004,22.14064516129032,46,2,4,4,10,Loyal Customers,High Risk,0.75,66.96195121951219,High Value,High,Launch retention campaign and personalized offer
18243.0,50,1,515.7800000000001,221,19.83769230769231,26,3,2,3,8,Potential Customers,Low Risk,0.15,10.113333333333335,Standard Value,Low,Use personalized promotions to increase customer engagement
18244.0,66,2,568.64,856,29.928421052631577,19,3,3,3,9,Potential Customers,High Risk,0.75,16.974328358208954,Standard Value,High,Launch retention campaign and personalized offer
18245.0,15,13,3757.919999999997,3310,13.27886925795052,220,5,5,5,15,Champions,Low Risk,0.15,3053.3099999999977,Very High Value,Medium,Provide premium rewards and exclusive offers
18246.0,245,1,162.72,48,162.72,1,1,2,1,4,At Risk,High Risk,0.75,0.6614634146341464,Standard Value,High,Launch retention campaign and personalized offer
18247.0,50,3,839.7300000000001,335,22.69540540540541,28,3,4,3,10,Loyal Customers,Low Risk,0.15,49.395882352941186,High Value,Medium,Maintain regular engagement and monitor customer activity
18251.0,81,8,21964.14,31815,238.74065217391305,77,2,5,5,12,Loyal Customers,High Risk,0.75,2142.8429268292684,Very High Value,High,Launch retention campaign and personalized offer
18252.0,184,5,1015.4200000000004,698,25.38550000000001,35,1,4,4,9,Potential Customers,High Risk,0.75,27.443783783783797,Standard Value,High,Launch retention campaign and personalized offer
18253.0,278,1,317.88,128,45.41142857142857,7,1,2,2,5,At Risk,High Risk,0.75,1.1393548387096775,Standard Value,High,Launch retention campaign and personalized offer
18254.0,217,1,267.9,188,16.74375,16,1,2,2,5,At Risk,High Risk,0.75,1.2288990825688073,Standard Value,High,Launch retention campaign and personalized offer
18255.0,92,1,199.85,127,15.373076923076924,13,2,2,1,5,At Risk,High Risk,0.75,2.1489247311827957,Standard Value,High,Launch retention campaign and personalized offer
18256.0,23,1,110.7,180,11.07,10,4,2,1,7,Potential Customers,Low Risk,0.15,4.6125,Standard Value,Low,Use personalized promotions to increase customer engagement
18257.0,82,4,2262.519999999999,1328,14.319746835443032,134,2,4,5,11,Loyal Customers,High Risk,0.75,109.0371084337349,High Value,High,Launch retention campaign and personalized offer
18258.0,100,6,2059.67,1981,41.1934,30,2,5,4,11,Loyal Customers,High Risk,0.75,122.35663366336634,High Value,High,Launch retention campaign and personalized offer
18259.0,2,5,1979.6000000000008,676,39.59200000000001,36,5,4,4,13,Champions,Low Risk,0.15,3299.3333333333344,Very High Value,Medium,Provide premium rewards and exclusive offers
18260.0,10,17,7318.90999999999,3769,26.422057761732816,169,5,5,5,15,Champions,Low Risk,0.15,11311.042727272712,Very High Value,Medium,Provide premium rewards and exclusive offers
18262.0,29,2,428.06,370,14.760689655172412,27,4,3,2,9,Potential Customers,Low Risk,0.15,28.537333333333333,Standard Value,Low,Use personalized promotions to increase customer engagement
18264.0,134,1,603.25,241,16.756944444444443,36,2,2,3,7,Potential Customers,High Risk,0.75,4.468518518518518,Standard Value,High,Launch retention campaign and personalized offer
18266.0,70,1,251.1,138,17.935714285714283,14,3,2,1,6,At Risk,High Risk,0.75,3.536619718309859,Standard Value,High,Launch retention campaign and personalized offer
18267.0,308,1,269.36999999999995,135,15.845294117647056,17,1,2,2,5,At Risk,High Risk,0.75,0.8717475728155338,Standard Value,High,Launch retention campaign and personalized offer
18268.0,227,5,1464.7300000000002,709,22.19287878787879,36,1,4,4,9,Potential Customers,High Risk,0.75,32.121271929824566,Standard Value,High,Launch retention campaign and personalized offer
18269.0,2,1,168.6,76,24.085714285714285,7,5,2,1,8,Potential Customers,Low Risk,0.15,56.199999999999996,High Value,Medium,Use personalized promotions to increase customer engagement
18270.0,68,1,161.4,108,26.9,6,3,2,1,6,At Risk,High Risk,0.75,2.339130434782609,Standard Value,High,Launch retention campaign and personalized offer
18271.0,245,2,680.85,319,32.42142857142857,19,1,3,3,7,Potential Customers,High Risk,0.75,5.535365853658536,Standard Value,High,Launch retention campaign and personalized offer
18272.0,184,3,1307.4000000000003,830,21.790000000000006,50,1,4,4,9,Potential Customers,High Risk,0.75,21.201081081081085,Standard Value,High,Launch retention campaign and personalized offer
18273.0,226,1,153.0,60,153.0,1,1,2,1,4,At Risk,High Risk,0.75,0.6740088105726872,Standard Value,High,Launch retention campaign and personalized offer
18275.0,214,2,741.85,417,39.04473684210527,19,1,3,3,7,Potential Customers,High Risk,0.75,6.90093023255814,Standard Value,High,Launch retention campaign and personalized offer
18276.0,28,5,1320.6600000000003,1060,16.508250000000004,69,4,4,4,12,Loyal Customers,Low Risk,0.15,227.70000000000005,High Value,Medium,Maintain regular engagement and monitor customer activity
18277.0,33,4,1069.67,381,19.10125,48,4,4,4,12,Loyal Customers,Low Risk,0.15,125.84352941176472,High Value,Medium,Maintain regular engagement and monitor customer activity
18278.0,40,1,240.3,74,16.02,15,3,2,1,6,At Risk,Low Risk,0.15,5.860975609756098,Standard Value,Low,Maintain regular engagement and monitor customer activity
18279.0,155,1,231.34,630,17.795384615384613,13,2,2,1,5,At Risk,High Risk,0.75,1.482948717948718,Standard Value,High,Launch retention campaign and personalized offer
18280.0,30,1,307.54999999999995,149,15.377499999999998,20,4,2,2,8,Potential Customers,Low Risk,0.15,9.920967741935483,Standard Value,Low,Use personalized promotions to increase customer engagement
18281.0,213,1,120.32,92,12.032,10,1,2,1,4,At Risk,High Risk,0.75,0.5622429906542056,Standard Value,High,Launch retention campaign and personalized offer
18283.0,18,6,641.7699999999995,336,2.7903043478260847,158,4,5,3,12,Loyal Customers,Low Risk,0.15,202.66421052631563,High Value,Medium,Maintain regular engagement and monitor customer activity
18284.0,67,1,461.68000000000006,494,16.48857142857143,28,3,2,2,7,Potential Customers,High Risk,0.75,6.789411764705883,Standard Value,High,Launch retention campaign and personalized offer
18285.0,296,1,427.0,145,35.583333333333336,12,1,2,2,5,At Risk,High Risk,0.75,1.4377104377104377,Standard Value,High,Launch retention campaign and personalized offer
18286.0,112,2,1296.4300000000007,608,19.349701492537324,67,2,3,4,9,Potential Customers,High Risk,0.75,22.945663716814174,Standard Value,High,Launch retention campaign and personalized offer
18287.0,18,4,2345.709999999999,1427,27.596588235294107,77,4,4,5,13,Champions,Low Risk,0.15,493.83368421052614,Very High Value,Medium,Provide premium rewards and exclusive offers
