customer_id,recency,frequency,monetary,total_quantity,average_order_value,unique_products,last_purchase_date
12346.0,326,12,77556.46,74285,2281.0723529411766,27,2011-01-18 10:01:00
12347.0,2,8,5633.32,3286,22.26608695652174,126,2011-12-07 15:52:00
12348.0,75,5,2019.4,2714,39.596078431372554,25,2011-09-25 13:13:00
12349.0,19,4,4428.69,1624,25.3068,138,2011-11-21 09:51:00
12350.0,310,1,334.4,197,19.670588235294115,17,2011-02-02 16:01:00
12351.0,375,1,300.93,261,14.33,21,2010-11-29 15:23:00
12352.0,36,10,2849.84,724,27.668349514563108,70,2011-11-03 14:37:00
12353.0,204,2,406.76,212,16.948333333333334,23,2011-05-19 17:47:00
12354.0,232,1,1079.4,530,18.610344827586207,58,2011-04-21 13:11:00
12355.0,214,2,947.61,543,27.074571428571428,35,2011-05-09 13:49:00
12356.0,23,6,6373.68,3417,44.57118881118881,104,2011-11-17 08:40:00
12357.0,33,3,18287.66,6587,61.78263513513514,261,2011-11-06 16:07:00
12358.0,2,5,3887.07,1079,50.48142857142857,56,2011-12-08 10:26:00
12359.0,58,10,8935.94,2752,24.482027397260275,305,2011-10-13 12:47:00
12360.0,52,8,4252.89,2459,19.59857142857143,160,2011-10-18 15:22:00
12361.0,287,4,511.25,235,17.629310344827587,18,2011-02-25 13:51:00
12362.0,3,11,5356.23,2230,20.06078651685393,201,2011-12-06 15:40:00
12363.0,110,2,552.0,408,24.0,23,2011-08-22 10:18:00
12364.0,8,4,1313.1,1506,15.448235294117646,70,2011-12-02 10:22:00
12365.0,291,2,641.38,174,29.153636363636362,22,2011-02-21 14:04:00
12366.0,634,1,500.24,296,166.74666666666667,3,2010-03-16 10:28:00
12367.0,4,1,168.9,173,15.354545454545455,11,2011-12-05 16:48:00
12368.0,628,1,917.6999999999999,330,50.98333333333333,18,2010-03-21 15:56:00
12369.0,413,3,1791.15,1241,19.25967741935484,90,2010-10-22 13:13:00
12370.0,51,7,4320.31,2605,21.387673267326736,168,2011-10-19 14:51:00
12371.0,45,5,4067.38,1436,24.35556886227545,134,2011-10-26 10:16:00
12372.0,72,3,1298.04,794,24.962307692307693,34,2011-09-29 12:12:00
12373.0,311,3,1127.65,516,22.110784313725492,36,2011-02-01 13:10:00
12374.0,25,4,2989.2200000000003,1362,36.01469879518073,79,2011-11-14 15:37:00
12375.0,11,2,457.5,178,26.91176470588235,14,2011-11-29 10:36:00
12376.0,390,2,503.15,240,38.70384615384615,11,2010-11-15 12:15:00
12377.0,315,4,3426.32,2105,22.54157894736842,129,2011-01-28 15:45:00
12378.0,130,2,5416.32,3316,17.994418604651162,281,2011-08-02 10:34:00
12379.0,82,4,1620.22,815,20.002716049382716,58,2011-09-19 10:09:00
12380.0,22,11,9676.300000000001,3355,34.93249097472925,156,2011-11-18 11:27:00
12381.0,5,5,1845.31,808,21.21045977011494,70,2011-12-05 12:44:00
12383.0,185,5,1850.56,1532,18.69252525252525,84,2011-06-08 08:02:00
12384.0,29,2,585.27,126,21.676666666666666,26,2011-11-11 08:39:00
12385.0,379,1,1938.4,612,29.821538461538463,65,2010-11-25 15:14:00
12386.0,338,2,660.8,568,36.71111111111111,10,2011-01-06 12:37:00
12387.0,415,1,143.94,134,15.993333333333332,9,2010-10-20 16:27:00
12388.0,16,8,3901.11,2001,26.719931506849317,83,2011-11-24 12:30:00
12389.0,403,3,1433.33,614,29.251632653061222,41,2010-11-02 11:52:00
12390.0,80,1,549.84,353,17.1825,32,2011-09-21 09:33:00
12391.0,22,6,2773.42,1220,9.86982206405694,241,2011-11-18 12:07:00
12392.0,591,1,234.75000000000003,73,33.53571428571429,7,2010-04-27 14:04:00
12393.0,72,6,2399.4500000000003,1311,22.42476635514019,63,2011-09-28 15:41:00
12394.0,64,2,1272.48,819,47.12888888888889,26,2011-10-07 08:08:00
12395.0,19,15,5067.27,3733,19.94988188976378,145,2011-11-20 15:21:00
12396.0,674,1,931.43,591,14.329692307692307,65,2010-02-03 13:22:00
12397.0,36,2,2409.9,1263,19.126190476190477,110,2011-11-04 09:52:00
12398.0,46,1,1635.6599999999999,1394,19.24305882352941,85,2011-10-25 10:27:00
12399.0,119,7,1962.3,2198,17.83909090909091,67,2011-08-12 13:15:00
12400.0,414,1,205.25,91,18.65909090909091,11,2010-10-21 13:45:00
12401.0,303,1,84.3,11,16.86,5,2011-02-09 13:50:00
12402.0,323,6,1256.9,584,17.955714285714286,43,2011-01-20 13:49:00
12403.0,50,2,1019.36,260,113.26222222222222,5,2011-10-21 10:51:00
12404.0,682,1,63.24,1,63.24,1,2010-01-26 16:25:00
12405.0,149,1,1710.39,857,31.67388888888889,54,2011-07-14 08:52:00
12406.0,22,5,6390.36,3416,38.49614457831325,114,2011-11-17 19:22:00
12407.0,50,5,1708.1200000000001,1416,22.183376623376624,57,2011-10-21 10:11:00
12408.0,33,8,4340.7699999999995,2229,27.300440251572326,104,2011-11-07 12:27:00
12409.0,79,7,23419.29,13143,88.70943181818183,177,2011-09-22 10:38:00
12410.0,309,3,1013.71,341,25.342750000000002,36,2011-02-04 10:39:00
12411.0,410,1,346.9,138,15.768181818181818,22,2010-10-26 09:25:00
12412.0,75,6,2596.93,1997,20.448267716535433,82,2011-09-26 10:16:00
12413.0,67,4,999.45,319,19.597058823529412,41,2011-10-04 09:00:00
12414.0,217,6,952.41,495,34.01464285714285,21,2011-05-06 14:51:00
12415.0,24,28,144458.37,91447,156.00255939524837,498,2011-11-15 14:22:00
12416.0,657,1,202.56,132,18.414545454545454,11,2010-02-21 10:19:00
12417.0,3,20,6816.91,2890,18.42408108108108,270,2011-12-06 14:52:00
12418.0,113,4,2021.2,1088,19.815686274509805,90,2011-08-19 11:08:00
12419.0,386,2,503.01,231,20.1204,23,2010-11-19 10:04:00
12420.0,64,1,600.39,345,20.70310344827586,29,2011-10-07 08:55:00
12421.0,16,6,1098.6,652,16.90153846153846,44,2011-11-24 09:07:00
12422.0,96,17,5231.8,2596,30.417441860465118,137,2011-09-05 09:48:00
12423.0,1,10,2622.39,1793,15.893272727272727,128,2011-12-09 10:10:00
12424.0,163,4,3340.03,2025,36.30467391304348,78,2011-06-30 12:06:00
12425.0,78,2,1741.41,1147,19.136373626373626,87,2011-09-22 17:31:00
12426.0,195,2,1345.21,584,17.470259740259742,73,2011-05-29 12:26:00
12427.0,22,3,1129.3,612,27.54390243902439,26,2011-11-18 08:56:00
12428.0,26,9,7956.46,3536,27.062789115646257,258,2011-11-14 08:22:00
12429.0,9,8,7485.91,3344,43.27115606936416,124,2011-11-30 17:22:00
12430.0,43,1,256.4,117,23.30909090909091,11,2011-10-27 15:09:00
12431.0,36,27,10857.97,4717,26.8098024691358,244,2011-11-04 11:55:00
12432.0,43,5,5059.32,1801,46.845555555555556,107,2011-10-28 11:43:00
12433.0,1,10,20581.26,17116,29.151926345609063,285,2011-12-09 10:02:00
12434.0,85,3,1103.43,532,15.763285714285715,62,2011-09-16 12:38:00
12435.0,80,6,13925.93,4958,124.33866071428572,88,2011-09-21 09:06:00
12436.0,100,1,509.01,211,31.813125,16,2011-09-01 12:09:00
12437.0,2,39,12683.4,8000,22.52824156305506,273,2011-12-08 11:35:00
12438.0,14,2,2906.85,1180,29.66173469387755,84,2011-11-25 13:28:00
12439.0,683,2,1158.18,484,16.085833333333333,69,2010-01-26 12:11:00
12440.0,462,2,859.2,331,26.85,21,2010-09-03 13:11:00
12441.0,367,1,347.1,242,15.77727272727273,11,2010-12-08 10:45:00
12442.0,3,1,172.06,182,14.338333333333333,12,2011-12-06 14:22:00
12443.0,732,1,485.31,182,23.11,21,2009-12-07 15:42:00
12444.0,21,5,5005.46,1153,28.440113636363638,138,2011-11-18 13:23:00
12445.0,22,2,434.98,206,18.124166666666667,24,2011-11-17 18:43:00
12446.0,58,1,1002.3100000000001,351,17.584385964912283,57,2011-10-13 12:50:00
12447.0,243,1,476.49,190,18.326538461538462,26,2011-04-10 13:25:00
12448.0,44,1,449.45,243,20.429545454545455,22,2011-10-26 13:46:00
12449.0,22,6,4835.89,2282,24.05915422885572,125,2011-11-17 13:46:00
12450.0,156,5,688.2,442,18.6,31,2011-07-06 14:41:00
12451.0,11,8,12669.88,9359,24.794285714285714,352,2011-11-29 08:40:00
12452.0,17,2,430.57,185,19.571363636363635,21,2011-11-23 10:28:00
12453.0,134,1,707.09,473,16.443953488372095,43,2011-07-28 14:08:00
12454.0,56,5,16679.78,7703,416.99449999999996,24,2011-10-14 17:13:00
12455.0,73,10,5879.95,3302,25.902863436123347,199,2011-09-27 15:31:00
12456.0,44,3,3181.04,1633,25.44832,105,2011-10-26 14:41:00
12457.0,66,8,2995.91,1094,35.665595238095236,63,2011-10-04 13:13:00
12458.0,71,4,1777.49,986,21.160595238095237,71,2011-09-29 15:25:00
12459.0,605,1,454.36,258,19.754782608695653,23,2010-04-13 14:53:00
12460.0,456,1,326.65,170,18.147222222222222,18,2010-09-09 13:51:00
12461.0,94,2,826.88,287,23.62514285714286,35,2011-09-06 16:57:00
12462.0,19,2,1189.59,536,19.186935483870965,51,2011-11-21 09:11:00
12463.0,53,4,1344.78,776,16.202168674698793,65,2011-10-17 13:44:00
12464.0,10,8,1212.05,112,41.79482758620689,6,2011-11-29 13:33:00
12465.0,17,2,742.1899999999999,479,15.79127659574468,46,2011-11-22 16:34:00
12466.0,682,1,56.73,1,56.73,1,2010-01-26 16:26:00
12467.0,423,1,132.8,129,14.755555555555556,9,2010-10-12 15:41:00
12468.0,188,5,3670.74,2201,24.4716,127,2011-06-05 11:36:00
12469.0,523,2,3070.54,2552,40.40184210526316,76,2010-07-05 12:40:00
12470.0,690,1,211.95,95,9.215217391304348,23,2010-01-19 11:01:00
12471.0,2,79,39963.79,16882,35.148452066842566,255,2011-12-07 15:43:00
12472.0,32,19,17880.59,11350,19.62743139407245,397,2011-11-07 14:01:00
12473.0,29,5,3938.5499999999997,2439,23.443749999999998,140,2011-11-10 13:46:00
12474.0,17,31,12424.45,7954,17.499225352112678,369,2011-11-22 14:39:00
12475.0,54,2,1149.64,771,18.846557377049184,54,2011-10-17 10:10:00
12476.0,16,23,14115.41,5645,27.35544573643411,358,2011-11-24 12:40:00
12477.0,23,9,20276.37,6119,35.95101063829787,295,2011-11-17 09:51:00
12478.0,4,1,680.99,236,18.91638888888889,36,2011-12-06 09:56:00
12479.0,11,1,527.2,385,17.006451612903227,31,2011-11-28 13:26:00
12480.0,28,7,5464.85,2952,22.58202479338843,177,2011-11-11 14:52:00
12481.0,23,15,12361.39,7253,31.61480818414322,248,2011-11-17 08:29:00
12482.0,576,29,23691.4,27042,116.1343137254902,42,2010-05-12 16:51:00
12483.0,17,19,5120.58,2172,36.83870503597122,68,2011-11-22 17:02:00
12484.0,33,12,6370.15,3271,13.410842105263157,329,2011-11-07 11:37:00
12485.0,529,1,708.1,414,20.826470588235296,34,2010-06-28 15:22:00
12486.0,432,1,1037.28,523,21.168979591836734,49,2010-10-04 12:14:00
12487.0,731,1,285.29999999999995,174,142.64999999999998,2,2009-12-09 11:36:00
12488.0,10,3,1298.66,529,23.612000000000002,46,2011-11-30 08:50:00
12489.0,336,1,334.93,105,22.328666666666667,15,2011-01-07 13:13:00
12490.0,5,21,9823.64,5906,21.26329004329004,195,2011-12-04 16:07:00
12491.0,39,1,460.40000000000003,260,17.70769230769231,25,2011-11-01 12:18:00
12492.0,63,3,715.21,444,17.028809523809525,38,2011-10-07 15:15:00
12493.0,166,2,433.74,207,19.715454545454545,20,2011-06-27 10:17:00
12494.0,16,9,1872.8700000000001,988,16.872702702702703,83,2011-11-24 09:34:00
12495.0,641,1,357.4,130,21.023529411764706,17,2010-03-09 10:53:00
12496.0,620,2,54.09,33,4.160769230769231,10,2010-03-29 14:06:00
12497.0,82,3,6248.5,5685,109.62280701754386,41,2011-09-19 12:29:00
12498.0,21,3,403.70000000000005,159,17.55217391304348,21,2011-11-18 12:53:00
12499.0,560,1,393.72,302,14.582222222222223,27,2010-05-28 15:12:00
12500.0,23,19,5955.21,3377,40.7891095890411,88,2011-11-16 16:20:00
12501.0,337,1,2169.39,1783,14.559664429530201,149,2011-01-07 12:28:00
12502.0,96,5,3723.87,820,25.332448979591835,102,2011-09-05 11:52:00
12503.0,584,1,1126.0,561,563.0,2,2010-05-04 13:59:00
12504.0,18,4,779.05,458,38.9525,11,2011-11-21 16:02:00
12505.0,409,1,955.2,324,22.742857142857144,42,2010-10-27 09:18:00
12506.0,233,1,73.5,23,3.1956521739130435,23,2011-04-21 08:54:00
12507.0,134,4,1844.06,1256,37.633877551020404,46,2011-07-28 17:09:00
12508.0,26,2,398.27,272,5.772028985507246,57,2011-11-13 15:37:00
12509.0,284,1,176.5,55,25.214285714285715,7,2011-02-28 14:45:00
12510.0,143,9,5178.02,2049,35.71048275862069,94,2011-07-20 10:15:00
12511.0,429,1,3084.02,1753,16.231684210526314,190,2010-10-07 10:39:00
12512.0,66,2,138.03,99,4.059705882352941,31,2011-10-04 14:55:00
12513.0,113,1,612.29,462,17.494,35,2011-08-19 10:51:00
12514.0,267,2,1597.76,840,19.02095238095238,76,2011-03-17 16:38:00
12515.0,353,1,383.7,131,23.98125,16,2010-12-21 15:43:00
12516.0,78,4,2648.62,1952,35.792162162162164,49,2011-09-23 09:13:00
12517.0,28,5,2502.84,1371,8.812816901408452,232,2011-11-11 14:04:00
12518.0,1,5,2056.89,1318,16.58782258064516,84,2011-12-09 10:13:00
12519.0,64,2,726.54,395,18.1635,34,2011-10-07 09:26:00
12520.0,79,5,2634.26,1439,17.330657894736845,121,2011-09-21 15:23:00
12521.0,143,1,599.68,309,15.781052631578946,38,2011-07-20 10:51:00
12522.0,39,2,192.72,194,16.06,11,2011-10-31 15:30:00
12523.0,19,23,4372.15,2275,17.488599999999998,176,2011-11-20 12:55:00
12524.0,9,17,11126.11,7178,46.35879166666667,157,2011-11-30 15:31:00
12525.0,498,3,973.73,509,16.228833333333334,56,2010-07-29 16:08:00
12526.0,1,3,1316.66,632,18.54450704225352,64,2011-12-09 12:09:00
12527.0,82,5,735.51,526,22.9846875,26,2011-09-19 11:55:00
12528.0,9,6,1933.48,756,21.01608695652174,50,2011-11-30 14:40:00
12529.0,528,1,316.48,192,15.07047619047619,21,2010-06-29 13:10:00
12530.0,60,9,3759.26,2713,23.792784810126584,94,2011-10-11 12:34:00
12531.0,15,2,1933.2,1119,15.222047244094489,126,2011-11-25 11:12:00
12532.0,30,1,349.83000000000004,153,21.864375000000003,16,2011-11-09 13:47:00
12533.0,628,2,1367.89,704,18.998472222222222,63,2010-03-22 10:56:00
12534.0,131,1,1089.18,651,17.28857142857143,63,2011-08-01 10:26:00
12535.0,92,2,716.35,219,21.069117647058825,28,2011-09-09 08:48:00
12536.0,43,3,12601.830000000002,2803,48.282873563218395,260,2011-10-27 14:20:00
12537.0,409,1,732.94,449,17.04511627906977,43,2010-10-27 08:36:00
12538.0,29,2,640.45,336,18.836764705882356,33,2011-11-10 17:16:00
12539.0,22,7,11214.75,4535,22.251488095238095,276,2011-11-17 13:30:00
12540.0,20,33,22254.49,11019,28.864448767833984,354,2011-11-20 11:31:00
12541.0,30,3,981.18,680,18.868846153846153,46,2011-11-10 10:40:00
12542.0,484,2,481.88,522,12.355897435897436,39,2010-08-12 19:12:00
12543.0,448,1,980.25,688,22.796511627906977,43,2010-09-17 15:51:00
12544.0,36,1,372.7,136,19.61578947368421,19,2011-11-03 16:15:00
12545.0,75,2,1000.39,523,20.0078,42,2011-09-25 13:39:00
12546.0,47,2,1161.5,633,16.833333333333332,59,2011-10-24 12:09:00
12547.0,198,3,383.58,309,18.265714285714285,13,2011-05-26 12:38:00
12548.0,166,1,95.19999999999999,49,19.04,5,2011-06-26 15:35:00
12549.0,576,6,1575.68,1366,32.15673469387755,38,2010-05-13 12:05:00
12550.0,79,1,964.83,569,16.92684210526316,57,2011-09-21 14:35:00
12551.0,358,1,168.0,100,16.8,10,2010-12-17 11:23:00
12552.0,39,2,437.82,88,21.891,20,2011-11-01 10:02:00
12553.0,8,12,4608.75,2325,19.36449579831933,109,2011-12-01 16:38:00
12554.0,449,1,468.5,240,18.01923076923077,26,2010-09-17 12:29:00
12555.0,682,1,129.23,1,129.23,1,2010-01-26 16:26:00
12556.0,50,2,603.71,358,4.989338842975207,100,2011-10-20 13:06:00
12557.0,16,8,18716.14,6782,322.69206896551725,15,2011-11-23 16:59:00
12558.0,8,1,269.96,196,24.54181818181818,11,2011-12-02 10:41:00
12559.0,311,2,561.71,283,26.74809523809524,21,2011-02-02 09:49:00
12560.0,5,3,2134.01,1110,20.323904761904764,91,2011-12-04 13:54:00
12561.0,303,1,238.85,177,14.928125,16,2011-02-10 11:39:00
12562.0,8,9,4966.92,2327,23.99478260869565,113,2011-12-01 17:20:00
12563.0,409,1,249.24,113,19.172307692307694,13,2010-10-27 09:52:00
12564.0,261,1,456.9,133,21.757142857142856,21,2011-03-23 14:55:00
12565.0,289,1,145.92,80,16.21333333333333,9,2011-02-24 10:34:00
12566.0,86,1,351.65,265,18.507894736842104,19,2011-09-14 14:30:00
12567.0,23,15,13709.86,6086,21.455179968701096,365,2011-11-17 11:02:00
12568.0,645,1,70.0,48,14.0,5,2010-03-05 09:15:00
12569.0,2,32,4124.69,1801,21.939840425531912,92,2011-12-07 16:24:00
12570.0,682,1,77.52,1,77.52,1,2010-01-26 17:28:00
12571.0,40,2,519.61,523,15.28264705882353,31,2011-10-31 10:19:00
12572.0,9,2,1020.42,452,17.006999999999998,53,2011-12-01 09:20:00
12573.0,227,5,717.41,479,6.028655462184874,107,2011-04-26 15:52:00
12574.0,316,1,218.45,61,19.85909090909091,11,2011-01-28 09:20:00
12575.0,457,2,622.8199999999999,315,16.389999999999997,34,2010-09-08 13:09:00
12576.0,36,8,2142.72,1494,15.08957746478873,114,2011-11-04 10:11:00
12577.0,35,8,1653.75,1197,5.4759933774834435,259,2011-11-04 13:24:00
12578.0,21,4,4642.45,2380,26.99098837209302,149,2011-11-18 13:30:00
12579.0,78,1,440.42,285,15.18689655172414,29,2011-09-22 17:15:00
12580.0,247,2,1052.9,569,18.153448275862072,52,2011-04-07 10:24:00
12581.0,40,1,197.71,161,13.180666666666667,15,2011-10-31 08:56:00
12582.0,239,4,1980.4,985,19.22718446601942,88,2011-04-15 08:45:00
12583.0,3,27,14447.44,8984,31.003090128755368,141,2011-12-07 08:07:00
12584.0,4,9,2338.15,416,24.355729166666666,44,2011-12-06 09:35:00
12585.0,234,2,2040.1,1279,23.44942528735632,77,2011-04-19 13:39:00
12586.0,17,4,2062.67,687,21.943297872340427,82,2011-11-22 16:24:00
12587.0,8,1,144.0,51,36.0,4,2011-12-02 12:47:00
12588.0,39,4,958.78,438,20.84304347826087,31,2011-10-31 15:01:00
12589.0,29,8,4695.66,1764,26.087,121,2011-11-11 10:19:00
12590.0,211,2,9864.26,4283,145.06264705882353,68,2011-05-12 14:52:00
12591.0,317,3,1352.15,677,19.596376811594205,63,2011-01-26 14:35:00
12592.0,92,5,2582.66,1875,31.88469135802469,42,2011-09-08 15:04:00
12593.0,109,3,418.09999999999997,206,19.909523809523808,14,2011-08-23 12:43:00
12594.0,38,15,5090.110000000001,2768,25.57844221105528,78,2011-11-02 12:20:00
12595.0,505,1,299.02,271,15.737894736842104,19,2010-07-23 09:10:00
12596.0,51,2,618.27,474,22.898888888888887,25,2011-10-19 13:02:00
12597.0,19,4,3811.22,2236,18.50106796116505,184,2011-11-20 13:33:00
12598.0,10,11,4534.09,2906,22.01014563106796,130,2011-11-30 12:18:00
12599.0,29,13,2296.72,2189,17.268571428571427,47,2011-11-10 13:34:00
12600.0,29,21,5043.92,1414,38.21151515151515,53,2011-11-11 10:29:00
12601.0,190,6,681.26,290,20.03705882352941,24,2011-06-03 10:17:00
12602.0,59,1,153.12,162,12.76,12,2011-10-12 11:22:00
12603.0,22,1,739.1999999999999,63,369.59999999999997,2,2011-11-18 10:42:00
12604.0,79,2,254.18,201,15.88625,15,2011-09-21 14:08:00
12605.0,376,4,1232.95,929,16.223026315789475,63,2010-11-28 14:18:00
12606.0,682,1,21.0,1,21.0,1,2010-01-26 16:23:00
12607.0,60,1,1579.51,1228,15.63871287128713,101,2011-10-10 16:06:00
12608.0,405,1,415.79,323,25.986875,16,2010-10-31 10:49:00
12609.0,78,9,3435.86,1553,19.633485714285715,129,2011-09-22 16:34:00
12610.0,23,5,2099.54,1049,19.80698113207547,85,2011-11-17 09:34:00
12611.0,52,1,1193.32,846,18.35876923076923,65,2011-10-18 13:12:00
12612.0,74,1,704.0400000000001,262,37.054736842105264,19,2011-09-26 15:35:00
12613.0,57,10,6835.07,4163,20.90235474006116,218,2011-10-13 14:59:00
12614.0,278,1,315.6,76,15.780000000000001,20,2011-03-07 10:22:00
12615.0,2,8,5740.98,3317,21.262888888888888,198,2011-12-07 15:02:00
12616.0,95,3,1131.1,498,20.946296296296296,32,2011-09-05 15:17:00
12617.0,29,1,355.53,213,8.465,39,2011-11-10 14:39:00
12618.0,22,1,177.31,96,16.11909090909091,11,2011-11-18 11:10:00
12619.0,16,10,3781.38,3518,37.8138,55,2011-11-23 14:52:00
12620.0,15,3,1339.41,1181,14.558804347826088,89,2011-11-25 10:20:00
12621.0,2,35,24775.81,13933,32.176376623376626,344,2011-12-08 11:25:00
12622.0,232,1,180.1,69,16.37272727272727,11,2011-04-21 16:39:00
12623.0,276,7,3747.84,1971,21.663815028901734,112,2011-03-08 13:50:00
12624.0,106,2,641.13,355,16.87184210526316,36,2011-08-25 15:04:00
12625.0,212,4,5164.88,3309,28.22338797814208,144,2011-05-12 09:54:00
12626.0,23,9,6620.48,3453,22.51863945578231,232,2011-11-16 16:06:00
12627.0,11,7,4478.53,2752,19.47186956521739,162,2011-11-29 12:07:00
12628.0,4,3,786.46,448,19.181951219512197,34,2011-12-05 13:15:00
12629.0,386,2,1558.22,722,34.62711111111111,40,2010-11-19 09:18:00
12630.0,10,2,1270.88,548,19.8575,60,2011-11-30 10:48:00
12631.0,57,6,3481.57,1607,19.024972677595628,131,2011-10-13 13:53:00
12632.0,521,2,804.88,694,22.99657142857143,32,2010-07-07 09:39:00
12633.0,59,7,5678.16,3238,18.556078431372548,220,2011-10-12 11:40:00
12634.0,536,2,490.0,337,24.5,20,2010-06-22 10:05:00
12635.0,90,4,2930.41,1949,16.37100558659218,159,2011-09-11 11:04:00
12636.0,739,1,141.0,1,141.0,1,2009-12-01 09:55:00
12637.0,67,12,8340.31,4284,13.134346456692912,295,2011-10-03 13:46:00
12638.0,33,2,921.49,663,19.197708333333335,47,2011-11-06 13:11:00
12639.0,239,3,1312.37,631,20.50578125,58,2011-04-15 12:48:00
12640.0,24,3,1174.58,311,22.16188679245283,47,2011-11-16 11:52:00
12641.0,115,1,185.9,72,18.59,10,2011-08-16 13:26:00
12642.0,25,3,1013.26,552,21.558723404255318,39,2011-11-14 15:03:00
12643.0,128,12,8350.42,4785,160.585,14,2011-08-03 12:56:00
12644.0,130,4,1918.49,1032,17.283693693693692,106,2011-08-02 10:33:00
12645.0,34,8,3539.3,2125,22.120625,111,2011-11-06 12:38:00
12646.0,5,2,1346.97,897,29.932666666666666,43,2011-12-05 10:14:00
12647.0,22,36,17924.35,6878,32.58972727272727,240,2011-11-17 12:56:00
12648.0,155,4,1112.0,518,17.107692307692307,38,2011-07-08 11:55:00
12649.0,107,8,2294.65,1959,19.446186440677966,94,2011-08-24 14:41:00
12650.0,3,1,314.44,254,15.722,20,2011-12-06 16:34:00
12651.0,335,4,377.75,265,12.591666666666667,30,2011-01-09 12:46:00
12652.0,331,2,1017.03,536,19.941764705882353,51,2011-01-12 15:00:00
12653.0,149,3,4160.83,1681,48.38174418604651,76,2011-07-14 10:41:00
12654.0,11,5,601.98,264,15.841578947368422,31,2011-11-29 10:10:00
12655.0,424,1,261.35,80,16.334375,16,2010-10-12 09:17:00
12656.0,17,8,6407.83,2860,25.942631578947367,174,2011-11-22 13:42:00
12657.0,11,4,1643.18,1044,34.961276595744685,35,2011-11-28 15:47:00
12658.0,19,1,686.05,320,19.056944444444444,36,2011-11-21 10:22:00
12659.0,30,1,91.68,105,18.336000000000002,5,2011-11-10 11:53:00
12660.0,11,1,245.1,127,18.853846153846153,13,2011-11-28 13:26:00
12661.0,436,1,162.0,216,14.727272727272727,11,2010-09-29 16:46:00
12662.0,1,20,6988.02,3581,17.21187192118227,163,2011-12-09 11:59:00
12663.0,625,2,239.4,181,23.94,9,2010-03-25 09:40:00
12664.0,8,11,6070.04,1495,134.88977777777777,10,2011-12-01 17:07:00
12665.0,325,3,313.6,165,18.447058823529414,13,2011-01-19 08:34:00
12666.0,394,1,1248.42,370,40.27161290322581,31,2010-11-10 16:40:00
12667.0,58,1,620.13,395,18.791818181818183,33,2011-10-12 17:00:00
12668.0,12,10,11444.68,5076,21.233172541743972,263,2011-11-28 10:56:00
12669.0,151,3,2744.0299999999997,1115,27.168613861386135,98,2011-07-12 09:54:00
12670.0,10,7,3760.29,1627,32.698173913043476,71,2011-11-29 15:23:00
12671.0,606,1,2622.481,1460,58.27735555555556,45,2010-04-12 16:30:00
12672.0,330,2,437.05,138,19.865909090909092,22,2011-01-14 09:20:00
12673.0,5,3,1230.02,700,16.62189189189189,68,2011-12-04 13:55:00
12674.0,39,4,1970.6,1133,23.742168674698792,52,2011-11-01 12:12:00
12675.0,554,2,958.5,337,8.482300884955752,111,2010-06-04 09:49:00
12676.0,25,11,2843.09,1867,26.570934579439253,67,2011-11-15 12:25:00
12677.0,555,2,395.1,176,18.814285714285717,13,2010-06-02 14:30:00
12678.0,42,21,34281.18,22372,91.17335106382978,199,2011-10-28 13:04:00
12679.0,59,4,1113.02,554,23.187916666666666,43,2011-10-12 12:30:00
12680.0,1,4,880.81,444,16.619056603773583,33,2011-12-09 12:50:00
12681.0,15,45,30868.28,17596,21.070498293515357,459,2011-11-25 11:33:00
12682.0,4,52,24033.91,11018,23.13177093358999,327,2011-12-06 10:00:00
12683.0,4,21,12696.78,7683,23.46909426987061,236,2011-12-05 16:31:00
12684.0,8,7,2283.63,1985,21.748857142857144,61,2011-12-02 09:53:00
12685.0,28,6,2863.08,1523,18.236178343949042,117,2011-11-11 13:46:00
12686.0,372,1,178.28,214,12.734285714285715,7,2010-12-03 09:51:00
12687.0,481,2,2138.91,1403,16.97547619047619,126,2010-08-16 12:12:00
12688.0,114,1,4873.8099999999995,3028,28.501812865497072,171,2011-08-18 08:49:00
12689.0,26,2,1247.61,628,17.327916666666667,57,2011-11-14 08:31:00
12690.0,206,1,389.01,106,24.313125,16,2011-05-18 09:09:00
12691.0,28,7,1170.4,445,30.010256410256414,24,2011-11-11 16:49:00
12692.0,637,1,110.95,36,8.534615384615385,13,2010-03-12 14:02:00
12693.0,127,7,1703.02,536,21.557215189873418,63,2011-08-04 17:51:00
12694.0,70,3,1843.35,1355,22.209036144578313,69,2011-09-30 13:06:00
12695.0,7,7,1407.1200000000001,454,23.84949152542373,46,2011-12-02 13:22:00
12696.0,435,2,851.91,564,17.38591836734694,43,2010-10-01 10:43:00
12697.0,29,3,957.59,508,23.355853658536585,37,2011-11-11 08:47:00
12698.0,590,1,339.75,111,21.234375,16,2010-04-28 15:51:00
12699.0,418,1,638.11,373,15.563658536585367,41,2010-10-18 12:07:00
12700.0,8,4,4939.99,2967,18.432798507462685,193,2011-12-02 10:47:00
12701.0,80,6,2446.41,1727,16.642244897959184,118,2011-09-21 10:47:00
12702.0,20,1,219.0,53,18.25,12,2011-11-20 10:36:00
12703.0,71,4,1006.53,595,13.601756756756757,56,2011-09-29 17:52:00
12704.0,7,8,2340.84,1006,26.600454545454546,64,2011-12-02 13:15:00
12705.0,15,14,11762.1,7188,19.636227045075128,320,2011-11-24 13:17:00
12707.0,292,1,603.42,256,18.285454545454545,33,2011-02-21 08:38:00
12708.0,30,18,5314.1,2521,17.14225806451613,130,2011-11-10 09:52:00
12709.0,15,34,31093.34,13983,62.18668,189,2011-11-24 15:38:00
12710.0,97,3,1149.02,851,14.922337662337663,75,2011-09-04 12:00:00
12711.0,612,2,1339.05,770,22.3175,56,2010-04-07 11:59:00
12712.0,29,21,7193.66,2349,26.063985507246375,126,2011-11-11 08:19:00
12713.0,1,1,848.55,508,22.330263157894734,38,2011-12-09 12:16:00
12714.0,9,12,14093.71,8774,20.249583333333334,436,2011-11-30 15:43:00
12715.0,106,1,353.86,197,16.85047619047619,20,2011-08-25 15:22:00
12716.0,4,2,1053.49,708,15.267971014492753,60,2011-12-06 08:55:00
12717.0,151,3,1308.91,600,18.435352112676057,60,2011-07-11 14:47:00
12718.0,71,1,238.25,203,12.539473684210526,19,2011-09-29 16:38:00
12719.0,5,2,644.95,374,16.53717948717949,34,2011-12-04 13:45:00
12720.0,3,30,8260.67,6317,16.229214145383104,262,2011-12-07 08:03:00
12721.0,32,8,4013.08,2655,16.79112970711297,183,2011-11-08 12:13:00
12722.0,85,4,997.63,566,18.82320754716981,50,2011-09-15 14:50:00
12723.0,4,5,725.07,434,10.508260869565218,53,2011-12-06 10:19:00
12724.0,5,7,2317.52,1379,17.96527131782946,94,2011-12-04 16:02:00
12725.0,371,4,2694.56,1306,20.727384615384615,92,2010-12-03 15:45:00
12726.0,28,11,4014.6,4618,22.427932960893855,63,2011-11-11 13:35:00
12727.0,11,10,5679.53,2832,27.9779802955665,132,2011-11-29 11:46:00
12728.0,71,5,1070.17,543,17.54377049180328,48,2011-09-29 15:31:00
12729.0,114,1,453.01,233,17.423461538461538,26,2011-08-18 11:40:00
12730.0,522,1,829.25,234,17.643617021276597,47,2010-07-06 12:19:00
12731.0,24,17,25775.71,11641,65.58704834605598,137,2011-11-16 11:59:00
12732.0,180,1,236.26000000000002,111,19.688333333333336,12,2011-06-13 11:33:00
12733.0,234,4,2424.87,896,15.445031847133757,117,2011-04-19 16:19:00
12734.0,353,3,639.65,265,33.66578947368421,17,2010-12-22 12:47:00
12735.0,315,2,779.5699999999999,368,18.12953488372093,38,2011-01-28 13:37:00
12736.0,333,1,234.0,173,58.5,4,2011-01-11 07:57:00
12737.0,499,2,3710.5,2,1855.25,2,2010-07-29 12:29:00
12738.0,372,1,310.7,296,14.122727272727273,11,2010-12-02 18:27:00
12739.0,78,4,2726.73,951,30.63741573033708,85,2011-09-22 13:00:00
12740.0,64,1,427.6,342,15.837037037037037,27,2011-10-07 10:44:00
12741.0,529,2,406.07,214,25.379375,16,2010-06-28 14:36:00
12742.0,626,1,1201.52,1359,17.933134328358207,67,2010-03-24 12:43:00
12743.0,134,2,546.43,319,4.077835820895522,114,2011-07-28 16:21:00
12744.0,52,11,25317.06,6994,74.68159292035399,245,2011-10-19 11:18:00
12745.0,487,3,925.41,468,40.235217391304346,21,2010-08-10 10:14:00
12746.0,541,1,254.55,97,14.973529411764707,17,2010-06-17 10:41:00
12747.0,2,26,9276.539999999999,2758,36.09548638132296,85,2011-12-07 14:34:00
12748.0,1,336,56599.39,39108,7.830574156059767,2286,2011-12-09 12:20:00
12749.0,4,9,6897.36,2360,20.40639053254438,260,2011-12-06 09:56:00
12750.0,129,1,275.88,137,18.392,15,2011-08-03 09:13:00
12751.0,445,1,268.27,189,4.326935483870967,61,2010-09-21 12:49:00
12752.0,81,1,4366.78,2262,82.3920754716981,53,2011-09-19 13:32:00
12753.0,23,6,21429.39,11421,108.77862944162436,132,2011-11-17 10:52:00
12754.0,236,3,3010.74,6481,47.78952380952381,49,2011-04-18 09:00:00
12755.0,281,11,9030.66,3781,141.1040625,34,2011-03-04 12:42:00
12756.0,87,1,112.07999999999998,144,28.019999999999996,4,2011-09-14 09:31:00
12757.0,16,13,7857.1,2402,21.178167115902966,237,2011-11-24 12:30:00
12758.0,117,7,9903.24,6155,31.639744408945685,187,2011-08-15 10:22:00
12759.0,52,8,5020.74,3202,16.62496688741722,206,2011-10-18 14:49:00
12760.0,456,1,347.8,198,16.561904761904763,21,2010-09-10 08:50:00
12761.0,458,2,782.95,281,28.99814814814815,27,2010-09-08 12:17:00
12762.0,8,2,1898.52,1227,27.51478260869565,62,2011-12-02 10:23:00
12763.0,138,2,814.16,512,23.945882352941176,16,2011-07-24 14:12:00
12764.0,317,1,1693.88,386,37.64177777777778,45,2011-01-27 10:19:00
12765.0,472,6,1404.58,1009,20.65558823529412,49,2010-08-24 13:51:00
12766.0,4,9,10068.28,5446,22.128087912087913,253,2011-12-06 08:46:00
12767.0,376,1,949.82,598,22.088837209302326,43,2010-11-29 09:38:00
12768.0,451,1,168.69000000000003,102,16.869000000000003,10,2010-09-15 12:08:00
12769.0,239,1,1143.6,356,35.7375,32,2011-04-15 10:25:00
12770.0,211,2,3246.45,1843,115.94464285714285,19,2011-05-13 09:33:00
12771.0,486,1,282.3,104,18.82,15,2010-08-11 11:51:00
12772.0,60,1,892.47,556,16.226727272727274,55,2011-10-11 09:19:00
12773.0,564,1,124.25,109,20.708333333333332,6,2010-05-24 17:30:00
12774.0,536,1,98.7,53,16.45,6,2010-06-22 10:38:00
12775.0,17,7,1686.12,1083,20.816296296296294,55,2011-11-22 16:33:00
12776.0,668,1,55.5,46,13.875,4,2010-02-10 12:11:00
12777.0,458,1,519.45,458,19.978846153846156,26,2010-09-08 11:35:00
12778.0,20,9,1775.68,1735,15.576140350877193,77,2011-11-20 11:30:00
12779.0,38,14,6722.2699999999995,3641,24.26812274368231,142,2011-11-02 11:43:00
12780.0,599,1,337.4,285,16.869999999999997,20,2010-04-20 09:40:00
12781.0,64,2,826.74,671,33.0696,25,2011-10-07 10:37:00
12782.0,5,11,4618.24,2017,20.344669603524228,142,2011-12-05 09:16:00
12783.0,2,6,2225.91,624,26.49892857142857,76,2011-12-07 15:56:00
12784.0,9,3,1804.75,882,13.776717557251908,121,2011-11-30 15:38:00
12785.0,364,3,1100.4,453,19.650000000000002,42,2010-12-10 13:48:00
12786.0,610,1,728.5,324,40.47222222222222,18,2010-04-09 12:12:00
12787.0,10,4,862.18,510,19.595,30,2011-11-30 08:44:00
12788.0,463,4,444.9,194,17.111538461538462,20,2010-09-02 14:21:00
12789.0,65,3,273.35,36,34.16875,5,2011-10-05 13:34:00
12790.0,192,2,591.85,306,15.995945945945946,36,2011-05-31 14:14:00
12791.0,374,6,1056.1100000000001,450,35.20366666666667,17,2010-12-01 11:27:00
12792.0,257,2,827.01,394,17.59595744680851,39,2011-03-28 11:36:00
12793.0,335,3,1017.33,526,19.94764705882353,34,2011-01-09 12:12:00
12794.0,53,2,860.41,592,19.12022222222222,43,2011-10-17 14:54:00
12795.0,19,1,430.48,68,30.74857142857143,14,2011-11-21 10:27:00
12796.0,628,1,381.0,182,54.42857142857143,7,2010-03-21 15:49:00
12797.0,366,2,806.11,333,18.746744186046513,27,2010-12-09 10:55:00
12798.0,10,4,8510.93,8455,257.9069696969697,27,2011-11-29 15:52:00
12799.0,529,1,219.35,137,14.623333333333333,15,2010-06-28 15:57:00
12800.0,470,3,584.25,284,17.183823529411764,31,2010-08-26 14:11:00
12801.0,501,1,1071.82,505,21.4364,50,2010-07-27 09:38:00
12802.0,187,7,2416.42,1972,17.510289855072465,108,2011-06-06 09:36:00
12803.0,393,1,1092.81,872,19.869272727272726,55,2010-11-11 14:57:00
12804.0,466,2,327.02,271,4.88089552238806,60,2010-08-31 11:58:00
12805.0,382,4,1434.95,593,24.74051724137931,44,2010-11-23 12:27:00
12806.0,435,4,2878.96,2087,42.96955223880597,58,2010-09-30 13:34:00
12807.0,383,1,330.35,145,20.646875,16,2010-11-21 14:21:00
12808.0,37,5,906.1,375,16.77962962962963,46,2011-11-03 10:05:00
12809.0,178,3,1755.94,518,21.67827160493827,75,2011-06-15 10:51:00
12810.0,535,2,534.99,389,16.7184375,32,2010-06-23 10:53:00
12811.0,261,5,1033.9,435,18.462500000000002,47,2011-03-24 09:42:00
12812.0,45,1,229.64000000000001,164,15.309333333333335,15,2011-10-26 09:54:00
12813.0,502,3,1687.8,1141,37.50666666666667,37,2010-07-26 09:50:00
12814.0,102,1,125.92,49,62.96,2,2011-08-30 12:11:00
12815.0,148,2,1063.46,379,22.6268085106383,38,2011-07-15 10:21:00
12816.0,96,2,572.2,128,19.731034482758623,27,2011-09-05 12:41:00
12817.0,281,3,690.98,219,27.639200000000002,16,2011-03-03 16:28:00
12818.0,262,1,1542.08,929,110.14857142857143,14,2011-03-23 12:06:00
12819.0,458,1,540.52,344,28.448421052631577,19,2010-09-07 15:20:00
12820.0,3,11,2689.52,1964,16.915220125786163,131,2011-12-06 15:12:00
12821.0,214,2,220.8,162,16.984615384615385,13,2011-05-09 15:51:00
12822.0,71,2,948.88,550,20.62782608695652,41,2011-09-30 10:04:00
12823.0,75,18,6501.5,930,361.19444444444446,1,2011-09-26 07:35:00
12824.0,60,1,397.12,232,15.8848,25,2011-10-11 12:49:00
12825.0,521,2,518.63,139,21.609583333333333,20,2010-07-06 13:56:00
12826.0,3,12,2955.75,1995,17.805722891566266,93,2011-12-07 10:25:00
12827.0,6,3,430.15000000000003,197,17.206000000000003,19,2011-12-04 12:17:00
12828.0,3,6,1018.71,494,18.19125,46,2011-12-07 08:45:00
12829.0,337,3,385.3,550,20.278947368421054,17,2011-01-07 11:13:00
12830.0,38,6,6814.64,9848,179.33263157894737,13,2011-11-02 11:54:00
12831.0,262,3,451.11,303,20.505,16,2011-03-22 13:02:00
12832.0,32,2,383.03,195,14.186296296296295,27,2011-11-07 13:30:00
12833.0,145,1,417.38,156,17.390833333333333,24,2011-07-17 13:46:00
12834.0,283,1,312.38,110,17.354444444444443,18,2011-03-02 09:49:00
12835.0,428,41,6043.31,2357,9.747274193548387,138,2010-10-08 10:59:00
12836.0,59,15,6585.62,2236,15.907294685990339,280,2011-10-11 15:10:00
12837.0,173,2,688.41,209,7.482717391304347,83,2011-06-19 16:07:00
12838.0,34,10,3398.48,1845,8.034231678486998,230,2011-11-06 12:20:00
12839.0,3,26,10071.73,6849,17.48564236111111,156,2011-12-07 12:33:00
12840.0,144,7,4041.97,2258,22.965738636363636,109,2011-07-19 09:29:00
12841.0,5,40,7540.68,5414,10.741709401709402,307,2011-12-05 11:13:00
12842.0,70,4,1917.99,887,39.958125,45,2011-09-30 15:33:00
12843.0,66,30,6588.41,3031,29.81180995475113,130,2011-10-05 12:09:00
12844.0,29,4,648.6,223,6.297087378640777,88,2011-11-10 13:31:00
12845.0,267,4,354.09,204,13.114444444444443,26,2011-03-17 13:34:00
12846.0,682,1,15.58,1,15.58,1,2010-01-26 16:29:00
12847.0,22,2,1636.8999999999999,1533,12.99126984126984,100,2011-11-17 13:16:00
12848.0,676,1,208.0,58,13.0,16,2010-02-02 12:45:00
12849.0,31,6,3090.56,1882,20.88216216216216,123,2011-11-08 13:41:00
12850.0,446,1,330.0,200,165.0,2,2010-09-20 12:26:00
12851.0,97,2,284.13,160,3.551625,71,2011-09-04 12:41:00
12852.0,295,1,311.55,149,18.326470588235296,17,2011-02-18 08:47:00
12853.0,135,11,3907.5,1668,26.402027027027028,111,2011-07-28 11:29:00
12854.0,79,7,2994.02,1635,11.298188679245284,188,2011-09-22 12:15:00
12855.0,373,4,650.9399999999999,270,9.299142857142856,65,2010-12-02 09:37:00
12856.0,8,6,2179.93,1079,6.942452229299363,155,2011-12-02 10:52:00
12857.0,211,6,3688.0,1420,30.479338842975206,71,2011-05-13 10:20:00
12858.0,383,1,177.92,63,3.631020408163265,36,2010-11-21 12:55:00
12859.0,459,1,575.1,292,27.385714285714286,21,2010-09-07 12:20:00
12860.0,693,1,55.47,27,3.262941176470588,16,2010-01-15 15:22:00
12861.0,620,1,68.25,27,17.0625,4,2010-03-30 11:39:00
12862.0,426,2,1008.3199999999999,613,7.581353383458646,119,2010-10-10 11:47:00
12863.0,52,6,2792.5499999999997,895,58.178124999999994,24,2011-10-18 14:15:00
12864.0,138,2,299.57,447,42.79571428571428,5,2011-07-24 13:03:00
12865.0,26,4,3323.47,1973,17.043435897435895,156,2011-11-13 14:31:00
12866.0,283,3,1227.35,553,19.48174603174603,58,2011-03-01 14:11:00
12867.0,26,13,7913.29,7939,7.444299153339605,365,2011-11-13 15:30:00
12868.0,186,8,2247.06,1282,15.39082191780822,86,2011-06-07 10:42:00
12869.0,682,1,337.66999999999996,144,9.126216216216216,35,2010-01-27 12:10:00
12870.0,375,3,1676.95,906,18.031720430107526,85,2010-11-29 13:42:00
12871.0,84,3,744.02,484,41.33444444444444,13,2011-09-16 15:07:00
12872.0,327,12,3685.4900000000002,1855,8.452958715596331,217,2011-01-17 10:52:00
12873.0,282,3,2027.3,786,57.92285714285714,33,2011-03-02 14:58:00
12874.0,385,2,948.42,623,19.75875,44,2010-11-19 15:23:00
12875.0,143,5,1356.99,5187,169.62375,2,2011-07-19 15:30:00
12876.0,58,4,4081.79,3047,24.010529411764704,117,2011-10-13 12:26:00
12877.0,4,20,2955.17,2262,10.668483754512636,149,2011-12-06 10:30:00
12878.0,236,2,854.99,547,18.191276595744682,38,2011-04-17 13:07:00
12879.0,45,3,573.22,370,57.322,7,2011-10-26 12:24:00
12880.0,382,2,640.13,279,17.781388888888888,32,2010-11-23 10:50:00
12881.0,276,1,298.0,21,42.57142857142857,7,2011-03-09 11:44:00
12882.0,9,2,1463.04,246,112.54153846153847,12,2011-11-30 16:18:00
12883.0,25,4,703.47,196,16.749285714285715,39,2011-11-15 09:32:00
12884.0,88,1,309.05,43,44.15,7,2011-09-12 13:10:00
12885.0,63,3,1175.22,655,16.552394366197184,66,2011-10-07 13:40:00
12886.0,68,2,1378.4,770,16.809756097560978,75,2011-10-03 10:09:00
12887.0,384,1,222.4,100,17.107692307692307,13,2010-11-21 11:18:00
12888.0,214,2,354.12,76,70.824,4,2011-05-09 16:02:00
12889.0,381,4,385.46000000000004,124,15.418400000000002,25,2010-11-23 16:08:00
12890.0,24,2,717.27,466,5.16021582733813,124,2011-11-15 17:26:00
12891.0,186,11,840.5,2325,76.4090909090909,2,2011-06-07 12:31:00
12892.0,397,1,263.38,140,14.632222222222222,18,2010-11-08 09:51:00
12893.0,31,1,188.14,96,5.533529411764706,27,2011-11-09 12:34:00
12894.0,575,1,157.35,33,7.492857142857143,21,2010-05-13 14:47:00
12895.0,42,2,372.8,210,16.945454545454545,22,2011-10-28 13:51:00
12897.0,205,4,514.25,249,36.732142857142854,10,2011-05-19 12:13:00
12898.0,464,2,310.96000000000004,240,9.717500000000001,27,2010-09-02 08:08:00
12899.0,414,1,366.4,108,21.552941176470586,17,2010-10-22 09:53:00
12900.0,422,1,340.33,139,26.179230769230767,13,2010-10-13 15:17:00
12901.0,9,28,17654.54,23075,152.19431034482758,30,2011-12-01 10:07:00
12902.0,265,1,138.68,66,13.868,10,2011-03-20 12:06:00
12903.0,429,1,833.53,493,20.33,41,2010-10-07 12:39:00
12904.0,18,2,509.58,302,7.0775,59,2011-11-21 14:34:00
12905.0,577,2,1018.42,532,18.85962962962963,52,2010-05-12 10:05:00
12906.0,12,5,2919.81,1749,46.34619047619047,55,2011-11-28 09:55:00
12907.0,396,2,508.91,177,20.3564,23,2010-11-09 12:08:00
12908.0,176,5,1776.0,3000,355.2,1,2011-06-16 15:39:00
12909.0,40,8,3103.19,1948,19.640443037974684,120,2011-10-31 12:43:00
12910.0,23,13,5796.52,3632,42.31036496350365,75,2011-11-16 14:28:00
12911.0,552,1,1680.47,820,6.77608870967742,220,2010-06-06 12:13:00
12912.0,3,5,1662.3,670,69.2625,17,2011-12-07 08:55:00
12913.0,5,13,6700.860000000001,3232,69.80062500000001,52,2011-12-05 12:11:00
12914.0,401,1,223.98,336,24.886666666666667,9,2010-11-04 12:28:00
12915.0,149,4,1174.75,452,16.09246575342466,46,2011-07-14 11:34:00
12916.0,139,7,4654.0199999999995,1774,25.293586956521736,82,2011-07-24 10:35:00
12917.0,128,6,4359.2,1104,87.184,45,2011-08-03 16:42:00
12918.0,626,1,10953.5,1,10953.5,1,2010-03-23 15:22:00
12919.0,8,6,1335.19,673,26.7038,34,2011-12-01 13:47:00
12920.0,17,4,488.09000000000003,421,8.134833333333335,59,2011-11-22 15:05:00
12921.0,9,74,35921.04,21708,23.41658409387223,322,2011-11-30 16:22:00
12922.0,161,1,405.38,370,14.477857142857143,28,2011-07-01 15:35:00
12923.0,64,3,789.87,237,12.73983870967742,54,2011-10-06 16:20:00
12924.0,88,12,2469.4,1423,33.37027027027027,56,2011-09-12 13:55:00
12925.0,5,3,729.3299999999999,649,14.586599999999999,46,2011-12-05 11:11:00
12926.0,411,4,1548.46,766,5.651313868613139,202,2010-10-24 15:57:00
12927.0,395,1,197.31,145,17.937272727272727,11,2010-11-10 10:02:00
12928.0,35,12,4304.89,2899,24.049664804469277,94,2011-11-04 14:24:00
12929.0,312,1,117.85,37,14.73125,8,2011-02-01 12:08:00
12930.0,78,2,415.8,252,16.632,20,2011-09-22 15:18:00
12931.0,22,57,92347.34,62906,423.61165137614677,37,2011-11-18 12:39:00
12932.0,539,8,1698.56,1609,17.87957894736842,69,2010-06-18 14:22:00
12933.0,24,8,1687.03,959,5.699425675675675,227,2011-11-15 16:38:00
12934.0,737,1,181.65,31,90.825,2,2009-12-03 10:51:00
12935.0,2,15,4243.86,3201,16.70811023622047,113,2011-12-07 17:25:00
12936.0,17,4,1063.9,559,17.15967741935484,56,2011-11-22 17:32:00
12937.0,15,9,3097.61,1983,14.274700460829493,128,2011-11-24 15:05:00
12938.0,26,1,114.14,140,12.682222222222222,9,2011-11-14 11:21:00
12939.0,64,20,25264.8,10328,293.7767441860465,24,2011-10-06 14:33:00
12940.0,55,2,913.54,411,9.227676767676767,87,2011-10-16 12:09:00
12941.0,724,1,377.49,381,13.981111111111112,27,2009-12-15 13:12:00
12942.0,131,3,942.65,272,10.358791208791208,68,2011-07-31 14:39:00
12943.0,558,2,496.5,222,19.86,22,2010-05-30 13:52:00
12944.0,36,2,604.51,289,20.150333333333332,29,2011-11-04 11:04:00
12945.0,288,2,900.11,446,17.64921568627451,47,2011-02-24 14:15:00
12946.0,437,1,324.45,149,16.2225,20,2010-09-29 10:14:00
12947.0,144,6,1908.03,1349,16.737105263157893,83,2011-07-19 10:06:00
12948.0,16,9,2317.43,1304,18.53944,89,2011-11-23 17:10:00
12949.0,31,22,15526.7,8233,21.715664335664336,347,2011-11-09 11:25:00
12950.0,2,3,1843.0,1380,80.1304347826087,13,2011-12-07 13:17:00
12951.0,9,15,3213.7200000000003,1662,16.56556701030928,110,2011-12-01 12:14:00
12952.0,6,4,1387.79,653,17.566962025316457,64,2011-12-04 10:35:00
12953.0,10,2,828.8100000000001,364,17.266875000000002,45,2011-11-30 09:24:00
12954.0,639,1,162.45,83,16.244999999999997,10,2010-03-11 10:16:00
12955.0,1,11,4757.16,3664,26.428666666666665,81,2011-12-08 16:29:00
12956.0,306,4,521.89,340,12.425952380952381,42,2011-02-06 16:08:00
12957.0,10,13,8706.97,4686,17.769326530612243,402,2011-11-30 09:53:00
12958.0,400,2,539.49,131,9.464736842105264,45,2010-11-04 16:16:00
12959.0,484,1,150.95,109,18.86875,8,2010-08-12 17:20:00
12960.0,414,4,1322.07,1379,18.886714285714284,49,2010-10-22 09:31:00
12961.0,379,1,211.99,180,5.29975,37,2010-11-25 16:44:00
12962.0,7,2,266.39,129,16.649375,15,2011-12-02 15:55:00
12963.0,8,12,3601.59,1809,18.955736842105264,129,2011-12-01 12:55:00
12964.0,437,1,132.24,56,5.086153846153847,26,2010-09-28 17:47:00
12965.0,89,1,771.91,283,7.081743119266055,108,2011-09-11 15:31:00
12966.0,10,1,160.18,75,16.018,10,2011-11-30 12:38:00
12967.0,358,3,4306.92,1272,53.8365,47,2010-12-16 19:10:00
12968.0,112,1,135.95,73,27.189999999999998,5,2011-08-19 15:44:00
12969.0,603,1,122.45,55,24.490000000000002,5,2010-04-16 10:50:00
12970.0,7,10,1524.97,1014,3.9816449086161882,280,2011-12-02 14:30:00
12971.0,4,116,15972.79,14587,37.58303529411765,102,2011-12-06 12:20:00
12972.0,414,4,1161.2,844,15.08051948051948,69,2010-10-22 08:41:00
12973.0,414,1,385.55,31,64.25833333333334,6,2010-10-22 10:14:00
12974.0,198,2,408.95,104,12.7796875,27,2011-05-26 09:33:00
12975.0,437,6,2100.09,911,18.750803571428573,92,2010-09-29 09:46:00
12976.0,212,8,3156.38,2684,20.495974025974025,106,2011-05-12 09:55:00
12977.0,156,4,517.63,131,8.773389830508474,54,2011-07-06 16:40:00
12978.0,385,5,2502.82,1394,15.35472392638037,126,2010-11-19 14:29:00
12979.0,729,1,517.7,520,9.244642857142859,56,2009-12-10 15:45:00
12980.0,158,21,16245.78,1910,312.4188461538462,7,2011-07-05 09:34:00
12981.0,30,2,372.21999999999997,242,18.610999999999997,12,2011-11-10 12:00:00
12982.0,243,8,2744.81,1729,15.420280898876404,139,2011-04-11 11:51:00
12983.0,598,1,490.08000000000004,638,16.336000000000002,30,2010-04-20 12:58:00
12984.0,19,1,97.5,26,24.375,4,2011-11-21 12:37:00
12985.0,1,2,1239.38,1533,16.30763157894737,73,2011-12-09 10:46:00
12986.0,429,10,2729.84,1164,26.763137254901963,61,2010-10-07 11:57:00
12987.0,74,5,1312.21,585,19.881969696969698,61,2011-09-27 12:03:00
12988.0,292,1,535.32,136,5.818695652173914,75,2011-02-20 14:31:00
12989.0,3,33,13551.75,6935,139.70876288659792,50,2011-12-06 15:28:00
12990.0,31,7,955.5,480,35.388888888888886,9,2011-11-08 13:01:00
12991.0,23,3,764.82,483,16.996000000000002,45,2011-11-16 15:34:00
12992.0,725,1,93.35000000000001,21,15.558333333333335,6,2009-12-14 16:46:00
12993.0,23,8,1259.6299999999999,751,16.57407894736842,57,2011-11-16 15:49:00
12994.0,4,3,974.4200000000001,459,15.97409836065574,52,2011-12-05 15:43:00
12995.0,85,1,211.32,108,70.44,3,2011-09-15 15:44:00
12996.0,376,1,355.5,122,16.15909090909091,22,2010-11-29 09:27:00
12997.0,22,8,2110.91,1186,19.728130841121494,65,2011-11-17 15:47:00
12998.0,493,3,920.08,1124,15.86344827586207,58,2010-08-04 08:05:00
12999.0,196,3,455.88,342,16.28142857142857,25,2011-05-27 13:24:00
13000.0,107,4,1032.5,548,16.653225806451612,57,2011-08-25 10:43:00
13001.0,4,33,24172.100000000002,13539,23.559551656920082,300,2011-12-05 14:51:00
13002.0,318,3,414.13,201,18.00565217391304,19,2011-01-25 15:18:00
13003.0,106,3,149.05,103,24.84166666666667,4,2011-08-26 10:50:00
13004.0,12,36,11650.85,8768,14.295521472392638,417,2011-11-28 11:27:00
13005.0,174,4,999.68,462,17.85142857142857,41,2011-06-19 10:53:00
13006.0,56,1,81.57,55,20.3925,4,2011-10-14 13:49:00
13007.0,580,1,175.25,59,15.931818181818182,11,2010-05-09 10:38:00
13008.0,323,3,612.13,379,17.489428571428572,31,2011-01-20 14:24:00
13009.0,673,1,234.0,120,58.5,4,2010-02-05 12:22:00
13010.0,374,2,330.12,323,27.51,10,2010-11-30 15:09:00
13011.0,372,1,101.10000000000001,26,16.85,3,2010-12-02 17:22:00
13012.0,9,11,2972.83,1563,19.30409090909091,95,2011-11-30 13:05:00
13013.0,1,29,12625.77,6463,22.790198555956678,289,2011-12-08 15:01:00
13014.0,11,11,5381.08,1979,24.02267857142857,140,2011-11-29 12:27:00
13015.0,53,11,6586.42,3535,18.872263610315187,260,2011-10-17 13:19:00
13016.0,73,3,789.89,527,16.806170212765956,39,2011-09-27 14:08:00
13017.0,7,1,204.0,48,204.0,1,2011-12-02 15:53:00
13018.0,16,35,9763.16,6746,16.190978441127694,401,2011-11-23 13:28:00
13019.0,379,6,1229.95,397,22.362727272727273,46,2010-11-25 14:56:00
13020.0,563,2,618.96,278,15.870769230769232,38,2010-05-26 11:12:00
13021.0,4,17,4887.24,2546,19.016498054474706,166,2011-12-05 16:37:00
13022.0,430,1,65.3,35,13.059999999999999,5,2010-10-06 10:50:00
13023.0,64,3,1449.03,585,19.066184210526316,69,2011-10-06 16:27:00
13024.0,471,2,555.87,181,17.931290322580644,26,2010-08-26 09:42:00
13025.0,732,1,323.39,241,24.876153846153844,13,2009-12-08 10:02:00
13026.0,1,9,1733.08,2466,21.13512195121951,52,2011-12-08 16:58:00
13027.0,114,19,17335.2,43080,201.57209302325583,7,2011-08-18 09:39:00
13028.0,23,2,661.3199999999999,798,14.695999999999998,40,2011-11-17 11:10:00
13029.0,31,5,1927.3,194,113.37058823529412,13,2011-11-09 09:13:00
13030.0,11,2,1227.22,598,7.718364779874214,76,2011-11-28 14:30:00
13031.0,407,5,3419.27,2399,7.860390804597701,275,2010-10-28 15:34:00
13032.0,52,9,2843.55,1281,13.412971698113209,147,2011-10-18 15:54:00
13033.0,357,2,220.55,98,16.965384615384615,12,2010-12-17 14:23:00
13034.0,55,3,922.68,522,16.776,42,2011-10-16 12:21:00
13035.0,74,3,1364.2,926,32.48095238095238,27,2011-09-27 08:57:00
13036.0,685,1,307.1,38,51.18333333333334,6,2010-01-24 11:35:00
13037.0,138,12,3914.9500000000003,2130,16.87478448275862,181,2011-07-24 15:46:00
13038.0,80,3,908.46,360,32.445,24,2011-09-20 14:37:00
13039.0,584,4,1010.73,290,18.37690909090909,37,2010-05-04 16:45:00
13040.0,9,2,676.99,355,15.743953488372092,38,2011-12-01 10:38:00
13041.0,451,4,799.13,335,22.832285714285714,23,2010-09-15 11:44:00
13042.0,598,3,1556.54,830,7.82180904522613,164,2010-04-20 13:43:00
13043.0,273,1,516.42,254,39.72461538461538,13,2011-03-11 14:52:00
13044.0,291,11,4853.9,2553,11.584486873508352,356,2011-02-21 15:20:00
13045.0,99,3,808.92,405,17.976,41,2011-09-01 15:04:00
13046.0,31,3,949.25,505,16.950892857142858,50,2011-11-09 08:36:00
13047.0,32,24,8795.16,3429,22.266227848101266,190,2011-11-08 12:06:00
13048.0,14,9,4084.21,2705,15.239589552238806,125,2011-11-25 13:23:00
13049.0,64,4,1408.24,620,54.16307692307692,19,2011-10-06 15:31:00
13050.0,15,35,12344.53,7206,12.23442021803766,513,2011-11-25 09:18:00
13051.0,579,2,155.8,72,38.95,4,2010-05-10 09:14:00
13052.0,212,7,3168.53,1454,12.523833992094863,161,2011-05-11 14:12:00
13053.0,622,1,127.65,47,7.508823529411765,17,2010-03-28 11:28:00
13055.0,78,4,2321.11,1821,15.072142857142858,145,2011-09-22 14:26:00
13056.0,551,1,209.48,158,11.025263157894736,18,2010-06-06 14:10:00
13057.0,530,3,722.09,466,17.611951219512196,34,2010-06-27 15:44:00
13058.0,25,3,271.40000000000003,52,33.925000000000004,5,2011-11-15 12:43:00
13059.0,250,10,2303.17,864,11.401831683168318,155,2011-04-04 10:40:00
13060.0,254,1,307.53,123,20.502,15,2011-03-31 11:37:00
13061.0,72,1,248.61,107,24.861,10,2011-09-28 16:04:00
13062.0,191,1,346.98,343,31.543636363636367,11,2011-06-01 15:12:00
13063.0,481,1,188.4,116,15.700000000000001,12,2010-08-16 12:27:00
13064.0,13,6,1680.74,670,17.880212765957445,58,2011-11-27 12:31:00
13065.0,373,5,1260.91,455,16.59092105263158,49,2010-12-01 16:52:00
13066.0,24,2,470.8,322,9.808333333333334,48,2011-11-15 12:57:00
13067.0,82,3,508.51,131,15.8909375,24,2011-09-18 13:38:00
13068.0,10,2,344.0,200,172.0,1,2011-11-29 15:00:00
13069.0,1,38,9683.13,15404,8.676639784946236,573,2011-12-09 08:39:00
13070.0,192,4,751.7,372,22.77878787878788,12,2011-05-31 13:45:00
13071.0,612,1,129.22,30,10.768333333333333,12,2010-04-06 13:37:00
13072.0,267,1,177.15,69,25.307142857142857,7,2011-03-18 08:12:00
13073.0,411,2,418.08,261,15.484444444444444,25,2010-10-24 14:06:00
13074.0,511,4,1378.74,826,47.54275862068965,26,2010-07-16 16:53:00
13075.0,130,1,919.61,485,41.80045454545455,22,2011-08-02 10:19:00
13076.0,458,1,135.4,44,15.044444444444444,9,2010-09-08 10:27:00
13077.0,1,11,3064.67,2785,8.831902017291066,208,2011-12-08 19:24:00
13078.0,3,57,29532.45,12183,36.86947565543071,153,2011-12-06 15:36:00
13079.0,4,6,419.18,158,24.657647058823528,11,2011-12-05 16:53:00
13080.0,179,4,280.73,193,14.775263157894738,17,2011-06-13 14:59:00
13081.0,12,28,59205.15,41423,25.150870858113848,738,2011-11-28 10:54:00
13082.0,126,21,7335.75,8466,56.866279069767444,99,2011-08-05 16:16:00
13083.0,4,3,395.43,307,17.974090909090908,19,2011-12-05 15:01:00
13084.0,492,1,122.39999999999999,144,61.199999999999996,2,2010-08-05 08:49:00
13085.0,158,8,2433.28,944,28.96761904761905,50,2011-07-05 12:11:00
13086.0,383,1,439.33000000000004,155,9.34744680851064,47,2010-11-22 10:28:00
13087.0,726,1,313.64,86,20.909333333333333,15,2009-12-13 15:16:00
13088.0,417,1,236.11,76,11.8055,19,2010-10-18 15:35:00
13089.0,3,203,116737.86,60229,34.72274241522903,857,2011-12-07 09:02:00
13090.0,9,24,14103.09,3445,49.83424028268551,163,2011-12-01 12:39:00
13091.0,28,3,2321.82,1339,51.596000000000004,41,2011-11-11 15:54:00
13092.0,71,12,2140.28,664,20.38361904761905,52,2011-09-30 11:18:00
13093.0,276,55,54943.65,26227,52.327285714285715,199,2011-03-09 12:14:00
13094.0,21,13,2433.1200000000003,2088,76.03500000000001,5,2011-11-18 14:07:00
13095.0,71,1,74.39999999999999,144,12.399999999999999,6,2011-09-30 12:03:00
13096.0,394,1,419.70000000000005,6,419.70000000000005,1,2010-11-10 14:08:00
13097.0,33,28,13389.22,5396,13.165408062930187,390,2011-11-07 10:43:00
13098.0,1,28,28882.44,15968,50.49377622377622,156,2011-12-08 14:14:00
13099.0,99,1,207.35999999999999,288,207.35999999999999,1,2011-09-01 17:40:00
13101.0,234,4,695.4,478,13.635294117647058,48,2011-04-19 14:37:00
13102.0,1,37,11696.92,6576,23.774227642276422,212,2011-12-08 12:52:00
13103.0,40,3,709.64,426,21.504242424242424,27,2011-10-31 09:38:00
13104.0,3,9,1709.1,834,56.97,15,2011-12-06 13:10:00
13105.0,436,1,72.0,100,72.0,1,2010-09-29 13:41:00
13106.0,133,2,603.46,231,37.71625,15,2011-07-29 15:12:00
13107.0,44,9,5253.07,4316,29.511629213483143,142,2011-10-26 14:52:00
13108.0,373,2,1098.52,1043,24.411555555555555,27,2010-12-02 10:35:00
13109.0,60,3,1134.03,757,16.20042857142857,57,2011-10-11 10:16:00
13110.0,31,12,2957.4700000000003,763,11.735992063492064,167,2011-11-08 14:30:00
13111.0,719,1,321.88000000000005,180,26.823333333333338,12,2009-12-21 09:00:00
13112.0,541,1,20.6,11,10.3,2,2010-06-16 17:03:00
13113.0,1,37,18625.73,4545,47.51461734693878,166,2011-12-09 12:49:00
13114.0,731,1,234.38,74,14.64875,16,2009-12-09 09:56:00
13115.0,12,10,5494.7,3934,17.49904458598726,178,2011-11-28 12:38:00
13116.0,138,1,501.14,291,16.704666666666665,30,2011-07-24 14:33:00
13117.0,22,18,2643.81,2067,14.06281914893617,122,2011-11-18 12:02:00
13118.0,20,9,2415.41,834,16.320337837837837,111,2011-11-20 12:46:00
13119.0,669,1,134.9,110,12.263636363636364,11,2010-02-09 08:38:00
13120.0,239,1,30.599999999999998,12,30.599999999999998,1,2011-04-15 10:19:00
13121.0,269,1,283.73,252,5.674600000000001,50,2011-03-15 16:47:00
13122.0,94,2,922.39,585,16.77072727272727,54,2011-09-06 15:53:00
13123.0,473,2,506.75,268,11.261111111111111,36,2010-08-24 10:18:00
13124.0,90,4,4782.45,2783,16.048489932885907,216,2011-09-11 12:45:00
13125.0,524,1,158.57,54,7.55095238095238,20,2010-07-04 11:58:00
13126.0,5,13,3998.25,3409,15.929282868525897,183,2011-12-05 10:00:00
13127.0,78,1,259.17,127,17.278000000000002,15,2011-09-23 10:26:00
13128.0,631,1,263.5,31,263.5,1,2010-03-18 15:08:00
13129.0,452,2,233.25,296,21.204545454545453,10,2010-09-13 13:47:00
13130.0,94,1,64.0,32,32.0,2,2011-09-06 15:30:00
13131.0,23,7,3313.77,1523,22.24006711409396,107,2011-11-16 13:21:00
13132.0,262,1,77.3,20,25.766666666666666,3,2011-03-23 12:44:00
13133.0,274,3,200.45000000000002,55,16.70416666666667,12,2011-03-11 10:31:00
13134.0,86,6,2475.23,1364,20.456446280991734,110,2011-09-15 10:35:00
13135.0,197,2,3371.45,4423,187.30277777777778,18,2011-05-27 10:52:00
13136.0,56,13,6274.56,3109,19.919238095238097,204,2011-10-14 13:41:00
13137.0,11,16,7712.7,4294,5.352324774462179,628,2011-11-29 12:09:00
13138.0,22,7,1467.24,718,14.82060606060606,41,2011-11-17 16:51:00
13139.0,16,8,8202.98,4614,30.954641509433962,214,2011-11-23 13:54:00
13140.0,108,5,1215.68,648,9.964590163934426,89,2011-08-23 15:33:00
13141.0,85,17,7668.58,5169,18.043717647058823,285,2011-09-16 09:54:00
13142.0,19,1,307.09,258,13.351739130434781,23,2011-11-20 16:07:00
13143.0,585,1,405.1,198,17.61304347826087,23,2010-05-04 12:22:00
13144.0,333,2,135.35,29,22.558333333333334,6,2011-01-11 11:15:00
13145.0,40,7,1423.52,266,142.352,5,2011-10-31 12:45:00
13146.0,26,1,228.91,154,13.465294117647058,16,2011-11-13 15:29:00
13147.0,10,4,712.8000000000001,144,178.20000000000002,1,2011-11-29 13:59:00
13148.0,29,26,8621.81,4571,10.872395964691046,451,2011-11-10 15:23:00
13149.0,14,4,1676.06,1280,19.48906976744186,76,2011-11-25 13:09:00
13150.0,484,3,449.96999999999997,171,56.246249999999996,7,2010-08-12 12:59:00
13151.0,296,3,2580.7400000000002,832,14.663295454545455,131,2011-02-17 12:29:00
13152.0,417,7,2146.38,977,15.899111111111113,114,2010-10-18 13:44:00
13153.0,6,1,486.22,418,32.41466666666667,15,2011-12-04 12:14:00
13154.0,399,3,1624.84,976,17.471397849462363,78,2010-11-05 16:00:00
13155.0,33,6,1750.18,909,10.671829268292683,79,2011-11-06 15:41:00
13156.0,385,3,1586.54,914,15.255192307692308,94,2010-11-19 13:09:00
13157.0,49,9,5687.36,4762,22.658804780876494,173,2011-10-21 13:50:00
13158.0,95,5,1508.18,992,15.081800000000001,70,2011-09-06 11:58:00
13159.0,9,4,1437.85,1059,11.883057851239668,114,2011-12-01 11:20:00
13160.0,22,1,91.8,56,22.95,4,2011-11-17 13:07:00
13161.0,313,2,478.88,106,14.08470588235294,30,2011-01-30 14:03:00
13162.0,122,16,9275.49,5755,38.972647058823526,186,2011-08-09 15:59:00
13163.0,610,1,17.65,3,8.825,2,2010-04-08 16:21:00
13164.0,569,2,372.2,120,37.22,7,2010-05-19 13:52:00
13165.0,46,3,1451.16,1736,29.615510204081634,47,2011-10-24 15:05:00
13166.0,283,2,884.18,527,12.814202898550723,55,2011-03-01 15:16:00
13167.0,19,5,1125.15,1007,13.890740740740743,64,2011-11-21 12:24:00
13168.0,36,5,1875.31,912,10.418388888888888,127,2011-11-03 12:56:00
13169.0,64,3,840.08,296,46.67111111111112,16,2011-10-07 12:11:00
13170.0,27,1,116.00999999999999,147,3.6253124999999997,29,2011-11-13 12:19:00
13171.0,22,3,468.41,229,10.182826086956522,37,2011-11-18 10:27:00
13172.0,400,1,69.6,48,69.6,1,2010-11-04 15:10:00
13173.0,4,11,2639.35,1620,10.5574,160,2011-12-05 15:51:00
13174.0,16,12,9494.84,4541,8.387667844522968,602,2011-11-23 14:35:00
13175.0,582,2,831.45,423,18.075,40,2010-05-06 13:13:00
13176.0,46,1,492.84,453,6.845,66,2011-10-24 15:43:00
13177.0,65,2,512.2,180,17.073333333333334,23,2011-10-06 09:56:00
13178.0,26,21,14059.19,8778,20.46461426491994,194,2011-11-13 16:14:00
13179.0,619,1,572.3100000000001,368,16.832647058823532,34,2010-03-31 11:40:00
13180.0,607,1,86.10000000000001,42,21.525000000000002,4,2010-04-11 13:37:00
13181.0,381,1,359.69,171,18.931052631578947,19,2010-11-23 15:05:00
13182.0,45,1,121.18,201,11.016363636363637,11,2011-10-25 13:46:00
13183.0,8,15,7036.18,4027,45.10371794871795,64,2011-12-02 10:30:00
13184.0,15,10,1701.29,1692,9.39939226519337,138,2011-11-25 12:02:00
13185.0,268,1,71.4,12,71.4,1,2011-03-17 11:56:00
13186.0,40,3,1575.89,820,19.947974683544306,69,2011-10-31 11:40:00
13187.0,337,4,367.01,375,5.73453125,51,2011-01-06 18:57:00
13188.0,11,1,114.60000000000001,25,57.300000000000004,2,2011-11-28 15:28:00
13189.0,19,2,260.68,842,8.988965517241379,29,2011-11-21 10:39:00
13190.0,544,3,570.66,308,33.56823529411764,16,2010-06-13 15:47:00
13191.0,658,1,164.69,115,2.79135593220339,58,2010-02-19 17:02:00
13192.0,95,6,2558.58,1629,15.793703703703704,135,2011-09-05 14:13:00
13193.0,61,1,117.88,50,4.0648275862068965,22,2011-10-09 14:30:00
13194.0,136,2,472.78,326,47.278,10,2011-07-27 09:01:00
13195.0,414,1,172.38,83,3.315,43,2010-10-21 13:07:00
13196.0,11,7,3068.84,2006,16.323617021276597,141,2011-11-28 13:54:00
13197.0,610,1,373.01000000000005,204,19.632105263157897,19,2010-04-09 09:14:00
13198.0,10,8,4974.2300000000005,3449,15.841496815286625,265,2011-11-29 15:17:00
13199.0,4,67,16432.89,12019,79.38594202898551,61,2011-12-06 12:30:00
13200.0,19,4,870.09,516,18.915,42,2011-11-20 15:35:00
13201.0,502,4,1240.6100000000001,1039,14.09784090909091,65,2010-07-25 14:30:00
13202.0,394,7,1580.3,572,22.902898550724636,55,2010-11-10 16:24:00
13203.0,10,10,2648.25,2413,15.670118343195266,158,2011-11-30 10:45:00
13204.0,731,1,966.6600000000001,428,16.958947368421054,57,2009-12-08 14:56:00
13205.0,443,1,2803.2,256,2803.2,1,2010-09-22 16:26:00
13206.0,400,13,8377.32,7155,14.41879518072289,393,2010-11-04 16:50:00
13207.0,15,4,535.86,178,41.22,10,2011-11-24 14:52:00
13208.0,59,9,1988.5,1345,7.828740157480315,198,2011-10-12 09:54:00
13209.0,30,13,8509.51,5781,23.25002732240437,284,2011-11-09 13:54:00
13210.0,94,1,353.48,316,16.067272727272726,22,2011-09-07 08:18:00
13211.0,10,10,2729.32,1890,13.249126213592234,98,2011-11-29 14:43:00
13212.0,20,3,788.08,310,5.549859154929578,128,2011-11-20 12:40:00
13213.0,57,11,3851.52,2962,18.88,181,2011-10-14 11:42:00
13214.0,418,7,3264.23,2966,14.254279475982532,207,2010-10-18 10:00:00
13215.0,402,1,81.6,96,81.6,1,2010-11-02 18:26:00
13216.0,268,1,333.74,297,66.748,5,2011-03-17 12:18:00
13217.0,122,4,666.48,512,133.296,3,2011-08-09 15:32:00
13218.0,127,1,62.63999999999999,88,12.527999999999999,5,2011-08-04 16:59:00
13219.0,618,1,76.23,11,6.930000000000001,11,2010-03-31 14:18:00
13220.0,78,5,1336.0900000000001,396,25.20924528301887,46,2011-09-22 13:38:00
13221.0,240,2,847.41,244,12.839545454545455,62,2011-04-13 16:58:00
13222.0,577,1,88.5,30,88.5,1,2010-05-11 13:54:00
13223.0,200,6,969.1200000000001,568,74.54769230769232,8,2011-05-23 13:03:00
13224.0,60,2,2155.95,1518,19.9625,101,2011-10-10 14:55:00
13225.0,3,16,16260.07,7401,130.08056,60,2011-12-06 13:29:00
13226.0,273,2,312.46,179,11.159285714285714,28,2011-03-11 14:35:00
13227.0,202,1,257.7,99,28.633333333333333,9,2011-05-22 11:47:00
13228.0,81,1,358.0,200,179.0,2,2011-09-19 14:28:00
13229.0,226,1,160.95,63,16.095,10,2011-04-28 12:07:00
13230.0,4,30,6360.78,3635,4.750395817774458,653,2011-12-05 16:03:00
13232.0,13,7,1357.6,778,6.558454106280193,147,2011-11-27 10:39:00
13233.0,74,4,1176.46,1604,15.479736842105263,74,2011-09-26 13:25:00
13234.0,673,2,356.95,162,5.665873015873015,56,2010-02-05 11:41:00
13235.0,212,1,1031.07,441,17.77706896551724,53,2011-05-11 17:13:00
13236.0,25,2,744.85,416,20.69027777777778,34,2011-11-15 12:50:00
13237.0,388,1,643.0,128,26.791666666666668,24,2010-11-17 10:07:00
13238.0,17,6,1006.63,442,21.417659574468086,24,2011-11-22 15:37:00
13239.0,262,5,1594.69,1151,17.14720430107527,86,2011-03-23 10:25:00
13240.0,96,8,1738.52,859,7.526060606060606,160,2011-09-04 14:08:00
13241.0,412,1,115.58,48,2.751904761904762,40,2010-10-24 11:17:00
13242.0,112,7,699.4,350,19.982857142857142,19,2011-08-19 12:53:00
13243.0,203,5,1278.04,579,5.809272727272727,165,2011-05-20 13:14:00
13244.0,93,1,121.74000000000001,38,4.508888888888889,27,2011-09-08 11:46:00
13245.0,51,2,989.22,371,21.982666666666667,43,2011-10-20 11:40:00
13246.0,18,11,3387.43,2815,8.937810026385224,229,2011-11-21 16:50:00
13247.0,18,4,501.12,328,20.0448,18,2011-11-22 10:59:00
13248.0,125,2,465.68,305,17.91076923076923,25,2011-08-07 12:40:00
13249.0,92,9,1608.93,1246,45.96942857142857,21,2011-09-08 13:26:00
13250.0,461,2,256.04,108,12.802000000000001,17,2010-09-05 11:33:00
13251.0,402,1,252.68,215,10.1072,25,2010-11-02 13:20:00
13252.0,394,2,399.3,134,21.01578947368421,19,2010-11-10 16:00:00
13253.0,157,4,2951.11,3015,39.34813333333334,73,2011-07-06 10:09:00
13254.0,376,1,51.410000000000004,43,12.852500000000001,4,2010-11-28 15:42:00
13255.0,9,3,904.46,517,28.264375,26,2011-11-30 13:14:00
13257.0,436,1,149.75,33,21.392857142857142,7,2010-09-29 14:58:00
13258.0,12,5,1035.18,451,22.503913043478263,29,2011-11-28 09:31:00
13259.0,62,9,1433.38,517,4.424012345679013,234,2011-10-09 10:48:00
13260.0,61,1,557.62,142,69.7025,8,2011-10-09 13:21:00
13261.0,269,2,944.1,210,104.9,8,2011-03-16 12:22:00
13262.0,263,3,573.45,247,11.469000000000001,48,2011-03-21 15:06:00
13263.0,1,39,8704.69,5390,4.533692708333334,507,2011-12-08 13:59:00
13264.0,443,1,722.5600000000001,375,19.014736842105265,38,2010-09-23 12:42:00
13265.0,53,5,2107.66,1752,23.1610989010989,66,2011-10-17 15:02:00
13266.0,11,19,6135.04,6837,19.98384364820847,154,2011-11-28 14:39:00
13267.0,3,36,9758.26,4104,22.906713615023474,152,2011-12-07 11:12:00
13268.0,18,11,3214.69,3658,7.306113636363636,257,2011-11-22 11:51:00
13269.0,1,28,8891.7,6564,17.819038076152307,238,2011-12-08 14:53:00
13270.0,366,1,1180.0,400,590.0,1,2010-12-08 14:53:00
13271.0,37,1,217.38,253,2.264375,79,2011-11-02 14:31:00
13272.0,31,2,276.56,96,18.437333333333335,15,2011-11-08 14:00:00
13273.0,113,1,138.98,153,8.68625,16,2011-08-18 14:02:00
13274.0,409,1,360.85,199,18.992105263157896,19,2010-10-26 13:48:00
13275.0,384,2,241.66,140,4.8332,48,2010-11-21 12:09:00
13276.0,64,5,1939.26,855,7.788192771084337,209,2011-10-07 12:44:00
13277.0,16,7,523.3,382,22.752173913043475,10,2011-11-24 09:21:00
13278.0,41,4,1435.85,1358,13.294907407407406,80,2011-10-30 11:49:00
13279.0,78,1,137.75,73,15.305555555555555,9,2011-09-22 17:24:00
13280.0,122,7,2322.63,1495,11.060142857142857,159,2011-08-09 13:14:00
13281.0,439,1,350.85,201,15.947727272727274,22,2010-09-26 16:03:00
13282.0,18,4,1313.19,410,25.748823529411766,42,2011-11-21 15:33:00
13283.0,60,4,373.36,204,18.668,19,2011-10-11 09:50:00
13284.0,331,1,201.19,91,15.476153846153846,13,2011-01-13 09:23:00
13285.0,23,6,3364.59,2457,14.565324675324677,182,2011-11-16 13:19:00
13286.0,600,1,734.91,274,14.998163265306122,46,2010-04-18 15:35:00
13287.0,603,3,781.59,429,14.746981132075472,46,2010-04-15 15:26:00
13288.0,443,5,927.61,379,92.761,7,2010-09-22 16:32:00
13289.0,724,1,307.95,119,19.246875,16,2009-12-16 11:53:00
13290.0,438,1,208.63,1,208.63,1,2010-09-27 16:29:00
13291.0,156,11,3320.84,1619,10.124512195121952,155,2011-07-07 10:36:00
13292.0,39,5,994.51,530,16.856101694915253,55,2011-11-01 10:04:00
13293.0,392,6,1192.94,555,16.56861111111111,51,2010-11-12 13:28:00
13294.0,190,3,1689.53,996,16.564019607843136,93,2011-06-03 08:54:00
13295.0,360,4,1101.97,733,16.44731343283582,56,2010-12-15 11:21:00
13296.0,137,6,792.51,653,14.953018867924529,50,2011-07-25 13:46:00
13297.0,8,7,4368.62,2694,35.51723577235772,108,2011-12-02 09:32:00
13298.0,1,1,360.0,96,180.0,2,2011-12-08 13:11:00
13299.0,268,3,1218.7,416,19.656451612903226,56,2011-03-16 12:55:00
13300.0,169,3,1285.51,455,23.37290909090909,44,2011-06-23 13:09:00
13301.0,104,4,618.09,345,7.630740740740741,75,2011-08-28 11:25:00
13302.0,155,2,159.2,12,53.06666666666666,3,2011-07-07 17:56:00
13303.0,400,1,61.72,26,15.43,4,2010-11-04 14:55:00
13304.0,351,4,1217.99,716,15.61525641025641,59,2010-12-23 14:35:00
13305.0,4,16,3754.71,2361,18.226747572815533,153,2011-12-05 15:15:00
13306.0,430,1,53.65,74,13.4125,4,2010-10-05 14:55:00
13307.0,120,3,273.34,140,18.222666666666665,15,2011-08-11 17:14:00
13308.0,23,4,1670.3700000000001,1073,23.526338028169015,65,2011-11-17 09:31:00
13309.0,7,6,1706.3700000000001,1914,13.125923076923078,95,2011-12-02 16:34:00
13310.0,28,5,1541.2,816,16.223157894736843,80,2011-11-11 17:23:00
13311.0,4,2,598.57,305,23.02192307692308,25,2011-12-05 12:55:00
13312.0,451,1,124.75,41,24.95,5,2010-09-14 14:36:00
13313.0,22,12,3445.32,2308,18.424171122994654,105,2011-11-17 16:48:00
13314.0,2,3,775.94,560,12.515161290322581,55,2011-12-08 12:29:00
13315.0,689,1,310.26,232,14.102727272727272,22,2010-01-19 15:34:00
13316.0,37,10,13191.57,21372,75.3804,115,2011-11-02 13:40:00
13317.0,66,19,6486.091,3149,18.854915697674418,222,2011-10-04 13:35:00
13318.0,1,3,640.76,304,32.038,14,2011-12-08 18:51:00
13319.0,5,58,22082.5,9270,23.123036649214658,345,2011-12-04 13:34:00
13320.0,78,6,2228.1,1519,14.854,98,2011-09-22 18:07:00
13321.0,72,2,567.36,372,51.57818181818182,10,2011-09-28 15:24:00
13322.0,17,1,199.48000000000002,117,7.9792000000000005,25,2011-11-22 14:21:00
13323.0,3,5,787.85,175,37.516666666666666,6,2011-12-06 17:12:00
13324.0,36,18,10513.47,8448,79.6475,36,2011-11-03 16:28:00
13325.0,82,1,675.3,240,56.275,12,2011-09-19 10:36:00
13326.0,432,1,281.76,140,21.673846153846153,13,2010-10-03 16:00:00
13327.0,39,20,9879.48,4479,28.88736842105263,175,2011-11-01 10:21:00
13328.0,316,1,1308.48,680,76.96941176470588,17,2011-01-27 15:22:00
13329.0,32,8,5112.97,3486,40.903760000000005,68,2011-11-08 10:29:00
13330.0,93,6,2806.18,1975,23.781186440677963,80,2011-09-08 12:27:00
13331.0,402,1,262.4,54,21.866666666666664,12,2010-11-03 08:04:00
13332.0,14,1,350.9,179,16.70952380952381,21,2011-11-25 13:30:00
13333.0,411,3,1015.74,685,18.468,54,2010-10-24 13:24:00
13334.0,82,5,6263.75,3227,13.049479166666666,307,2011-09-18 15:21:00
13336.0,77,1,795.12,559,15.590588235294117,51,2011-09-23 14:05:00
13337.0,546,1,1575.26,980,18.106436781609194,87,2010-06-11 13:27:00
13338.0,158,4,2445.62,1151,19.10640625,113,2011-07-05 09:06:00
13339.0,201,1,860.12,326,15.928148148148148,54,2011-05-23 08:31:00
13340.0,45,12,22100.56,9636,102.79330232558141,190,2011-10-25 13:15:00
13341.0,261,1,775.85,301,18.472619047619048,42,2011-03-24 09:50:00
13343.0,178,1,353.43,135,18.60157894736842,19,2011-06-15 12:24:00
13344.0,68,3,2543.72,971,21.37579831932773,115,2011-10-03 09:45:00
13345.0,288,1,389.5,141,19.475,20,2011-02-25 09:01:00
13346.0,463,6,299.4,180,49.9,4,2010-09-03 11:41:00
13347.0,70,1,341.36,205,42.67,8,2011-09-30 13:28:00
13348.0,64,1,233.76,136,16.697142857142858,14,2011-10-06 17:28:00
13349.0,11,1,247.32,225,15.4575,16,2011-11-29 08:07:00
13350.0,16,2,979.12,287,24.478,36,2011-11-23 16:33:00
13351.0,66,1,373.94,117,23.37125,16,2011-10-04 12:55:00
13352.0,60,1,397.97999999999996,321,16.5825,24,2011-10-10 13:55:00
13354.0,71,1,743.53,604,14.579019607843136,51,2011-09-29 13:17:00
13355.0,122,1,674.7,314,21.084375,32,2011-08-09 14:48:00
13356.0,80,1,768.24,325,18.291428571428572,42,2011-09-20 14:33:00
13357.0,257,5,3838.36,2142,9.619949874686718,284,2011-03-27 13:56:00
13358.0,269,1,439.03,285,15.138965517241378,29,2011-03-16 11:52:00
13359.0,64,2,1043.31,381,18.630535714285713,52,2011-10-07 09:30:00
13360.0,432,4,1553.65,942,23.540151515151518,58,2010-10-04 12:37:00
13361.0,472,2,1450.5,324,42.661764705882355,29,2010-08-24 14:56:00
13362.0,9,7,5394.07,2481,18.100906040268455,186,2011-11-30 14:41:00
13363.0,18,3,1723.86,1146,16.900588235294116,78,2011-11-22 12:40:00
13364.0,71,1,134.95999999999998,71,13.495999999999999,10,2011-09-29 18:13:00
13365.0,34,2,2225.37,1247,17.385703125,122,2011-11-06 12:36:00
13366.0,50,1,56.160000000000004,144,56.160000000000004,1,2011-10-20 13:37:00
13367.0,432,1,510.20000000000005,253,25.51,20,2010-10-04 10:00:00
13368.0,257,4,1121.5,606,21.567307692307693,45,2011-03-28 09:59:00
13369.0,366,1,616.5600000000001,298,22.020000000000003,14,2010-12-09 11:30:00
13370.0,372,1,1509.74,686,19.355641025641027,39,2010-12-03 10:26:00
13371.0,505,2,2297.66,1019,24.9745652173913,75,2010-07-22 17:33:00
13372.0,90,1,378.64,159,16.46260869565217,23,2011-09-11 12:46:00
13373.0,61,6,7587.1900000000005,4263,21.193268156424583,292,2011-10-10 10:51:00
13374.0,415,2,422.8,135,24.870588235294118,17,2010-10-21 10:04:00
13375.0,89,2,1792.23,1124,25.242676056338027,62,2011-09-12 10:19:00
13376.0,99,3,1019.76,493,19.240754716981133,45,2011-09-01 16:16:00
13377.0,397,2,1552.88,748,19.90871794871795,71,2010-11-08 12:20:00
13379.0,26,3,572.56,601,5.902680412371134,85,2011-11-13 13:45:00
13380.0,433,1,62.4,48,20.8,3,2010-10-03 10:18:00
13381.0,32,12,8224.37,5125,23.102162921348317,154,2011-11-08 11:58:00
13382.0,281,5,1387.58,863,16.134651162790696,74,2011-03-04 10:03:00
13383.0,544,1,305.28000000000003,288,305.28000000000003,1,2010-06-14 11:45:00
13384.0,31,11,6680.83,4142,25.30617424242424,192,2011-11-09 11:04:00
13385.0,330,1,534.57,281,15.273428571428573,35,2011-01-14 09:52:00
13386.0,414,2,835.46,514,26.950322580645164,24,2010-10-21 12:52:00
13387.0,417,1,189.44,125,2.595068493150685,71,2010-10-18 14:07:00
13388.0,131,3,1185.65,701,17.183333333333334,68,2011-07-31 12:52:00
13389.0,11,3,797.96,429,15.646274509803922,50,2011-11-28 14:01:00
13390.0,75,1,544.08,224,41.8523076923077,13,2011-09-26 08:38:00
13391.0,204,1,59.8,4,59.8,1,2011-05-20 10:50:00
13392.0,677,1,91.14,82,11.3925,8,2010-01-31 13:34:00
13393.0,584,4,1131.45,662,16.397826086956524,53,2010-05-05 09:34:00
13394.0,2,19,6621.7,5354,16.18997555012225,254,2011-12-08 11:36:00
13395.0,185,3,1180.23,1660,14.57074074074074,77,2011-06-07 15:04:00
13396.0,29,2,1360.99,600,31.65093023255814,42,2011-11-10 16:59:00
13397.0,73,10,3191.87,1336,35.863707865168536,68,2011-09-28 10:56:00
13398.0,192,2,670.34,341,17.18820512820513,37,2011-05-31 13:17:00
13399.0,464,3,275.4,120,18.36,10,2010-09-01 13:59:00
13400.0,583,1,310.83,284,13.514347826086956,23,2010-05-06 09:00:00
13402.0,127,4,1535.13,1107,15.990937500000001,55,2011-08-04 15:51:00
13403.0,18,3,229.5,114,25.5,9,2011-11-22 08:28:00
13404.0,1,2,252.49,111,22.953636363636363,11,2011-12-08 15:37:00
13405.0,74,6,1213.811,855,28.228162790697674,33,2011-09-26 17:01:00
13406.0,427,2,568.92,292,63.21333333333333,7,2010-10-08 14:44:00
13407.0,579,3,2244.7,1690,26.408235294117645,85,2010-05-10 12:41:00
13408.0,2,106,51733.462,29499,61.58745476190476,321,2011-12-08 09:05:00
13410.0,24,9,2201.96,1244,44.0392,25,2011-11-15 15:33:00
13411.0,107,1,213.55,72,11.863888888888889,17,2011-08-24 13:57:00
13412.0,620,1,487.34999999999997,176,14.333823529411763,33,2010-03-29 16:28:00
13413.0,640,6,429.44,455,9.986976744186046,38,2010-03-10 12:17:00
13414.0,134,6,2494.14,2702,45.348,48,2011-07-29 11:45:00
13415.0,473,4,800.67,502,7.6987499999999995,85,2010-08-24 11:38:00
13416.0,44,3,940.8000000000001,208,36.184615384615384,16,2011-10-27 08:56:00
13417.0,5,6,1669.49,532,21.681688311688312,57,2011-12-05 08:49:00
13418.0,12,31,12233.6,7606,21.729307282415633,328,2011-11-28 10:23:00
13419.0,64,1,221.06,275,13.81625,16,2011-10-07 12:49:00
13420.0,150,2,159.85,101,19.98125,8,2011-07-13 08:48:00
13421.0,40,8,4103.12,2420,15.084999999999999,174,2011-10-30 14:21:00
13422.0,64,1,2626.3,1326,20.67952755905512,127,2011-10-06 13:42:00
13423.0,429,1,217.03,141,18.085833333333333,12,2010-10-07 09:02:00
13424.0,450,1,572.77,529,14.31925,40,2010-09-16 10:49:00
13425.0,108,5,3403.63,2382,19.121516853932587,124,2011-08-23 17:13:00
13426.0,1,22,8167.38,4868,23.811603498542276,162,2011-12-09 08:59:00
13427.0,19,6,1006.53,880,19.356346153846154,35,2011-11-20 13:02:00
13428.0,10,3,499.98,366,3.4720833333333334,122,2011-11-29 14:20:00
13429.0,11,4,1006.8,1390,15.02686567164179,55,2011-11-29 09:10:00
13430.0,19,2,679.45,751,13.866326530612247,48,2011-11-21 08:19:00
13431.0,67,8,3316.24,1570,25.707286821705424,113,2011-10-03 13:49:00
13432.0,571,2,439.1,217,3.955855855855856,98,2010-05-17 13:18:00
13433.0,501,4,658.3199999999999,190,27.429999999999996,22,2010-07-26 16:55:00
13434.0,74,5,1666.8600000000001,864,47.624571428571436,17,2011-09-26 14:30:00
13435.0,5,9,4475.2300000000005,2791,29.44230263157895,96,2011-12-04 14:45:00
13436.0,2,1,196.89,76,16.4075,12,2011-12-08 10:33:00
13437.0,14,7,3408.06,1283,20.40754491017964,143,2011-11-25 14:00:00
13438.0,547,1,46.5,10,46.5,1,2010-06-10 18:46:00
13439.0,255,3,986.61,952,5.907844311377246,132,2011-03-29 14:20:00
13440.0,423,7,1295.25,573,21.953389830508474,49,2010-10-12 13:11:00
13441.0,92,2,720.9,520,18.971052631578946,33,2011-09-09 09:38:00
13442.0,667,3,419.87,115,11.04921052631579,33,2010-02-10 14:03:00
13443.0,449,6,1280.16,809,6.275294117647059,176,2010-09-17 12:31:00
13444.0,374,2,631.6800000000001,337,10.891034482758622,51,2010-11-30 13:02:00
13445.0,626,1,241.89999999999998,198,34.55714285714286,7,2010-03-23 15:34:00
13446.0,430,11,3881.89,2403,20.218177083333334,113,2010-10-05 18:51:00
13447.0,23,3,1129.14,584,19.137966101694918,55,2011-11-16 13:38:00
13448.0,17,13,9240.87,4404,16.560698924731184,321,2011-11-23 12:33:00
13449.0,24,1,291.88,222,15.362105263157895,19,2011-11-16 08:28:00
13450.0,27,13,4120.04,4318,28.027482993197278,57,2011-11-13 11:54:00
13451.0,26,11,7190.92,5268,6.9010748560460655,561,2011-11-13 15:58:00
13452.0,259,3,729.8,6,243.26666666666665,2,2011-03-25 14:19:00
13453.0,166,3,781.6899999999999,341,19.54225,33,2011-06-27 09:34:00
13454.0,641,1,219.87,198,9.559565217391304,23,2010-03-08 14:40:00
13455.0,25,6,2905.93,985,20.18006944444444,79,2011-11-15 11:21:00
13456.0,18,6,1766.72,765,28.043174603174602,43,2011-11-22 09:18:00
13457.0,689,2,148.22,96,16.468888888888888,9,2010-01-20 08:48:00
13458.0,7,16,11959.27,6760,24.658288659793815,290,2011-12-02 15:29:00
13459.0,625,2,1160.4099999999999,986,15.896027397260273,57,2010-03-25 10:24:00
13460.0,29,2,183.44,286,10.790588235294118,16,2011-11-10 17:17:00
13461.0,39,6,4160.0,3132,67.09677419354838,30,2011-11-01 09:01:00
13462.0,253,5,1153.85,697,16.251408450704226,64,2011-04-01 11:20:00
13464.0,58,6,3097.64,1440,20.514172185430464,128,2011-10-12 15:01:00
13465.0,446,2,931.12,584,27.385882352941177,34,2010-09-19 15:13:00
13466.0,184,5,1013.35,660,18.424545454545456,49,2011-06-08 16:39:00
13467.0,11,2,1083.71,584,10.946565656565657,89,2011-11-29 10:01:00
13468.0,2,72,13390.51,5824,18.39355769230769,290,2011-12-08 10:39:00
13469.0,653,1,82.4,52,13.733333333333334,6,2010-02-24 15:03:00
13470.0,99,2,165.0,100,16.5,7,2011-09-01 14:57:00
13471.0,1,4,2531.58,1590,9.736846153846153,214,2011-12-08 15:44:00
13472.0,464,2,592.24,310,21.15142857142857,24,2010-09-02 09:41:00
13473.0,61,8,2657.7599999999998,1000,37.967999999999996,65,2011-10-10 11:20:00
13474.0,236,3,663.79,334,5.106076923076923,116,2011-04-17 13:53:00
13475.0,191,4,1431.78,1012,16.648604651162792,64,2011-06-01 13:52:00
13476.0,179,5,2061.4700000000003,713,19.447830188679248,86,2011-06-14 12:00:00
13477.0,38,11,2834.17,2095,17.937784810126583,112,2011-11-02 12:04:00
13478.0,469,5,2215.78,1189,17.72624,114,2010-08-27 13:23:00
13479.0,201,4,851.37,716,16.063584905660377,45,2011-05-23 10:45:00
13480.0,417,2,627.82,362,15.31268292682927,40,2010-10-19 11:53:00
13481.0,46,11,3830.84,2055,17.101964285714285,162,2011-10-25 09:07:00
13482.0,232,2,336.09,187,16.804499999999997,20,2011-04-21 17:03:00
13483.0,66,1,140.34,160,14.034,10,2011-10-05 11:53:00
13484.0,241,3,790.72,224,20.274871794871796,38,2011-04-12 16:30:00
13485.0,233,11,3019.2200000000003,1798,19.108987341772153,131,2011-04-20 13:58:00
13486.0,78,3,1122.41,669,16.2668115942029,69,2011-09-22 13:13:00
13487.0,58,5,846.87,362,17.283061224489796,31,2011-10-13 12:07:00
13488.0,17,23,15587.88,7891,21.530220994475137,370,2011-11-22 14:41:00
13489.0,105,4,449.52,560,32.10857142857143,11,2011-08-26 13:16:00
13490.0,654,1,154.25,25,19.28125,8,2010-02-23 14:48:00
13491.0,52,27,4566.56,2385,17.039402985074627,144,2011-10-19 08:32:00
13492.0,136,3,1269.84,408,25.3968,38,2011-07-26 14:25:00
13493.0,275,2,618.63,380,77.32875,6,2011-03-09 15:35:00
13494.0,312,1,316.26000000000005,162,17.570000000000004,18,2011-02-01 11:58:00
13495.0,8,10,5374.26,2674,36.5595918367347,59,2011-12-02 11:21:00
13496.0,11,2,653.33,341,18.66657142857143,28,2011-11-29 10:58:00
13497.0,283,6,1320.33,579,19.70641791044776,52,2011-03-02 09:04:00
13498.0,730,1,327.38,362,19.25764705882353,17,2009-12-09 15:26:00
13499.0,18,5,1159.11,1365,27.59785714285714,31,2011-11-22 11:21:00
13500.0,23,4,1466.3,838,17.250588235294117,77,2011-11-16 15:35:00
13501.0,288,3,2885.11,1253,25.30798245614035,90,2011-02-24 18:59:00
13502.0,17,5,780.5,490,23.651515151515152,28,2011-11-23 10:39:00
13503.0,71,6,1905.39,1118,9.623181818181818,158,2011-09-29 13:23:00
13504.0,64,1,295.93,178,13.451363636363636,22,2011-10-06 13:20:00
13505.0,73,4,4393.63,2486,20.435488372093022,182,2011-09-28 11:56:00
13506.0,316,5,1639.2,1174,16.726530612244897,55,2011-01-27 13:53:00
13507.0,3,4,2479.16,1597,15.303456790123455,146,2011-12-06 13:13:00
13508.0,244,2,287.05,180,10.251785714285715,27,2011-04-10 11:58:00
13509.0,9,8,1114.72,1214,22.749387755102042,27,2011-12-01 10:10:00
13510.0,1,11,4558.29,3044,15.772629757785467,176,2011-12-08 13:46:00
13511.0,677,1,282.76,60,56.552,5,2010-02-01 12:10:00
13512.0,261,4,713.39,419,18.292051282051283,31,2011-03-24 10:03:00
13513.0,127,3,824.59,364,20.61475,32,2011-08-05 11:50:00
13514.0,74,4,815.9000000000001,288,38.852380952380955,15,2011-09-27 09:39:00
13515.0,73,6,1265.82,819,16.655526315789473,64,2011-09-28 11:26:00
13516.0,21,4,1685.26,1114,27.6272131147541,55,2011-11-18 13:15:00
13517.0,60,3,2128.42,1369,15.09517730496454,125,2011-10-11 11:43:00
13518.0,86,1,659.4399999999999,392,17.353684210526314,36,2011-09-15 10:29:00
13519.0,78,2,343.21,133,18.063684210526315,19,2011-09-22 18:24:00
13520.0,59,11,6909.4,3289,33.70439024390244,81,2011-10-12 10:20:00
13521.0,1,3,1093.65,736,2.508371559633028,313,2011-12-08 13:50:00
13522.0,30,1,125.80000000000001,44,25.160000000000004,5,2011-11-09 15:11:00
13523.0,33,6,5101.52,2354,22.084502164502165,177,2011-11-06 15:11:00
13524.0,41,5,680.1800000000001,324,25.191851851851855,17,2011-10-30 12:34:00
13525.0,15,2,628.78,394,104.79666666666667,5,2011-11-25 12:01:00
13526.0,738,2,1182.0,1911,26.863636363636363,29,2009-12-01 13:13:00
13527.0,34,12,4683.74,2762,10.248884026258205,266,2011-11-06 12:04:00
13529.0,79,2,307.76,74,20.517333333333333,15,2011-09-22 09:15:00
13530.0,634,1,402.97999999999996,272,22.387777777777774,18,2010-03-15 14:10:00
13531.0,205,6,1738.52,600,19.31688888888889,44,2011-05-18 16:56:00
13532.0,34,1,210.31,129,3.1865151515151515,66,2011-11-06 12:25:00
13533.0,183,3,270.79,204,3.563026315789474,61,2011-06-10 11:54:00
13534.0,2,35,7720.9,3869,19.696173469387755,163,2011-12-07 14:52:00
13535.0,403,1,89.5,10,89.5,1,2010-11-02 11:49:00
13536.0,1,7,3448.29,2136,19.264189944134078,91,2011-12-08 16:38:00
13537.0,426,2,717.85,337,17.09166666666667,38,2010-10-10 12:45:00
13538.0,43,12,3112.73,963,21.616180555555555,105,2011-10-27 16:34:00
13539.0,86,7,1569.3600000000001,710,18.248372093023256,69,2011-09-15 10:18:00
13540.0,467,3,632.39,189,19.7621875,26,2010-08-29 14:20:00
13541.0,427,2,785.25,279,78.525,10,2010-10-08 16:37:00
13542.0,377,17,4006.17,815,11.887744807121662,98,2010-11-28 11:24:00
13543.0,634,2,1439.6100000000001,329,30.630000000000003,37,2010-03-15 13:34:00
13544.0,40,6,829.0,358,3.2131782945736433,219,2011-10-31 11:57:00
13545.0,391,2,374.64,257,6.572631578947369,54,2010-11-14 11:27:00
13546.0,12,5,1092.14,589,7.138169934640524,95,2011-11-27 14:50:00
13547.0,408,1,175.53,82,3.7346808510638296,44,2010-10-27 14:14:00
13548.0,96,3,908.99,565,4.860909090909091,169,2011-09-04 14:50:00
13549.0,26,8,1005.8,554,17.047457627118643,44,2011-11-14 09:20:00
13550.0,383,1,349.51,454,7.943409090909091,40,2010-11-21 15:24:00
13551.0,319,2,244.2,36,48.839999999999996,5,2011-01-24 14:46:00
13552.0,66,22,6978.92,2654,33.5525,162,2011-10-04 15:19:00
13553.0,675,1,517.8,206,5.508510638297872,85,2010-02-03 12:21:00
13554.0,380,7,1638.28,581,8.232562814070352,156,2010-11-24 15:05:00
13555.0,74,13,8999.19,4827,22.111031941031943,264,2011-09-27 12:36:00
13556.0,429,2,200.82,134,22.313333333333333,8,2010-10-06 16:44:00
13557.0,28,13,3032.26,2398,16.84588888888889,126,2011-11-11 15:24:00
13558.0,6,4,605.06,344,3.457485714285714,123,2011-12-04 11:24:00
13559.0,513,2,990.0,360,495.0,1,2010-07-15 09:52:00
13560.0,7,1,174.37,64,5.283939393939394,32,2011-12-02 13:11:00
13561.0,216,11,1820.72,1136,7.814248927038626,131,2011-05-08 12:39:00
13562.0,82,8,4838.18,1603,24.684591836734697,88,2011-09-19 10:51:00
13563.0,84,2,777.53,209,15.867959183673468,49,2011-09-16 14:45:00
13564.0,144,37,17249.55,9251,13.571636506687646,484,2011-07-18 14:33:00
13565.0,19,3,414.8,260,6.913333333333333,45,2011-11-20 14:33:00
13566.0,41,5,1708.1200000000001,1266,4.56716577540107,263,2011-10-30 11:59:00
13567.0,428,4,1083.69,645,5.338374384236453,180,2010-10-07 12:51:00
13568.0,173,1,192.85,70,4.382954545454545,41,2011-06-19 14:42:00
13569.0,17,4,893.78,402,4.176542056074767,140,2011-11-22 13:07:00
13570.0,243,1,239.49,161,8.870000000000001,27,2011-04-10 13:36:00
13571.0,13,26,4546.54,3197,6.7256508875739645,263,2011-11-27 10:47:00
13572.0,206,1,1384.25,534,41.946969696969695,32,2011-05-18 11:59:00
13573.0,50,6,916.47,660,10.297415730337079,73,2011-10-20 14:33:00
13574.0,411,1,421.25,316,4.089805825242719,84,2010-10-24 13:28:00
13575.0,23,5,732.0699999999999,449,15.914565217391303,41,2011-11-16 13:14:00
13576.0,10,28,11551.74,4614,41.40408602150538,145,2011-11-29 15:34:00
13577.0,25,11,3489.28,1661,20.76952380952381,102,2011-11-14 15:19:00
13578.0,409,1,147.66,127,16.406666666666666,9,2010-10-26 13:44:00
13579.0,15,5,1539.04,764,17.100444444444445,72,2011-11-25 08:41:00
13580.0,406,1,107.75,45,21.55,5,2010-10-29 15:01:00
13581.0,309,2,280.53000000000003,119,8.500909090909092,32,2011-02-03 14:41:00
13582.0,390,2,241.68,106,21.970909090909092,10,2010-11-15 11:34:00
13583.0,156,2,1445.031,1097,15.052406249999999,93,2011-07-07 10:40:00
13584.0,307,3,392.45,363,4.728313253012048,74,2011-02-06 12:49:00
13585.0,531,3,684.54,1386,17.552307692307693,29,2010-06-27 12:33:00
13586.0,541,1,131.53,39,6.263333333333334,20,2010-06-16 13:47:00
13587.0,64,4,1673.5,664,55.78333333333333,27,2011-10-07 12:31:00
13588.0,16,9,2478.95,2606,14.246839080459768,131,2011-11-24 10:42:00
13589.0,15,6,1120.74,293,21.552692307692308,48,2011-11-25 12:10:00
13590.0,11,18,6349.59,5276,15.486804878048781,255,2011-11-28 12:54:00
13591.0,65,7,2093.94,850,20.732079207920794,89,2011-10-06 12:26:00
13592.0,36,4,247.95999999999998,84,15.497499999999999,15,2011-11-04 09:49:00
13593.0,108,14,5523.6900000000005,2190,13.472414634146343,212,2011-08-23 13:35:00
13594.0,53,2,533.32,396,16.161212121212124,31,2011-10-18 10:19:00
13595.0,517,3,818.22,353,5.383026315789474,114,2010-07-11 12:36:00
13596.0,6,2,697.04,406,4.199036144578313,133,2011-12-04 12:01:00
13597.0,400,2,396.71,231,23.335882352941177,17,2010-11-04 14:54:00
13598.0,47,5,789.59,401,7.975656565656566,78,2011-10-23 14:28:00
13599.0,1,33,10167.630000000001,6494,24.79909756097561,235,2011-12-08 16:10:00
13600.0,312,2,518.42,599,12.644390243902437,35,2011-01-31 15:27:00
13601.0,45,4,1185.14,972,6.077641025641026,160,2011-10-25 17:31:00
13602.0,65,4,1025.17,538,17.67534482758621,49,2011-10-06 11:47:00
13603.0,26,1,164.34,164,6.086666666666667,27,2011-11-13 15:57:00
13604.0,659,1,717.62,242,34.172380952380955,21,2010-02-19 12:02:00
13605.0,387,2,522.67,425,9.861698113207547,50,2010-11-17 17:16:00
13606.0,29,3,280.53999999999996,279,6.524186046511627,40,2011-11-10 17:46:00
13607.0,40,2,1078.31,468,8.838606557377048,110,2011-10-30 16:17:00
13608.0,541,1,236.2,113,6.561111111111111,31,2010-06-17 12:28:00
13609.0,593,1,167.35,19,23.907142857142855,7,2010-04-25 13:26:00
13610.0,12,14,2175.88,909,5.23048076923077,309,2011-11-27 15:38:00
13611.0,89,10,3319.53,2002,14.495764192139738,170,2011-09-11 14:51:00
13612.0,633,1,818.29,444,16.3658,50,2010-03-17 12:14:00
13613.0,453,5,1039.8500000000001,445,17.62457627118644,50,2010-09-13 12:01:00
13614.0,24,6,2359.19,828,8.70549815498155,227,2011-11-15 14:47:00
13615.0,319,8,6272.53,2910,17.091362397820163,259,2011-01-25 08:21:00
13616.0,568,2,288.1,175,7.786486486486487,31,2010-05-20 12:59:00
13617.0,40,8,1278.75,593,11.950934579439252,48,2011-10-30 13:50:00
13618.0,174,1,177.34,246,13.641538461538461,13,2011-06-19 11:09:00
13619.0,545,2,231.69,84,4.728367346938775,39,2010-06-13 11:39:00
13620.0,528,1,112.34,74,22.468,5,2010-06-29 15:02:00
13621.0,117,1,213.85,343,11.255263157894737,19,2011-08-15 08:26:00
13622.0,696,1,658.95,379,20.5921875,32,2010-01-12 13:22:00
13623.0,31,10,2566.49,1023,8.789349315068492,211,2011-11-09 12:00:00
13624.0,388,1,462.08,820,21.003636363636364,22,2010-11-16 13:43:00
13625.0,597,1,301.26,144,14.345714285714285,21,2010-04-22 10:50:00
13626.0,253,2,707.04,398,16.069090909090907,44,2011-04-01 10:05:00
13627.0,59,7,2245.9,1632,17.410077519379847,118,2011-10-11 14:20:00
13628.0,676,1,310.14,106,19.38375,16,2010-02-01 14:44:00
13629.0,23,19,13370.86,7722,153.6880459770115,28,2011-11-16 13:21:00
13630.0,5,7,2031.78,1391,28.61661971830986,51,2011-12-04 15:16:00
13631.0,100,11,3070.42,467,279.1290909090909,6,2011-09-01 09:57:00
13632.0,25,8,3648.15,1639,16.507466063348417,166,2011-11-15 10:51:00
13634.0,33,16,5073.47,2096,11.274377777777778,269,2011-11-06 13:40:00
13635.0,68,4,2999.16,1884,18.513333333333332,135,2011-10-03 10:55:00
13636.0,37,5,949.12,592,15.065396825396826,57,2011-11-03 10:30:00
13637.0,52,3,810.5,409,8.024752475247524,79,2011-10-18 13:32:00
13638.0,16,1,122.64,93,15.33,8,2011-11-24 10:38:00
13639.0,74,2,1346.27,997,22.81813559322034,49,2011-09-26 13:36:00
13640.0,611,1,405.0,108,101.25,4,2010-04-07 15:33:00
13641.0,641,5,1016.47,1098,23.10159090909091,41,2010-03-09 07:37:00
13642.0,216,4,514.72,253,4.515087719298246,93,2011-05-08 12:34:00
13643.0,31,10,2156.77,902,21.144803921568627,71,2011-11-08 15:37:00
13644.0,16,4,2624.26,2067,17.974383561643837,144,2011-11-23 14:07:00
13645.0,120,1,252.1,158,50.42,5,2011-08-11 16:11:00
13646.0,400,2,326.25,79,5.625,58,2010-11-05 12:13:00
13647.0,10,8,3071.68,1803,21.940571428571428,98,2011-11-30 12:00:00
13648.0,400,8,1764.02,960,16.641698113207546,95,2010-11-04 14:46:00
13649.0,257,6,1678.88,863,13.324444444444445,97,2011-03-28 11:51:00
13650.0,17,10,3288.0,1746,19.11627906976744,127,2011-11-23 12:22:00
13651.0,35,3,226.85,62,16.20357142857143,14,2011-11-04 14:59:00
13652.0,46,5,2570.85,1570,16.1688679245283,116,2011-10-25 08:51:00
13653.0,488,1,152.2,72,16.91111111111111,9,2010-08-09 08:19:00
13654.0,43,11,6308.0,4762,19.173252279635257,262,2011-10-27 16:24:00
13655.0,114,6,2280.51,1225,19.163949579831936,103,2011-08-17 14:25:00
13656.0,165,4,1078.85,862,12.400574712643676,81,2011-06-28 10:31:00
13657.0,11,2,382.14,209,23.88375,16,2011-11-29 12:32:00
13658.0,10,9,6025.5,2171,25.424050632911392,164,2011-11-30 10:13:00
13659.0,206,12,4894.88,2539,17.799563636363636,224,2011-05-18 12:37:00
13660.0,400,1,314.59,137,7.672926829268292,39,2010-11-04 16:10:00
13661.0,603,1,325.24,118,19.131764705882354,17,2010-04-15 14:58:00
13662.0,86,11,2250.11,1179,16.424160583941607,126,2011-09-15 12:04:00
13663.0,179,5,2047.51,893,20.681919191919192,87,2011-06-13 15:44:00
13665.0,386,3,1711.6599999999999,1652,16.147735849056602,97,2010-11-18 13:06:00
13666.0,60,5,127.89999999999999,54,6.731578947368421,19,2011-10-10 15:39:00
13667.0,149,1,305.02,154,3.505977011494253,82,2011-07-13 15:42:00
13668.0,3,35,13089.94,6133,16.99992207792208,411,2011-12-07 12:11:00
13669.0,51,3,413.55,393,29.539285714285715,13,2011-10-20 09:32:00
13670.0,75,1,349.7,282,13.988,25,2011-09-25 15:25:00
13671.0,395,1,194.95,107,2.5651315789473683,61,2010-11-10 10:50:00
13672.0,301,3,419.92,138,23.32888888888889,13,2011-02-11 13:53:00
13673.0,19,2,396.92,119,6.106461538461539,47,2011-11-21 12:11:00
13674.0,433,1,240.68,102,17.19142857142857,14,2010-10-03 10:41:00
13675.0,151,2,486.82000000000005,330,19.472800000000003,25,2011-07-11 12:57:00
13676.0,539,2,243.9,104,18.76153846153846,13,2010-06-18 17:30:00
13677.0,405,2,556.1899999999999,218,5.19803738317757,98,2010-10-31 11:32:00
13678.0,152,1,232.6,924,14.5375,16,2011-07-11 10:14:00
13679.0,494,3,281.26,102,5.6251999999999995,44,2010-08-03 12:13:00
13680.0,1,12,11435.67,5252,17.539371165644173,354,2011-12-08 13:47:00
13681.0,18,4,827.83,360,14.523333333333333,37,2011-11-22 11:13:00
13682.0,187,1,59.5,10,19.833333333333332,3,2011-06-05 14:06:00
13683.0,458,1,258.6,180,25.860000000000003,10,2010-09-08 10:00:00
13684.0,286,4,596.98,235,5.476880733944954,81,2011-02-27 10:13:00
13685.0,3,7,3119.44,5056,79.98564102564103,29,2011-12-07 11:41:00
13686.0,183,3,409.04,378,12.030588235294118,27,2011-06-10 09:10:00
13687.0,438,1,11880.84,87167,264.01866666666666,45,2010-09-27 16:30:00
13688.0,635,1,375.5,130,75.1,5,2010-03-14 14:11:00
13689.0,63,2,1259.5,722,139.94444444444446,6,2011-10-07 13:21:00
13690.0,59,1,172.25,67,19.13888888888889,9,2011-10-11 15:03:00
13691.0,396,1,212.78,145,3.9403703703703705,54,2010-11-08 17:34:00
13692.0,25,5,3114.4,2101,32.44166666666667,83,2011-11-15 11:17:00
13693.0,374,9,2011.82,880,18.97943396226415,78,2010-11-30 18:21:00
13694.0,4,143,196482.81,189205,128.8411868852459,896,2011-12-06 09:32:00
13695.0,31,16,2770.73,1791,28.861770833333335,47,2011-11-08 14:26:00
13696.0,422,3,2020.4,552,84.18333333333334,24,2010-10-14 09:44:00
13697.0,39,1,151.29999999999998,177,12.608333333333333,12,2011-11-01 09:14:00
13698.0,597,2,465.53000000000003,231,11.638250000000001,31,2010-04-22 11:52:00
13699.0,155,2,764.15,219,20.6527027027027,33,2011-07-07 16:51:00
13700.0,26,13,2613.46,2809,10.754979423868313,163,2011-11-13 13:00:00
13701.0,447,1,161.0,80,17.88888888888889,9,2010-09-19 12:39:00
13702.0,446,1,135.18,74,27.036,5,2010-09-20 11:40:00
13703.0,318,2,425.56,128,11.501621621621622,36,2011-01-25 13:10:00
13704.0,5,9,2308.06,1531,17.224328358208954,111,2011-12-04 15:13:00
13705.0,8,7,2035.33,1009,24.23011904761905,55,2011-12-02 12:32:00
13706.0,303,2,631.17,301,16.609736842105264,38,2011-02-10 09:21:00
13707.0,267,5,3365.86,2210,21.715225806451613,142,2011-03-17 18:03:00
13708.0,271,1,296.88,306,5.821176470588235,49,2011-03-13 13:46:00
13709.0,4,18,7591.75,4130,18.60723039215686,296,2011-12-06 10:28:00
13710.0,32,3,509.52,336,33.967999999999996,13,2011-11-08 08:16:00
13711.0,219,9,1792.26,819,19.48108695652174,80,2011-05-05 10:31:00
13712.0,247,2,766.42,1128,23.224848484848483,32,2011-04-07 12:33:00
13713.0,408,3,743.26,286,9.064146341463415,70,2010-10-27 16:18:00
13714.0,465,1,161.35,50,5.378333333333333,30,2010-08-31 13:57:00
13715.0,281,17,8483.29,4934,15.886310861423222,277,2011-03-03 19:21:00
13716.0,269,1,138.28,138,6.584761904761905,21,2011-03-15 13:49:00
13717.0,32,8,1763.3,2144,14.220161290322581,110,2011-11-07 14:13:00
13718.0,246,2,306.55,173,25.545833333333334,9,2011-04-07 13:24:00
13719.0,15,11,2815.25,1599,11.216135458167331,194,2011-11-24 15:26:00
13720.0,117,4,799.9,501,18.60232558139535,42,2011-08-15 12:46:00
13721.0,36,2,741.54,512,17.655714285714286,41,2011-11-03 14:05:00
13722.0,132,10,5635.41,3059,29.816984126984128,137,2011-07-31 12:44:00
13723.0,217,6,1209.2,629,20.494915254237288,51,2011-05-06 17:04:00
13724.0,637,1,213.01,130,5.071666666666666,39,2010-03-12 15:28:00
13725.0,50,8,1980.56,806,19.043846153846154,95,2011-10-21 10:03:00
13726.0,39,2,1079.6599999999999,1054,25.70619047619047,39,2011-11-01 10:49:00
13727.0,29,8,1080.05,370,12.857738095238094,74,2011-11-11 09:46:00
13728.0,37,16,2855.17,1269,17.409573170731708,75,2011-11-03 10:49:00
13729.0,436,3,724.73,419,18.582820512820515,36,2010-09-30 10:44:00
13730.0,136,2,752.6,488,17.50232558139535,38,2011-07-27 08:35:00
13731.0,219,2,610.59,278,16.068157894736842,36,2011-05-04 14:33:00
13732.0,28,1,491.86,498,14.904848484848486,33,2011-11-11 15:49:00
13733.0,411,2,487.03000000000003,335,16.794137931034484,28,2010-10-25 12:18:00
13734.0,509,4,6701.640000000001,303,239.34428571428575,24,2010-07-19 12:04:00
13735.0,25,13,9813.22,4158,14.959176829268293,362,2011-11-15 11:14:00
13736.0,5,7,2766.21,1552,4.966265709156194,325,2011-12-04 15:19:00
13737.0,200,1,339.59999999999997,125,11.319999999999999,29,2011-05-23 16:32:00
13738.0,396,1,440.93,240,4.792717391304348,88,2010-11-08 15:23:00
13739.0,18,2,292.2,76,48.699999999999996,6,2011-11-21 13:35:00
13740.0,241,5,1597.77,991,16.818631578947368,83,2011-04-13 10:32:00
13741.0,72,3,668.4300000000001,218,19.65970588235294,34,2011-09-29 09:19:00
13742.0,17,12,3131.02,1124,9.753956386292835,200,2011-11-23 11:07:00
13743.0,3,7,1341.6,1776,32.72195121951219,8,2011-12-07 10:09:00
13744.0,95,2,1156.36,1249,16.060555555555553,54,2011-09-05 15:19:00
13745.0,162,2,777.36,1146,13.881428571428572,46,2011-06-30 16:43:00
13746.0,414,1,176.69,83,19.63222222222222,9,2010-10-22 11:55:00
13747.0,374,2,249.39999999999998,68,41.56666666666666,4,2010-12-01 10:37:00
13748.0,96,9,2268.35,1108,38.44661016949152,40,2011-09-05 09:45:00
13750.0,54,11,3602.1800000000003,1370,48.02906666666667,51,2011-10-17 12:16:00
13751.0,288,1,296.25,152,32.916666666666664,9,2011-02-24 15:56:00
13752.0,124,7,1590.73,1007,16.744526315789475,75,2011-08-07 14:16:00
13753.0,288,4,2094.57,1450,26.182125000000003,64,2011-02-25 12:48:00
13754.0,152,3,447.05,315,21.288095238095238,16,2011-07-11 11:51:00
13755.0,4,9,2161.35,1264,6.319736842105263,232,2011-12-06 12:26:00
13756.0,2,23,9207.5,5441,26.458333333333332,142,2011-12-07 16:44:00
13757.0,675,1,195.55,54,24.44375,8,2010-02-03 12:37:00
13758.0,12,15,9416.98,5068,30.47566343042071,213,2011-11-28 11:11:00
13759.0,33,2,659.4100000000001,287,26.376400000000004,24,2011-11-06 14:47:00
13760.0,54,5,1363.6399999999999,623,11.459159663865545,95,2011-10-16 16:13:00
13761.0,50,6,1952.17,1079,16.001393442622952,118,2011-10-20 14:01:00
13762.0,219,5,2472.48,2608,70.64228571428572,23,2011-05-05 09:15:00
13763.0,63,3,5217.4400000000005,3224,104.34880000000001,50,2011-10-07 15:13:00
13764.0,71,6,2953.26,2099,7.8544148936170215,295,2011-09-30 12:03:00
13765.0,653,1,352.821,297,20.754176470588238,17,2010-02-24 13:46:00
13766.0,495,1,190.35,137,11.197058823529412,16,2010-08-01 14:25:00
13767.0,2,73,35540.53,15235,44.705069182389934,117,2011-12-07 15:00:00
13768.0,727,2,875.97,373,26.544545454545457,30,2009-12-13 10:41:00
13769.0,2,20,5800.42,2574,20.352350877192983,121,2011-12-07 15:08:00
13770.0,422,4,785.37,468,16.361875,48,2010-10-13 15:10:00
13771.0,64,9,5728.82,3140,26.522314814814813,182,2011-10-06 14:18:00
13772.0,34,8,3114.22,1456,5.416034782608695,394,2011-11-06 11:43:00
13773.0,397,2,301.54,174,15.870526315789474,19,2010-11-08 11:49:00
13774.0,82,1,345.0,192,15.681818181818182,22,2011-09-19 12:06:00
13775.0,591,1,1049.66,455,16.661269841269842,63,2010-04-28 12:15:00
13776.0,428,2,623.98,2,311.99,1,2010-10-07 16:11:00
13777.0,1,61,56478.42,26742,144.44608695652173,44,2011-12-09 12:25:00
13778.0,103,4,1124.49,511,25.55659090909091,33,2011-08-28 15:25:00
13779.0,516,1,161.13,53,5.967777777777777,27,2010-07-12 11:24:00
13780.0,7,3,735.82,481,7.3582,90,2011-12-02 13:49:00
13781.0,251,3,778.83,300,13.663684210526316,56,2011-04-03 12:08:00
13782.0,13,13,1793.72,649,7.351311475409836,187,2011-11-27 11:54:00
13783.0,488,4,1542.09,3437,154.209,4,2010-08-09 09:23:00
13784.0,10,14,2910.23,2827,67.67976744186046,13,2011-11-30 09:33:00
13785.0,429,4,542.49,151,18.083000000000002,26,2010-10-07 09:25:00
13786.0,367,6,3358.94,1652,27.088225806451614,80,2010-12-07 13:53:00
13787.0,76,6,1222.5,998,14.215116279069768,71,2011-09-25 12:06:00
13788.0,505,1,3.75,1,3.75,1,2010-07-22 15:50:00
13789.0,388,1,239.45999999999998,258,13.303333333333333,18,2010-11-16 15:31:00
13790.0,4,1,348.8,748,7.751111111111111,45,2011-12-05 15:48:00
13791.0,128,2,1516.0,1200,137.8181818181818,7,2011-08-04 11:44:00
13792.0,66,3,383.95,156,16.693478260869565,23,2011-10-04 14:31:00
13793.0,647,1,96.0,52,13.714285714285714,7,2010-03-03 08:25:00
13794.0,547,1,126.03,63,14.003333333333334,9,2010-06-11 12:30:00
13795.0,388,4,836.3,1250,28.837931034482757,23,2010-11-16 17:25:00
13796.0,499,1,289.7,218,13.168181818181818,22,2010-07-28 14:45:00
13797.0,437,3,1179.45,573,15.121153846153847,71,2010-09-29 10:34:00
13798.0,1,110,75836.87,48347,105.03721606648199,168,2011-12-08 15:51:00
13799.0,117,9,2803.57,1539,26.448773584905663,64,2011-08-15 12:07:00
13800.0,310,3,1679.56,891,23.00767123287671,73,2011-02-03 12:27:00
13801.0,67,1,324.8,168,14.121739130434783,23,2011-10-04 10:15:00
13802.0,139,19,26259.11,14129,58.61408482142857,212,2011-07-24 10:54:00
13803.0,255,3,1338.91,831,17.16551282051282,73,2011-03-29 12:57:00
13804.0,31,9,3208.52,1833,18.985325443786984,149,2011-11-09 12:32:00
13805.0,52,2,924.6,1900,71.12307692307692,10,2011-10-18 14:50:00
13806.0,64,1,256.38,56,25.637999999999998,10,2011-10-07 11:43:00
13807.0,367,3,534.8,152,16.7125,24,2010-12-07 15:48:00
13808.0,6,5,1747.66,782,22.995526315789476,70,2011-12-04 12:18:00
13809.0,305,3,679.7,281,27.188000000000002,23,2011-02-07 13:15:00
13810.0,29,3,1499.01,312,42.828857142857146,32,2011-11-11 08:33:00
13811.0,184,3,814.5,68,62.65384615384615,7,2011-06-09 09:54:00
13812.0,42,3,539.0,333,14.972222222222221,33,2011-10-28 14:27:00
13813.0,40,8,2765.47,1292,19.33895104895105,84,2011-10-31 10:38:00
13814.0,92,3,2257.32,1214,28.573670886075952,56,2011-09-08 13:48:00
13815.0,22,8,7475.74,5381,20.999269662921346,203,2011-11-17 14:19:00
13816.0,24,2,571.6700000000001,269,20.416785714285716,25,2011-11-16 08:38:00
13817.0,29,2,382.98,211,15.957500000000001,20,2011-11-10 17:49:00
13818.0,430,1,61.28,60,12.256,5,2010-10-06 12:35:00
13819.0,302,6,2642.35,2309,26.161881188118812,47,2011-02-11 10:38:00
13820.0,418,3,660.65,287,7.3405555555555555,68,2010-10-17 13:46:00
13821.0,145,6,1410.73,483,6.749904306220095,158,2011-07-18 09:49:00
13822.0,6,2,632.0,611,6.583333333333333,90,2011-12-04 12:13:00
13823.0,19,7,3403.4500000000003,1564,20.880061349693253,108,2011-11-21 10:22:00
13824.0,33,12,3314.76,1442,33.147600000000004,59,2011-11-07 12:41:00
13825.0,622,2,255.59,182,6.38975,38,2010-03-28 11:02:00
13826.0,176,1,189.5,82,18.95,10,2011-06-16 13:48:00
13827.0,58,3,412.05,141,4.430645161290323,83,2011-10-13 12:38:00
13828.0,22,1,209.49,311,13.966000000000001,15,2011-11-17 16:02:00
13829.0,421,1,102.0,12,102.0,1,2010-10-14 18:19:00
13830.0,582,1,156.85000000000002,47,14.259090909090911,11,2010-05-07 12:24:00
13831.0,16,18,7023.58,2557,37.5592513368984,121,2011-11-23 15:41:00
13832.0,19,2,613.6899999999999,422,10.766491228070175,54,2011-11-20 15:36:00
13833.0,159,2,701.36,244,15.585777777777778,43,2011-07-03 13:27:00
13834.0,577,2,324.19,221,20.261875,15,2010-05-12 10:27:00
13835.0,25,7,1095.27,520,15.426338028169013,60,2011-11-14 15:37:00
13836.0,399,2,620.37,273,20.011935483870968,29,2010-11-05 13:31:00
13837.0,212,2,271.24,183,14.275789473684211,17,2011-05-12 12:10:00
13838.0,6,10,1966.09,794,4.165444915254237,328,2011-12-04 11:00:00
13839.0,486,1,139.95000000000002,25,19.992857142857144,7,2010-08-10 13:52:00
13840.0,416,1,651.4,358,16.285,40,2010-10-19 13:34:00
13841.0,253,1,85.0,100,85.0,1,2011-04-01 12:10:00
13842.0,59,18,5629.91,2879,15.858901408450704,214,2011-10-12 10:51:00
13843.0,381,1,319.75,145,17.76388888888889,18,2010-11-23 17:48:00
13844.0,11,1,361.62,196,18.081,20,2011-11-28 13:21:00
13845.0,65,1,312.98,182,34.775555555555556,9,2011-10-06 08:25:00
13846.0,25,4,1307.79,705,16.145555555555553,81,2011-11-15 12:07:00
13847.0,720,1,310.72,96,16.353684210526318,19,2009-12-20 10:41:00
13848.0,92,8,3335.0,10200,303.1818181818182,3,2011-09-08 12:58:00
13849.0,52,5,3469.3,1883,15.769545454545455,189,2011-10-19 10:59:00
13850.0,129,1,1595.48,944,17.155698924731183,93,2011-08-02 14:04:00
13851.0,96,8,4606.46,2525,32.903285714285715,111,2011-09-05 12:36:00
13852.0,611,1,187.35000000000002,85,17.031818181818185,11,2010-04-08 09:06:00
13853.0,57,1,1090.14,312,47.39739130434783,23,2011-10-13 14:18:00
13854.0,9,39,12253.96,3710,67.70143646408839,61,2011-12-01 09:06:00
13855.0,501,4,1310.3400000000001,575,17.949863013698632,64,2010-07-27 09:53:00
13856.0,169,11,1142.03,1105,21.148703703703703,33,2011-06-24 10:03:00
13857.0,393,6,1001.01,782,7.820390625,99,2010-11-11 12:54:00
13858.0,57,1,216.17,75,19.651818181818182,11,2011-10-13 16:17:00
13859.0,326,2,515.86,167,14.329444444444444,34,2011-01-17 16:14:00
13860.0,1,5,1245.9,591,16.39342105263158,58,2011-12-08 12:57:00
13861.0,429,2,273.26,225,13.012380952380951,21,2010-10-06 14:20:00
13862.0,18,9,2556.09,1927,15.9755625,113,2011-11-21 16:24:00
13863.0,248,4,1239.55,553,17.707857142857144,59,2011-04-06 10:20:00
13864.0,387,1,662.4000000000001,192,662.4000000000001,1,2010-11-18 12:50:00
13865.0,58,4,501.56,204,16.718666666666667,26,2011-10-12 13:31:00
13866.0,74,1,145.67000000000002,57,20.810000000000002,7,2011-09-26 14:54:00
13867.0,31,3,1015.29,513,16.644098360655736,51,2011-11-08 15:48:00
13868.0,7,2,3192.54,1964,96.74363636363637,32,2011-12-02 16:32:00
13869.0,123,10,8111.57,4358,9.432058139534883,502,2011-08-08 13:53:00
13870.0,2,15,5712.08,3449,23.701576763485477,159,2011-12-07 13:23:00
13871.0,23,17,7885.85,3502,19.616542288557216,183,2011-11-17 10:49:00
13872.0,527,3,919.57,339,16.13280701754386,51,2010-06-30 15:35:00
13873.0,120,8,1038.92,472,17.315333333333335,55,2011-08-12 10:08:00
13874.0,358,7,2049.15,864,29.697826086956525,46,2010-12-16 18:20:00
13875.0,54,14,4814.37,3072,17.831,159,2011-10-17 09:36:00
13876.0,64,1,122.7,36,17.52857142857143,7,2011-10-07 10:22:00
13877.0,86,3,449.68,478,19.551304347826086,23,2011-09-14 15:49:00
13878.0,55,4,2473.06,959,23.112710280373832,93,2011-10-16 12:19:00
13879.0,646,1,395.5,204,15.82,25,2010-03-04 10:49:00
13880.0,21,17,4391.66,2589,19.177554585152837,148,2011-11-18 13:44:00
13881.0,4,43,45179.1,29760,98.8601750547046,182,2011-12-06 12:50:00
13882.0,3,5,1191.13,953,18.325076923076924,54,2011-12-07 11:16:00
13883.0,11,15,6560.02,3584,20.759556962025318,200,2011-11-29 10:45:00
13884.0,7,10,1888.48,797,9.939368421052631,108,2011-12-02 16:30:00
13885.0,189,2,506.8,182,18.1,28,2011-06-03 15:07:00
13886.0,71,1,243.56,126,15.2225,16,2011-09-29 13:17:00
13887.0,204,1,349.55,147,18.397368421052633,19,2011-05-19 17:22:00
13888.0,120,7,2169.05,903,11.788315217391306,124,2011-08-12 10:13:00
13889.0,93,6,1991.23,979,23.990722891566264,57,2011-09-08 09:13:00
13890.0,1,14,2927.38,1392,16.921271676300577,100,2011-12-08 15:36:00
13891.0,378,3,863.5600000000001,479,8.6356,97,2010-11-26 15:57:00
13892.0,27,6,1267.6499999999999,3125,35.2125,33,2011-11-13 11:50:00
13893.0,298,1,821.1,190,39.1,21,2011-02-15 11:30:00
13894.0,24,3,564.62,354,20.911851851851853,25,2011-11-16 09:44:00
13895.0,28,6,4008.52,2060,21.551182795698924,154,2011-11-11 16:57:00
13896.0,626,1,388.55,149,18.502380952380953,21,2010-03-24 08:55:00
13897.0,50,3,1160.72,820,19.67322033898305,58,2011-10-20 14:30:00
13898.0,326,2,686.4,544,14.921739130434782,43,2011-01-18 10:28:00
13899.0,16,2,388.52,156,20.448421052631577,19,2011-11-23 13:40:00
13900.0,183,6,1610.59,938,16.95357894736842,80,2011-06-09 19:26:00
13901.0,72,15,5676.34,3344,18.310774193548387,280,2011-09-28 14:48:00
13902.0,632,5,34095.26,220600,541.1946031746032,58,2010-03-17 13:09:00
13903.0,400,1,165.45000000000002,103,16.545,10,2010-11-04 17:44:00
13904.0,37,2,332.64,332,12.793846153846154,24,2011-11-02 13:41:00
13905.0,733,1,312.65,135,26.054166666666664,12,2009-12-07 11:41:00
13906.0,409,1,42.0,100,42.0,1,2010-10-26 15:00:00
13907.0,692,1,136.8,68,34.2,4,2010-01-17 12:22:00
13908.0,80,4,2369.55,1478,19.42254098360656,104,2011-09-21 11:49:00
13909.0,423,2,286.6,302,7.348717948717949,35,2010-10-12 17:22:00
13911.0,57,20,4234.99,4487,17.7940756302521,178,2011-10-13 15:43:00
13912.0,424,1,124.95,29,17.85,7,2010-10-12 08:43:00
13913.0,507,1,42.22,10,14.073333333333332,3,2010-07-21 10:11:00
13914.0,12,2,626.45,380,18.983333333333334,28,2011-11-28 10:35:00
13915.0,394,1,70.80000000000001,24,35.400000000000006,2,2010-11-10 15:17:00
13916.0,464,4,1275.81,673,17.240675675675675,72,2010-09-02 10:04:00
13917.0,50,2,272.04,228,15.113333333333335,16,2011-10-21 09:56:00
13918.0,50,2,1212.8400000000001,1140,40.428000000000004,30,2011-10-21 12:25:00
13919.0,59,4,1360.68,1133,17.67116883116883,65,2011-10-11 14:24:00
13920.0,432,4,1774.68,1772,20.635813953488373,81,2010-10-04 12:37:00
13921.0,402,4,730.7,210,16.606818181818184,36,2010-11-02 16:32:00
13922.0,352,3,865.2,467,28.84,30,2010-12-23 10:38:00
13923.0,54,1,351.13,185,17.5565,20,2011-10-17 12:33:00
13924.0,2,6,1838.8500000000001,1575,15.716666666666669,90,2011-12-08 09:39:00
13925.0,93,4,678.25,331,16.54268292682927,28,2011-09-08 12:47:00
13926.0,23,1,223.85000000000002,104,20.35,11,2011-11-16 13:16:00
13927.0,75,2,708.26,463,17.274634146341462,37,2011-09-26 12:00:00
13928.0,11,4,464.57,129,17.206296296296298,23,2011-11-29 10:33:00
13929.0,169,11,3494.1,1566,61.3,38,2011-06-23 15:26:00
13930.0,58,2,337.34,274,19.843529411764706,15,2011-10-13 09:45:00
13931.0,96,11,5257.38,3488,19.399926199261994,205,2011-09-05 10:12:00
13932.0,295,1,307.4,72,19.2125,16,2011-02-18 12:02:00
13933.0,109,2,608.7900000000001,205,26.469130434782613,23,2011-08-22 14:03:00
13934.0,264,1,922.1,390,29.74516129032258,31,2011-03-21 08:39:00
13935.0,597,3,6116.92,2252,76.4615,67,2010-04-22 11:21:00
13936.0,180,3,939.66,661,15.9264406779661,56,2011-06-13 08:47:00
13937.0,169,2,880.13,587,16.298703703703705,54,2011-06-23 16:35:00
13938.0,35,1,71.66,70,10.237142857142857,7,2011-11-04 14:37:00
13939.0,23,7,1560.96,1608,14.190545454545456,91,2011-11-16 13:33:00
13940.0,17,4,839.14,516,17.12530612244898,39,2011-11-22 15:15:00
13941.0,22,15,11122.300000000001,5426,105.92666666666668,42,2011-11-18 09:43:00
13942.0,535,1,320.0,1000,320.0,1,2010-06-23 12:35:00
13943.0,578,1,246.54,94,16.436,15,2010-05-11 11:30:00
13944.0,653,1,200.43,153,5.726571428571429,35,2010-02-24 15:02:00
13945.0,395,2,854.15,413,16.748039215686273,49,2010-11-10 10:00:00
13946.0,79,6,1876.23,2847,33.504107142857144,49,2011-09-21 13:33:00
13947.0,65,1,90.6,44,18.119999999999997,5,2011-10-05 14:42:00
13948.0,361,4,548.76,248,22.865,23,2010-12-14 10:18:00
13949.0,3,6,2427.32,2474,15.170750000000002,124,2011-12-07 09:35:00
13950.0,11,4,745.06,323,21.28742857142857,33,2011-11-28 14:44:00
13951.0,176,3,674.45,459,17.293589743589745,38,2011-06-16 16:43:00
13952.0,218,14,12823.521,5947,31.35335207823961,238,2011-05-06 09:00:00
13953.0,7,12,6640.68,5224,265.6272,8,2011-12-02 16:04:00
13954.0,2,2,439.92,150,17.5968,24,2011-12-08 12:50:00
13955.0,154,3,545.17,274,6.266321839080459,82,2011-07-08 17:19:00
13956.0,5,5,1026.42,491,6.752763157894737,123,2011-12-04 13:20:00
13957.0,418,3,458.25,157,16.97222222222222,21,2010-10-18 10:02:00
13958.0,380,8,4709.2300000000005,2264,20.745506607929517,172,2010-11-25 10:11:00
13959.0,79,6,1076.18,700,6.602331288343558,120,2011-09-21 15:06:00
13960.0,21,2,230.22,142,19.185,11,2011-11-18 15:27:00
13961.0,392,1,538.4,226,28.336842105263155,19,2010-11-12 14:40:00
13962.0,22,3,362.8,160,15.773913043478261,23,2011-11-18 08:47:00
13963.0,308,17,3011.87,2061,17.510872093023256,129,2011-02-04 14:43:00
13964.0,387,2,438.9,228,18.287499999999998,22,2010-11-17 13:53:00
13965.0,477,3,996.61,425,41.525416666666665,23,2010-08-20 10:40:00
13966.0,435,1,390.86,772,17.766363636363636,21,2010-09-30 13:08:00
13967.0,146,2,166.3,66,27.71666666666667,4,2011-07-17 12:02:00
13968.0,423,1,123.66,174,15.4575,8,2010-10-12 13:22:00
13969.0,7,35,13365.87,6817,12.08487341772152,472,2011-12-02 15:11:00
13970.0,386,2,846.55,469,65.11923076923077,10,2010-11-18 13:21:00
13971.0,19,14,4667.57,3084,18.30419607843137,184,2011-11-21 12:06:00
13972.0,71,2,190.25,187,12.683333333333334,15,2011-09-30 11:54:00
13973.0,287,1,264.7,109,24.063636363636363,11,2011-02-25 15:21:00
13974.0,49,2,677.72,356,15.76093023255814,43,2011-10-21 14:41:00
13975.0,31,12,5358.84,3934,7.126117021276596,434,2011-11-08 13:19:00
13976.0,207,4,1192.36,452,21.292142857142856,49,2011-05-17 09:13:00
13977.0,411,1,519.8100000000001,303,39.98538461538462,13,2010-10-24 14:08:00
13978.0,15,2,196.79000000000002,315,13.119333333333335,14,2011-11-25 11:36:00
13979.0,73,7,3416.23,2296,8.41435960591133,356,2011-09-27 13:32:00
13980.0,60,5,799.92,477,12.306461538461537,57,2011-10-10 13:34:00
13981.0,416,1,331.14,234,15.05181818181818,22,2010-10-20 10:03:00
13982.0,39,9,4445.59,2736,17.571501976284587,123,2011-10-31 16:24:00
13983.0,30,21,7108.45,4157,20.84589442815249,238,2011-11-10 11:06:00
13984.0,27,12,2048.6,1421,22.02795698924731,53,2011-11-13 12:38:00
13985.0,4,22,10020.86,4936,20.87679166666667,149,2011-12-05 17:06:00
13986.0,17,1,320.46,430,24.650769230769228,12,2011-11-22 15:00:00
13987.0,380,2,682.54,492,14.837826086956522,46,2010-11-25 10:20:00
13988.0,20,8,4757.8,3385,16.12813559322034,218,2011-11-20 10:15:00
13989.0,66,5,2026.06,2207,23.558837209302325,61,2011-10-05 09:47:00
13990.0,213,1,311.3,190,19.45625,16,2011-05-10 15:19:00
13991.0,12,6,855.97,998,10.190119047619048,58,2011-11-27 16:18:00
13992.0,30,3,219.5,154,19.954545454545453,10,2011-11-09 15:23:00
13993.0,43,19,6775.71,2135,25.960574712643677,110,2011-10-28 09:06:00
13994.0,4,6,2313.14,940,14.923483870967742,122,2011-12-06 11:05:00
13995.0,15,14,3902.01,2359,16.965260869565217,146,2011-11-24 14:22:00
13996.0,386,2,895.76,613,27.144242424242425,29,2010-11-18 16:27:00
13997.0,519,3,382.31,146,8.31108695652174,36,2010-07-08 18:06:00
13998.0,447,3,566.7,204,18.280645161290323,30,2010-09-19 10:20:00
13999.0,10,29,9502.26,5043,20.391115879828327,174,2011-11-29 13:40:00
14000.0,211,5,2046.3400000000001,1838,41.76204081632653,28,2011-05-12 16:50:00
14001.0,46,9,4530.09,1873,40.447232142857146,60,2011-10-25 10:31:00
14002.0,134,2,529.73,877,11.270851063829788,47,2011-07-28 15:55:00
14003.0,733,1,209.41,149,13.088125,16,2009-12-07 08:53:00
14004.0,43,11,6258.45,3425,25.968672199170125,127,2011-10-27 14:40:00
14005.0,10,5,2874.72,2478,34.22285714285714,53,2011-11-30 12:41:00
14006.0,116,7,2196.67,2181,28.528181818181817,55,2011-08-16 09:39:00
14007.0,513,1,79.48,16,15.896,5,2010-07-15 09:06:00
14008.0,432,1,509.04,326,15.9075,32,2010-10-03 13:09:00
14009.0,198,3,1099.91,951,14.863648648648649,71,2011-05-25 15:47:00
14010.0,565,2,445.15,177,18.547916666666666,20,2010-05-23 13:00:00
14011.0,480,2,457.82,644,14.306875,32,2010-08-16 15:31:00
14012.0,278,1,328.8,160,29.89090909090909,11,2011-03-07 12:26:00
14013.0,110,5,1084.57,775,15.949558823529411,56,2011-08-21 15:01:00
14014.0,77,3,1948.21,2004,25.63434210526316,76,2011-09-23 13:18:00
14015.0,53,1,917.34,378,45.867000000000004,20,2011-10-18 10:02:00
14016.0,162,11,11403.41,5722,25.45404017857143,354,2011-07-01 11:29:00
14017.0,571,1,229.75,73,16.410714285714285,14,2010-05-17 14:52:00
14018.0,645,1,367.15000000000003,224,28.242307692307694,13,2010-03-04 14:23:00
14019.0,47,3,1421.61,1037,21.539545454545454,37,2011-10-24 10:13:00
14020.0,17,4,1249.01,648,17.347361111111113,63,2011-11-23 09:22:00
14021.0,155,7,1716.58,878,19.07311111111111,84,2011-07-07 15:46:00
14022.0,225,2,792.15,681,16.854255319148937,45,2011-04-28 14:39:00
14023.0,7,2,584.07,345,18.840967741935486,30,2011-12-02 13:58:00
14024.0,122,3,645.74,238,18.99235294117647,33,2011-08-10 11:30:00
14025.0,465,8,4057.9,1914,40.98888888888889,60,2010-09-01 10:11:00
14026.0,471,2,713.11,427,14.2622,43,2010-08-26 10:31:00
14027.0,61,1,104.82,62,17.47,6,2011-10-10 09:01:00
14028.0,550,3,10396.5,7170,1155.1666666666667,3,2010-06-07 13:33:00
14029.0,63,2,467.66,198,31.177333333333333,15,2011-10-07 14:46:00
14030.0,18,20,8262.29,4350,9.540750577367206,591,2011-11-21 16:48:00
14031.0,7,44,40999.17,14507,52.49573623559539,280,2011-12-02 17:13:00
14032.0,2,16,4850.2699999999995,3916,19.878155737704915,79,2011-12-07 15:23:00
14033.0,555,1,109.44,576,109.44,1,2010-06-02 15:10:00
14034.0,22,3,651.8199999999999,423,7.323820224719101,82,2011-11-17 14:02:00
14035.0,29,9,2856.72,1419,18.918675496688742,70,2011-11-11 10:03:00
14036.0,285,1,626.65,268,16.49078947368421,38,2011-02-28 09:26:00
14037.0,176,6,836.95,590,7.341666666666667,96,2011-06-16 13:57:00
14038.0,78,5,3069.88,1708,19.067577639751555,99,2011-09-22 13:37:00
14039.0,33,2,267.28000000000003,192,26.728,10,2011-11-06 13:48:00
14040.0,41,35,12645.57,5044,15.926410579345088,335,2011-10-30 12:42:00
14041.0,266,1,141.41,94,6.733809523809524,21,2011-03-18 13:25:00
14042.0,725,1,431.98,180,20.570476190476192,21,2009-12-14 15:07:00
14043.0,491,2,304.25,153,7.244047619047619,37,2010-08-05 18:18:00
14044.0,27,10,3123.1,2126,3.669917743830787,533,2011-11-13 12:05:00
14045.0,109,16,11313.029999999999,4587,297.71131578947364,16,2011-08-22 15:27:00
14046.0,284,1,154.99,460,11.070714285714287,14,2011-02-28 14:48:00
14047.0,9,14,4255.03,1649,25.94530487804878,91,2011-12-01 11:43:00
14048.0,305,3,748.69,467,5.309858156028369,126,2011-02-07 14:53:00
14049.0,17,13,13239.03,8609,12.247021276595746,573,2011-11-23 12:20:00
14050.0,32,2,746.36,689,13.821481481481483,49,2011-11-08 10:00:00
14051.0,1,37,22434.0,5947,67.16766467065868,82,2011-12-09 10:20:00
14052.0,20,2,480.81,187,3.84648,115,2011-11-20 12:30:00
14053.0,124,4,572.3,490,63.58888888888888,3,2011-08-07 14:27:00
14054.0,65,1,92.46,62,15.409999999999998,6,2011-10-05 15:49:00
14055.0,106,3,1520.96,720,46.08969696969697,33,2011-08-25 15:04:00
14056.0,1,23,8214.65,4273,7.427350813743218,320,2011-12-08 13:36:00
14057.0,24,22,8408.84,6485,18.521674008810574,244,2011-11-16 10:32:00
14058.0,463,2,469.19,211,19.549583333333334,23,2010-09-03 09:31:00
14059.0,267,1,183.6,128,22.95,8,2011-03-18 10:06:00
14060.0,5,30,9519.08,8119,35.25585185185185,100,2011-12-05 12:29:00
14061.0,507,3,917.4300000000001,133,48.28578947368421,17,2010-07-20 17:22:00
14062.0,10,24,25604.2,12799,74.64781341107872,141,2011-11-30 10:04:00
14063.0,438,9,22710.2,3850,567.755,30,2010-09-27 16:18:00
14064.0,29,15,3332.42,3977,13.657459016393442,131,2011-11-10 13:14:00
14065.0,389,3,891.02,582,18.18408163265306,42,2010-11-15 16:13:00
14066.0,267,1,152.55,45,21.792857142857144,7,2011-03-18 12:21:00
14067.0,64,2,374.7,361,7.2057692307692305,51,2011-10-07 10:21:00
14068.0,320,4,1528.3700000000001,513,13.7690990990991,93,2011-01-23 16:02:00
14069.0,515,2,230.06,59,5.477619047619048,37,2010-07-13 12:12:00
14070.0,685,1,326.55,86,7.775,40,2010-01-24 12:27:00
14071.0,4,8,1438.82,995,4.440802469135802,271,2011-12-06 12:27:00
14072.0,667,1,390.85,65,20.571052631578947,19,2010-02-11 12:31:00
14073.0,32,1,151.04,130,11.618461538461538,13,2011-11-07 15:49:00
14074.0,623,1,219.39999999999998,228,36.56666666666666,6,2010-03-26 13:55:00
14075.0,5,6,1734.87,1494,21.41814814814815,59,2011-12-05 08:38:00
14076.0,129,1,122.47,81,2.662391304347826,43,2011-08-02 15:19:00
14077.0,41,6,615.0799999999999,376,10.983571428571427,43,2011-10-30 12:35:00
14078.0,102,9,1692.6299999999999,618,10.384233128834355,107,2011-08-30 12:16:00
14079.0,125,2,618.73,302,47.59461538461539,13,2011-08-07 12:10:00
14080.0,33,5,1115.68,268,13.441927710843375,74,2011-11-07 11:09:00
14081.0,302,10,5370.1,3712,5.700743099787686,465,2011-02-10 16:17:00
14082.0,365,2,413.36,246,6.359384615384616,48,2010-12-10 11:02:00
14083.0,4,11,1407.26,966,5.518666666666666,169,2011-12-05 13:14:00
14084.0,512,1,150.5,306,21.5,7,2010-07-15 14:36:00
14085.0,2,33,10104.97,6564,9.461582397003745,479,2011-12-07 13:46:00
14086.0,463,1,39.95,1,39.95,1,2010-09-03 10:52:00
14087.0,3,3,846.22,727,3.8290497737556564,175,2011-12-07 12:41:00
14088.0,10,16,64036.8,15276,93.89560117302054,436,2011-11-29 16:16:00
14089.0,57,1,161.0,134,11.5,13,2011-10-14 10:38:00
14090.0,325,1,76.32000000000001,72,76.32000000000001,1,2011-01-19 10:51:00
14091.0,654,2,9530.08,3316,733.0830769230769,13,2010-02-23 15:17:00
14092.0,8,24,7229.45,3606,19.381903485254693,169,2011-12-02 12:13:00
14093.0,12,1,442.85,406,4.217619047619048,95,2011-11-27 16:27:00
14094.0,440,1,335.22,177,7.132340425531916,41,2010-09-26 11:58:00
14095.0,723,1,2.95,1,2.95,1,2009-12-17 12:49:00
14096.0,4,17,65164.79,16352,12.749909998043435,1119,2011-12-05 17:17:00
14097.0,481,2,422.85999999999996,352,10.571499999999999,39,2010-08-15 14:20:00
14098.0,37,1,147.35,104,7.016666666666667,21,2011-11-03 10:13:00
14099.0,16,20,5765.71,3670,10.982304761904762,273,2011-11-23 13:53:00
14100.0,138,1,194.9,64,7.496153846153846,24,2011-07-25 11:01:00
14101.0,74,13,9961.93,10542,110.68811111111111,19,2011-09-27 12:28:00
14102.0,5,5,1360.28,961,17.21873417721519,35,2011-12-04 15:38:00
14104.0,155,5,771.5799999999999,509,5.3956643356643355,117,2011-07-08 12:50:00
14105.0,239,5,5988.83,3534,21.465340501792113,200,2011-04-14 17:58:00
14106.0,737,1,214.79999999999998,24,214.79999999999998,1,2009-12-02 14:09:00
14107.0,52,11,4877.3,3489,20.666525423728814,102,2011-10-19 12:12:00
14108.0,31,4,1044.96,660,20.095384615384617,49,2011-11-09 10:41:00
14109.0,73,1,144.2,88,16.022222222222222,9,2011-09-28 10:18:00
14110.0,4,33,12987.95,5825,32.55125313283208,177,2011-12-06 12:26:00
14111.0,14,4,692.85,458,69.285,10,2011-11-25 13:44:00
14112.0,23,13,5834.59,3539,17.897515337423314,199,2011-11-17 12:30:00
14113.0,4,16,7092.610000000001,3439,58.136147540983615,76,2011-12-06 12:18:00
14114.0,274,7,1364.09,650,18.43364864864865,72,2011-03-11 09:42:00
14115.0,502,2,622.6700000000001,509,28.303181818181823,22,2010-07-26 12:36:00
14116.0,20,5,1382.74,707,19.204722222222223,61,2011-11-20 10:29:00
14117.0,144,1,90.0,72,30.0,3,2011-07-19 09:49:00
14118.0,429,1,458.45,97,30.563333333333333,15,2010-10-07 11:59:00
14119.0,376,2,183.37,177,16.67,11,2010-11-29 10:33:00
14121.0,4,4,2780.15,2082,17.485220125786164,148,2011-12-06 12:19:00
14122.0,406,3,362.42,114,27.87846153846154,12,2010-10-29 15:11:00
14123.0,733,1,436.18,234,18.174166666666668,24,2009-12-06 15:35:00
14124.0,84,1,419.58000000000004,1618,83.91600000000001,4,2011-09-16 13:32:00
14125.0,11,3,2740.43,1640,16.409760479041914,159,2011-11-29 12:47:00
14126.0,8,4,1172.46,887,27.26651162790698,37,2011-12-02 11:45:00
14127.0,123,6,1900.0800000000002,828,16.240000000000002,96,2011-08-09 10:49:00
14128.0,61,3,924.21,814,14.218615384615385,50,2011-10-10 12:00:00
14129.0,2,9,2591.34,1414,23.77376146788991,40,2011-12-08 11:02:00
14130.0,319,4,1882.67,1239,8.404776785714287,189,2011-01-24 16:05:00
14131.0,649,1,187.87,118,3.6128846153846155,45,2010-03-01 11:59:00
14132.0,2,11,3586.0299999999997,3368,17.930149999999998,100,2011-12-07 13:35:00
14133.0,130,4,911.14,398,25.309444444444445,33,2011-08-02 11:34:00
14134.0,383,15,11123.35,5814,61.79638888888889,130,2010-11-22 12:26:00
14135.0,2,24,9643.92,9355,37.6715625,138,2011-12-08 11:38:00
14136.0,401,5,1570.81,1148,14.818962264150944,86,2010-11-04 11:53:00
14137.0,696,1,332.7,462,30.245454545454546,11,2010-01-13 12:30:00
14138.0,2,2,982.3800000000001,610,20.901702127659576,40,2011-12-08 12:44:00
14139.0,46,4,1086.8,1049,15.75072463768116,48,2011-10-24 13:34:00
14140.0,4,2,935.05,811,14.167424242424241,60,2011-12-06 09:05:00
14141.0,3,4,915.13,355,22.87825,27,2011-12-07 09:53:00
14142.0,373,2,983.15,831,14.896212121212121,42,2010-12-01 16:33:00
14143.0,134,1,115.8,30,16.54285714285714,7,2011-07-29 09:48:00
14144.0,486,1,30.599999999999998,12,30.599999999999998,1,2010-08-10 15:17:00
14145.0,47,7,7600.05,1655,304.002,11,2011-10-24 12:10:00
14146.0,9,12,9450.3,5780,20.724342105263155,337,2011-12-01 10:18:00
14147.0,78,9,2590.2,995,86.33999999999999,24,2011-09-22 18:10:00
14148.0,234,2,466.29,223,27.428823529411765,15,2011-04-20 12:02:00
14149.0,221,1,446.62,218,15.950714285714286,28,2011-05-03 09:44:00
14150.0,36,2,658.64,496,25.33230769230769,23,2011-11-04 10:05:00
14151.0,673,2,679.45,405,15.442045454545456,44,2010-02-04 15:35:00
14152.0,75,7,1997.3400000000001,1844,15.017593984962406,104,2011-09-25 12:54:00
14153.0,483,1,233.4,312,13.729411764705883,17,2010-08-13 14:35:00
14154.0,239,8,6460.7,3222,22.12568493150685,236,2011-04-14 16:26:00
14155.0,266,1,118.75,25,19.791666666666668,6,2011-03-18 14:13:00
14156.0,10,156,313946.37,165992,77.55592144268775,1446,2011-11-30 10:54:00
14157.0,20,5,1002.78,540,11.267191011235955,75,2011-11-20 11:32:00
14158.0,40,1,507.66,781,12.381951219512196,41,2011-10-30 15:08:00
14159.0,20,20,7938.01,6593,4.2358644610458915,706,2011-11-20 12:36:00
14160.0,610,7,8421.47,4661,78.70532710280374,80,2010-04-08 14:30:00
14161.0,216,7,3318.88,1623,10.706064516129032,202,2011-05-08 11:41:00
14162.0,174,2,289.36,142,11.5744,25,2011-06-19 11:36:00
14163.0,87,5,2594.62,950,44.7348275862069,42,2011-09-13 15:18:00
14164.0,71,2,1631.77,1033,56.26793103448276,28,2011-09-30 12:24:00
14165.0,276,1,122.53999999999999,54,4.901599999999999,23,2011-03-09 12:39:00
14166.0,505,2,256.85,84,4.84622641509434,39,2010-07-22 19:42:00
14167.0,39,8,1296.49,350,10.714793388429753,48,2011-10-31 14:29:00
14168.0,421,2,370.45,147,24.696666666666665,11,2010-10-15 10:49:00
14169.0,431,2,624.4300000000001,208,9.319850746268658,50,2010-10-05 08:45:00
14170.0,375,3,597.33,290,3.6201818181818184,123,2010-11-29 13:10:00
14171.0,98,2,498.79,211,7.79359375,61,2011-09-02 16:43:00
14172.0,605,3,402.72,88,7.457777777777778,38,2010-04-13 13:26:00
14173.0,11,6,586.0,194,17.757575757575758,30,2011-11-29 11:54:00
14174.0,33,1,134.46,94,5.171538461538462,26,2011-11-06 13:17:00
14175.0,60,8,7678.88,3009,23.1990332326284,237,2011-10-11 11:55:00
14176.0,297,5,916.01,326,19.913260869565217,33,2011-02-15 13:12:00
14177.0,86,13,2229.34,1048,10.615904761904762,141,2011-09-14 15:11:00
14178.0,9,7,1620.93,1505,4.9569724770642205,191,2011-12-01 12:01:00
14179.0,41,2,719.78,330,4.36230303030303,135,2011-10-30 12:07:00
14180.0,11,33,6319.25,878,20.99418604651163,125,2011-11-29 10:56:00
14181.0,411,2,310.55,122,5.750925925925926,48,2010-10-25 08:27:00
14182.0,444,4,678.77,174,13.5754,42,2010-09-22 11:45:00
14183.0,411,2,286.29,61,8.179714285714287,27,2010-10-24 14:45:00
14184.0,67,1,452.89,127,18.870416666666667,24,2011-10-04 12:43:00
14185.0,331,1,197.65,6,65.88333333333334,3,2011-01-12 13:52:00
14186.0,427,5,1550.63,1550,14.909903846153847,75,2010-10-08 13:30:00
14187.0,474,1,123.5,50,15.4375,8,2010-08-23 12:06:00
14188.0,31,6,2054.36,1162,31.605538461538462,34,2011-11-09 12:45:00
14189.0,2,16,5814.39,4646,18.39996835443038,199,2011-12-07 15:55:00
14190.0,666,1,79.9,2,79.9,1,2010-02-11 14:27:00
14191.0,2,15,4817.66,3724,18.17984905660377,147,2011-12-08 09:23:00
14192.0,388,1,293.74,218,20.981428571428573,14,2010-11-16 17:44:00
14193.0,68,3,1210.19,653,18.90921875,49,2011-10-03 09:34:00
14194.0,5,36,18670.59,10037,19.611964285714286,432,2011-12-05 10:38:00
14195.0,202,6,2615.6,2144,163.475,10,2011-05-22 10:29:00
14196.0,107,1,335.52,142,55.919999999999995,6,2011-08-25 10:25:00
14197.0,411,1,390.05,143,19.5025,20,2010-10-25 10:01:00
14198.0,18,9,1569.73,623,17.24978021978022,58,2011-11-21 16:35:00
14199.0,218,4,1091.7,254,60.650000000000006,15,2011-05-05 13:44:00
14200.0,617,1,379.2,140,18.057142857142857,21,2010-04-01 13:01:00
14201.0,60,10,1193.54,806,21.70072727272727,47,2011-10-10 13:27:00
14202.0,381,3,847.76,166,29.233103448275862,27,2010-11-23 17:13:00
14203.0,397,1,339.34,80,21.20875,16,2010-11-07 13:35:00
14204.0,2,4,1062.96,492,4.581724137931035,186,2011-12-07 13:38:00
14205.0,17,9,2414.2,1342,19.627642276422762,79,2011-11-23 10:55:00
14206.0,239,3,1185.01,930,16.690281690140846,62,2011-04-14 16:38:00
14207.0,688,1,157.8,36,78.9,2,2010-01-21 09:33:00
14208.0,95,2,567.05,529,16.20142857142857,34,2011-09-06 12:48:00
14209.0,11,15,4993.27,1739,21.61588744588745,133,2011-11-29 10:18:00
14210.0,106,16,5861.52,2604,17.816170212765957,143,2011-08-26 12:36:00
14211.0,53,18,4402.29,2575,18.342875,155,2011-10-17 13:23:00
14212.0,90,2,2190.14,2046,104.29238095238095,18,2011-09-11 12:45:00
14213.0,405,1,1192.2,244,238.44,5,2010-10-31 10:37:00
14214.0,31,5,1004.38,751,14.990746268656716,64,2011-11-09 10:31:00
14215.0,12,9,3416.33,2285,17.793385416666666,167,2011-11-28 12:19:00
14216.0,3,5,2150.04,712,27.9225974025974,65,2011-12-06 14:56:00
14217.0,2,23,3416.89,1256,18.877845303867403,122,2011-12-08 11:53:00
14218.0,43,1,169.48000000000002,160,14.123333333333335,12,2011-10-28 10:00:00
14219.0,4,3,633.83,363,14.740232558139535,39,2011-12-05 16:23:00
14220.0,247,4,1515.0,468,39.86842105263158,26,2011-04-06 13:23:00
14221.0,42,17,6517.49,3808,18.782391930835733,166,2011-10-28 13:42:00
14222.0,177,1,683.17,607,16.662682926829266,41,2011-06-15 16:42:00
14223.0,92,3,991.13,585,16.518833333333333,50,2011-09-08 13:38:00
14224.0,110,9,1897.9,863,7.97436974789916,189,2011-08-21 13:24:00
14225.0,435,4,2037.02,1168,23.414022988505746,70,2010-10-01 10:32:00
14226.0,29,6,3002.53,1726,30.6380612244898,89,2011-11-11 11:34:00
14227.0,26,15,6368.71,4048,16.8931299734748,246,2011-11-13 15:48:00
14228.0,438,3,745.5,260,19.61842105263158,38,2010-09-28 09:45:00
14229.0,52,7,2594.04,934,36.028333333333336,41,2011-10-19 10:04:00
14230.0,436,3,979.8000000000001,246,29.69090909090909,27,2010-09-30 09:07:00
14231.0,184,4,1235.6200000000001,610,17.90753623188406,66,2011-06-09 11:05:00
14232.0,43,5,2048.07,1941,17.80930434782609,81,2011-10-28 11:09:00
14233.0,49,7,2904.27,1261,39.784520547945206,42,2011-10-21 15:54:00
14234.0,22,4,775.46,963,4.877106918238994,122,2011-11-17 17:53:00
14235.0,75,9,4717.99,3014,31.87831081081081,107,2011-09-25 14:37:00
14236.0,81,5,1744.64,812,34.8928,39,2011-09-20 09:13:00
14237.0,373,2,632.14,276,18.06114285714286,26,2010-12-01 13:20:00
14238.0,326,3,434.23,189,33.402307692307694,13,2011-01-17 14:40:00
14239.0,43,21,4263.17,1729,20.300809523809523,97,2011-10-27 14:40:00
14240.0,30,3,1247.49,655,20.450655737704917,46,2011-11-09 13:45:00
14241.0,184,2,333.70000000000005,242,27.808333333333337,12,2011-06-09 11:46:00
14242.0,235,2,280.55,123,17.534375,13,2011-04-19 11:46:00
14243.0,9,17,7431.05,3687,20.02978436657682,235,2011-12-01 11:12:00
14244.0,661,1,366.41999999999996,814,22.901249999999997,16,2010-02-17 11:40:00
14245.0,220,2,1693.45,976,15.680092592592594,107,2011-05-04 08:40:00
14246.0,111,3,1474.06,804,19.654133333333334,57,2011-08-21 11:50:00
14247.0,278,5,772.66,382,6.603931623931624,82,2011-03-06 15:21:00
14248.0,318,3,1032.95,692,21.977659574468085,41,2011-01-25 14:45:00
14249.0,411,12,5625.461,2487,19.331481099656358,178,2010-10-25 12:34:00
14250.0,7,3,1904.05,1200,17.153603603603603,94,2011-12-02 14:30:00
14251.0,2,5,2879.7000000000003,1674,36.91923076923077,37,2011-12-08 08:32:00
14252.0,381,1,350.99,111,35.099000000000004,10,2010-11-23 13:36:00
14253.0,493,2,363.40000000000003,88,30.283333333333335,11,2010-08-03 14:55:00
14254.0,433,1,601.03,263,26.13173913043478,23,2010-10-03 11:52:00
14255.0,546,1,1000.63,1,1000.63,1,2010-06-11 15:54:00
14256.0,260,5,2473.9900000000002,1171,18.46261194029851,100,2011-03-24 13:17:00
14257.0,64,9,5954.45,3332,24.810208333333332,167,2011-10-06 16:54:00
14258.0,9,25,32051.34,17488,106.8378,97,2011-11-30 15:27:00
14259.0,142,1,120.0,68,24.0,5,2011-07-21 10:44:00
14260.0,471,3,824.28,544,16.16235294117647,50,2010-08-25 14:55:00
14261.0,51,2,1163.45,406,22.37403846153846,52,2011-10-20 10:04:00
14262.0,8,8,2618.23,1645,18.3093006993007,87,2011-12-01 14:17:00
14263.0,423,1,322.93,171,20.183125,16,2010-10-12 14:09:00
14264.0,155,6,1517.3600000000001,553,19.207088607594937,59,2011-07-08 10:20:00
14265.0,109,4,1373.35,715,17.384177215189872,74,2011-08-22 13:32:00
14266.0,428,1,40.56,24,40.56,1,2010-10-07 13:32:00
14267.0,163,3,1516.24,530,27.568,25,2011-06-30 10:09:00
14268.0,471,1,354.85,147,18.676315789473687,19,2010-08-26 10:45:00
14269.0,439,1,295.73,123,18.483125,16,2010-09-26 12:53:00
14270.0,332,1,492.65000000000003,197,16.98793103448276,29,2011-01-12 09:33:00
14271.0,226,2,219.13,149,5.618717948717949,38,2011-04-28 12:47:00
14272.0,74,4,920.81,1097,14.38765625,62,2011-09-27 10:08:00
14273.0,51,4,559.97,264,19.309310344827587,22,2011-10-19 13:20:00
14274.0,686,1,256.6,178,17.10666666666667,15,2010-01-22 12:51:00
14275.0,396,6,1189.3799999999999,538,51.71217391304347,14,2010-11-09 09:06:00
14276.0,99,7,2102.68,1406,17.377520661157025,75,2011-09-02 09:45:00
14277.0,15,9,17225.81,89814,45.09374345549739,334,2011-11-24 15:01:00
14278.0,410,1,205.83,131,15.833076923076923,13,2010-10-26 12:07:00
14279.0,521,2,191.86,46,63.95333333333334,3,2010-07-07 08:42:00
14280.0,197,1,134.04,52,16.755,8,2011-05-27 10:37:00
14281.0,408,1,245.15,45,35.02142857142857,7,2010-10-27 14:45:00
14282.0,3,25,7849.66,5478,30.904173228346455,100,2011-12-06 17:04:00
14283.0,463,4,628.4399999999999,550,15.327804878048779,36,2010-09-02 14:46:00
14284.0,31,3,1299.65,510,19.39776119402985,59,2011-11-09 08:11:00
14285.0,21,8,3284.42,954,53.84295081967213,48,2011-11-18 14:50:00
14286.0,24,7,8479.76,8795,16.993507014028058,270,2011-11-16 10:34:00
14287.0,8,3,176.63,261,19.625555555555554,9,2011-12-01 13:25:00
14288.0,213,1,426.6,188,26.6625,16,2011-05-10 13:22:00
14289.0,9,6,911.26,292,19.388510638297873,33,2011-12-01 11:44:00
14290.0,11,8,4516.56,1600,29.910993377483447,120,2011-11-28 14:02:00
14291.0,2,23,7904.1,6146,16.000202429149798,241,2011-12-08 10:26:00
14292.0,8,16,9226.25,3429,47.80440414507772,120,2011-12-02 11:50:00
14293.0,3,9,3267.9300000000003,1730,24.387537313432837,88,2011-12-06 15:17:00
14294.0,407,1,375.34,190,16.319130434782608,23,2010-10-28 16:25:00
14295.0,40,5,2362.91,1029,32.818194444444444,66,2011-10-30 15:50:00
14296.0,421,2,456.40000000000003,314,16.903703703703705,27,2010-10-14 14:14:00
14297.0,18,4,1305.33,865,21.053709677419352,48,2011-11-22 09:06:00
14298.0,8,82,91194.49,100272,31.841651536312852,1370,2011-12-01 13:12:00
14299.0,8,27,14499.49,8228,42.64555882352941,164,2011-12-01 16:05:00
14300.0,19,1,43.2,32,14.4,3,2011-11-21 08:57:00
14301.0,117,4,1992.18,1686,37.58830188679245,37,2011-08-14 15:33:00
14302.0,431,3,742.9000000000001,298,26.532142857142862,25,2010-10-05 08:10:00
14303.0,407,2,277.94,218,12.633636363636363,21,2010-10-28 15:37:00
14304.0,223,3,1725.01,775,19.602386363636363,69,2011-05-01 11:50:00
14305.0,71,3,1858.96,1089,17.70438095238095,96,2011-09-29 15:29:00
14306.0,51,6,3151.4,2065,68.50869565217391,43,2011-10-19 13:23:00
14307.0,89,10,5071.03,3374,16.35816129032258,205,2011-09-12 09:38:00
14308.0,549,2,1147.02,2,573.51,1,2010-06-08 16:48:00
14309.0,8,11,3780.81,2583,20.004285714285714,125,2011-12-01 13:33:00
14310.0,433,1,492.1,230,22.36818181818182,22,2010-10-03 12:34:00
14311.0,243,2,516.45,235,16.65967741935484,31,2011-04-11 10:14:00
14312.0,47,11,3090.29,1904,17.168277777777778,148,2011-10-24 09:46:00
14314.0,107,2,229.8,332,22.98,10,2011-08-25 10:39:00
14315.0,45,8,3197.82,1344,24.043759398496242,83,2011-10-26 12:06:00
14316.0,422,5,1370.34,4494,44.20451612903226,21,2010-10-13 16:31:00
14317.0,65,1,508.58000000000004,255,21.190833333333334,24,2011-10-06 10:44:00
14318.0,460,1,158.02,152,17.55777777777778,9,2010-09-05 15:32:00
14319.0,424,1,494.85,329,19.032692307692308,26,2010-10-11 13:38:00
14320.0,207,5,1346.75,713,16.626543209876544,68,2011-05-17 09:24:00
14321.0,11,7,2218.06,3275,12.391396648044692,162,2011-11-29 09:47:00
14322.0,429,4,474.1,158,36.46923076923077,10,2010-10-06 15:17:00
14323.0,115,2,605.0600000000001,350,16.807222222222222,32,2011-08-17 11:37:00
14324.0,410,2,701.61,402,17.112439024390245,41,2010-10-26 11:44:00
14325.0,570,1,245.48000000000002,320,13.637777777777778,18,2010-05-19 09:20:00
14326.0,242,3,940.98,572,16.50842105263158,54,2011-04-11 15:04:00
14327.0,163,6,1894.93,1296,17.87669811320755,99,2011-06-29 13:58:00
14328.0,438,1,445.05,1,445.05,1,2010-09-27 16:01:00
14329.0,17,15,9927.22,5921,17.95157323688969,349,2011-11-22 15:50:00
14330.0,624,1,200.63,103,15.433076923076923,13,2010-03-26 09:10:00
14331.0,124,2,462.65999999999997,252,16.523571428571426,27,2011-08-07 13:17:00
14332.0,23,5,1943.51,893,30.84936507936508,47,2011-11-17 11:54:00
14333.0,68,1,415.2,58,27.68,15,2011-10-03 10:38:00
14334.0,17,12,4318.48,2986,16.738294573643408,148,2011-11-23 10:01:00
14335.0,16,2,468.26,379,7.432698412698413,55,2011-11-23 13:41:00
14336.0,17,4,1614.91,1759,17.943444444444445,77,2011-11-23 11:40:00
14338.0,161,3,928.1,622,18.562,43,2011-07-01 14:08:00
14339.0,243,2,620.27,456,26.968260869565217,21,2011-04-11 11:06:00
14340.0,219,1,134.7,58,22.45,6,2011-05-05 09:44:00
14341.0,45,18,4467.32,2819,16.794436090225563,185,2011-10-25 15:48:00
14342.0,21,6,918.44,521,27.831515151515152,27,2011-11-18 13:21:00
14343.0,421,4,1088.91,631,4.575252100840337,193,2010-10-14 13:05:00
14344.0,127,20,3333.7000000000003,1669,13.718930041152264,140,2011-08-04 13:51:00
14345.0,39,1,108.97999999999999,50,18.16333333333333,6,2011-11-01 09:51:00
14346.0,121,5,2315.75,1878,15.861301369863014,123,2011-08-11 09:47:00
14347.0,737,1,82.6,48,13.766666666666666,6,2009-12-03 10:49:00
14348.0,260,1,409.57,183,22.753888888888888,18,2011-03-24 16:23:00
14349.0,10,1,133.5,86,4.306451612903226,31,2011-11-29 15:39:00
14350.0,274,3,972.03,543,16.47508474576271,55,2011-03-10 14:14:00
14351.0,165,1,51.0,12,51.0,1,2011-06-28 11:56:00
14352.0,157,4,1078.96,538,22.95659574468085,44,2011-07-05 15:41:00
14353.0,215,3,376.5,344,15.06,18,2011-05-08 16:06:00
14354.0,6,2,163.62,210,18.18,9,2011-12-04 11:32:00
14355.0,366,3,1014.45,709,14.288028169014085,57,2010-12-09 12:16:00
14356.0,80,2,701.23,277,21.24939393939394,33,2011-09-21 09:18:00
14357.0,43,1,225.77,148,5.506585365853659,39,2011-10-27 16:23:00
14358.0,389,2,400.06,338,16.0024,21,2010-11-15 15:51:00
14359.0,19,3,912.18,371,16.58509090909091,44,2011-11-20 13:17:00
14360.0,32,4,2128.23,1151,18.035847457627117,104,2011-11-08 09:12:00
14361.0,579,1,214.70999999999998,251,15.33642857142857,14,2010-05-10 12:29:00
14362.0,22,1,161.2,100,3.9317073170731707,37,2011-11-17 15:08:00
14363.0,402,2,227.47000000000003,105,28.433750000000003,8,2010-11-02 17:01:00
14364.0,109,8,3717.35,1967,53.87463768115942,61,2011-08-23 11:01:00
14365.0,395,2,634.68,557,12.44470588235294,50,2010-11-10 09:52:00
14366.0,525,1,136.0,16,136.0,1,2010-07-02 17:23:00
14367.0,8,16,9261.52,4438,17.67465648854962,270,2011-12-01 13:19:00
14368.0,320,1,155.0,36,19.375,8,2011-01-24 09:52:00
14369.0,642,2,469.13,255,18.04346153846154,24,2010-03-07 15:47:00
14370.0,451,6,1175.78,266,26.722272727272728,37,2010-09-15 10:53:00
14371.0,295,1,100.5,34,25.125,4,2011-02-17 16:35:00
14372.0,443,2,860.08,378,22.633684210526315,36,2010-09-22 16:17:00
14373.0,358,1,76.55,17,19.1375,4,2010-12-16 15:40:00
14374.0,541,1,108.0,20,15.428571428571429,7,2010-06-16 14:25:00
14375.0,185,3,1132.99,659,5.245324074074074,176,2011-06-07 13:44:00
14376.0,683,1,215.46,50,11.97,17,2010-01-25 15:36:00
14377.0,191,2,617.05,219,56.095454545454544,11,2011-06-01 13:32:00
14378.0,622,1,131.25,57,14.583333333333334,9,2010-03-28 12:22:00
14379.0,44,4,1268.91,713,9.836511627906978,93,2011-10-26 16:43:00
14380.0,682,1,48.96,1,48.96,1,2010-01-26 17:11:00
14381.0,52,2,631.34,453,5.538070175438596,104,2011-10-18 17:10:00
14382.0,26,2,1246.8,1701,4.128476821192053,227,2011-11-13 16:18:00
14383.0,38,3,1247.69,817,21.14728813559322,49,2011-11-01 15:53:00
14384.0,501,1,58.5,30,19.5,3,2010-07-27 09:53:00
14385.0,9,3,202.11,159,14.436428571428573,13,2011-11-30 15:36:00
14386.0,297,1,142.4,54,20.342857142857145,7,2011-02-16 09:45:00
14387.0,33,3,1770.56,819,12.646857142857142,125,2011-11-07 12:29:00
14388.0,10,16,6701.0,4360,16.185990338164252,184,2011-11-29 13:32:00
14389.0,65,5,1898.01,1388,21.816206896551723,48,2011-10-05 15:17:00
14390.0,10,13,6399.83,2910,13.03427698574338,197,2011-11-29 13:49:00
14391.0,577,1,135.6,168,9.685714285714285,14,2010-05-12 09:42:00
14392.0,432,1,266.4,114,19.02857142857143,14,2010-10-03 12:56:00
14393.0,218,1,67.95,13,13.59,5,2011-05-05 18:16:00
14394.0,565,1,93.8,58,15.633333333333333,6,2010-05-24 10:43:00
14395.0,2,20,8208.01,4072,10.046523867809057,320,2011-12-07 14:34:00
14396.0,65,7,2121.93,1022,7.291855670103092,202,2011-10-05 16:09:00
14397.0,3,19,2612.96,1890,30.034022988505747,18,2011-12-07 09:22:00
14398.0,401,2,707.79,267,13.354528301886791,50,2010-11-03 13:46:00
14399.0,394,8,2113.16,968,10.94901554404145,119,2010-11-10 13:23:00
14400.0,149,3,1732.47,1706,23.73246575342466,71,2011-07-13 15:50:00
14401.0,4,22,6795.9,6401,25.5484962406015,171,2011-12-05 13:30:00
14402.0,652,1,285.6,240,35.7,8,2010-02-25 13:20:00
14403.0,130,6,1880.51,737,75.2204,20,2011-08-01 12:57:00
14404.0,34,13,2899.11,1656,13.739857819905215,123,2011-11-06 12:30:00
14405.0,387,1,195.0,100,97.5,2,2010-11-18 11:40:00
14406.0,119,1,156.75,77,19.59375,8,2011-08-12 16:54:00
14407.0,107,6,2157.73,1415,29.557945205479452,67,2011-08-24 14:02:00
14408.0,11,11,4109.77,2444,31.85868217054264,63,2011-11-29 11:41:00
14409.0,71,9,3756.09,2401,35.43481132075472,76,2011-09-29 18:18:00
14410.0,92,11,2651.14,1377,6.745903307888041,307,2011-09-08 15:08:00
14411.0,311,1,1063.0,196,75.92857142857143,14,2011-02-02 10:56:00
14412.0,43,3,1426.19,1428,16.978452380952383,75,2011-10-28 10:45:00
14413.0,362,4,770.37,280,7.781515151515151,93,2010-12-12 13:37:00
14414.0,92,8,2399.33,2877,20.333305084745763,99,2011-09-09 12:09:00
14415.0,1,23,12091.6,6304,9.588897700237906,445,2011-12-08 14:38:00
14416.0,22,2,490.22,326,35.01571428571429,13,2011-11-17 15:22:00
14417.0,388,1,604.2,567,4.41021897810219,106,2010-11-17 10:55:00
14418.0,4,3,1937.25,1711,15.622983870967742,114,2011-12-06 11:39:00
14419.0,11,7,1260.91,556,5.506157205240175,118,2011-11-29 11:22:00
14420.0,99,4,1639.17,1120,17.62548387096774,85,2011-09-01 18:07:00
14421.0,57,6,2469.37,1342,25.722604166666667,72,2011-10-13 13:24:00
14422.0,1,19,10271.52,6067,18.60782608695652,317,2011-12-09 11:26:00
14423.0,218,3,916.6099999999999,419,61.10733333333333,12,2011-05-05 15:12:00
14424.0,18,1,322.08,48,322.08,1,2011-11-22 11:48:00
14425.0,435,3,661.39,325,16.958717948717947,35,2010-10-01 10:24:00
14426.0,24,17,11727.94,7023,19.417119205298015,452,2011-11-16 12:25:00
14427.0,50,4,1263.52,538,28.716363636363635,43,2011-10-20 14:23:00
14428.0,7,5,1244.83,436,8.644652777777777,108,2011-12-02 13:17:00
14429.0,404,1,516.28,286,23.467272727272725,22,2010-11-01 10:08:00
14430.0,512,3,1220.9,446,34.88285714285715,29,2010-07-16 11:35:00
14431.0,303,4,2614.2,1202,32.27407407407407,72,2011-02-10 10:40:00
14432.0,10,6,2255.51,2070,5.904476439790576,256,2011-11-30 08:04:00
14433.0,466,1,289.6,134,3.7610389610389614,72,2010-08-31 12:35:00
14434.0,22,6,1372.8,368,114.39999999999999,3,2011-11-18 08:56:00
14435.0,502,1,90.42,282,30.14,3,2010-07-26 12:33:00
14436.0,99,2,271.70000000000005,297,24.700000000000003,11,2011-09-02 10:13:00
14437.0,366,5,958.84,486,19.975833333333334,34,2010-12-09 09:27:00
14438.0,306,1,131.9,82,14.655555555555557,9,2011-02-06 14:56:00
14439.0,320,5,9443.04,2244,73.20186046511628,105,2011-01-24 11:39:00
14440.0,8,13,6638.7300000000005,1755,47.0831914893617,63,2011-12-01 15:42:00
14441.0,1,11,4611.6900000000005,1260,29.946038961038965,103,2011-12-09 09:07:00
14442.0,205,7,5367.0199999999995,1431,29.3279781420765,128,2011-05-19 11:36:00
14443.0,54,5,2386.47,1520,15.5978431372549,119,2011-10-17 10:10:00
14444.0,456,1,132.04,180,10.156923076923077,11,2010-09-09 18:56:00
14445.0,456,1,221.65,83,6.9265625,32,2010-09-10 11:09:00
14446.0,1,5,1241.31,1116,3.6616814159292033,259,2011-12-09 11:34:00
14447.0,19,6,1711.73,913,16.148396226415095,81,2011-11-21 08:28:00
14448.0,9,2,375.35,104,18.767500000000002,20,2011-11-30 13:50:00
14449.0,19,8,2482.8,1778,4.547252747252748,301,2011-11-21 12:06:00
14450.0,181,7,1128.44,522,14.847894736842106,47,2011-06-12 10:46:00
14451.0,60,12,3308.77,1757,6.338639846743295,245,2011-10-10 13:38:00
14452.0,11,4,665.59,289,5.042348484848485,108,2011-11-29 12:06:00
14453.0,190,1,119.93,49,5.451363636363637,22,2011-06-02 14:15:00
14454.0,376,5,977.3,400,8.884545454545455,93,2010-11-28 13:26:00
14455.0,432,4,628.21,719,7.952025316455697,65,2010-10-03 15:48:00
14456.0,5,9,3062.4,2908,3.1571134020618556,580,2011-12-04 13:59:00
14457.0,311,1,113.64,88,28.41,4,2011-02-02 09:39:00
14458.0,381,1,237.42,328,4.84530612244898,46,2010-11-24 12:43:00
14459.0,155,2,5375.741,2303,47.57292920353982,113,2011-07-07 13:35:00
14460.0,110,9,1093.5,1879,26.035714285714285,33,2011-08-21 14:19:00
14461.0,148,13,6713.5,3027,10.36033950617284,515,2011-07-14 17:11:00
14462.0,66,12,2270.01,1072,7.854705882352942,182,2011-10-04 15:55:00
14463.0,98,4,786.5699999999999,210,98.32124999999999,7,2011-09-02 15:20:00
14464.0,568,2,111.0,62,27.75,4,2010-05-20 18:00:00
14465.0,247,11,3946.03,2546,19.730150000000002,128,2011-04-07 12:38:00
14466.0,29,13,4646.9,2644,21.513425925925926,77,2011-11-10 14:07:00
14467.0,18,12,2220.9900000000002,1196,7.211006493506495,144,2011-11-22 12:48:00
14468.0,734,1,204.24,164,17.02,12,2009-12-06 12:21:00
14469.0,416,4,2112.21,980,14.368775510204081,120,2010-10-19 14:30:00
14470.0,12,3,712.04,282,11.867333333333333,56,2011-11-28 10:31:00
14471.0,591,2,400.95,187,9.779268292682927,38,2010-04-27 17:12:00
14472.0,104,9,2228.22,1305,6.691351351351351,173,2011-08-28 11:01:00
14473.0,74,2,234.34000000000003,88,33.47714285714286,7,2011-09-26 15:10:00
14474.0,46,2,1278.08,453,9.682424242424242,122,2011-10-24 13:26:00
14475.0,72,4,1151.15,541,23.98229166666667,40,2011-09-29 10:46:00
14476.0,257,1,215.7,132,11.352631578947367,17,2011-03-27 15:39:00
14477.0,20,7,1969.6,1120,140.68571428571428,7,2011-11-20 11:11:00
14478.0,382,4,1276.66,1226,18.774411764705885,59,2010-11-22 15:29:00
14479.0,254,4,1299.11,620,8.718859060402684,127,2011-03-31 09:07:00
14480.0,11,4,1299.52,670,19.992615384615384,52,2011-11-28 16:35:00
14481.0,165,5,2311.4900000000002,1584,15.20717105263158,114,2011-06-28 10:38:00
14482.0,18,12,4357.91,2891,17.22494071146245,185,2011-11-21 13:14:00
14483.0,282,2,257.1,193,19.77692307692308,13,2011-03-03 10:26:00
14484.0,50,4,1070.98,744,20.207169811320757,47,2011-10-20 14:11:00
14485.0,39,1,165.75,71,3.526595744680851,44,2011-11-01 12:25:00
14486.0,512,2,175.5,90,29.25,4,2010-07-16 09:42:00
14487.0,27,7,1453.61,837,7.6505789473684205,129,2011-11-13 12:17:00
14488.0,68,1,1064.28,799,23.136521739130433,46,2011-10-03 09:30:00
14489.0,207,4,1574.93,1011,15.7493,65,2011-05-16 14:51:00
14490.0,406,2,1273.47,933,15.918375000000001,72,2010-10-29 15:04:00
14491.0,175,2,468.13,179,22.29190476190476,17,2011-06-17 15:22:00
14492.0,430,7,1921.91,751,20.890326086956524,70,2010-10-05 13:21:00
14493.0,7,10,5130.15,3183,14.09381868131868,292,2011-12-02 16:14:00
14494.0,26,3,401.46,210,23.615294117647057,17,2011-11-14 09:21:00
14495.0,51,3,174.8,68,24.97142857142857,7,2011-10-20 12:28:00
14496.0,312,7,2668.23,991,24.03810810810811,64,2011-02-01 09:01:00
14497.0,309,2,697.0600000000001,332,17.4265,40,2011-02-03 17:01:00
14498.0,43,10,3911.27,2122,10.542506738544475,276,2011-10-28 12:09:00
14499.0,26,7,2138.9700000000003,1250,6.7052351097178695,199,2011-11-13 13:01:00
14500.0,88,3,356.85,117,50.978571428571435,6,2011-09-12 16:45:00
14501.0,184,2,251.21,161,25.121000000000002,9,2011-06-09 12:02:00
14502.0,20,11,2470.67,1498,3.9594070512820516,368,2011-11-20 11:50:00
14503.0,3,6,3543.26,2004,21.605243902439025,113,2011-12-06 13:30:00
14504.0,47,4,673.26,308,6.2921495327102805,85,2011-10-23 16:00:00
14505.0,17,19,12001.84,5383,7.463830845771144,898,2011-11-22 15:45:00
14506.0,17,7,3290.67,1078,6.971758474576271,251,2011-11-22 13:02:00
14507.0,24,11,3284.43,1536,12.301235955056178,182,2011-11-16 12:21:00
14508.0,22,5,874.94,359,4.653936170212766,142,2011-11-17 19:48:00
14509.0,534,1,110.95,38,4.438,25,2010-06-23 13:21:00
14510.0,376,3,1007.28,821,12.913846153846153,67,2010-11-29 12:46:00
14511.0,11,5,1314.81,784,19.33544117647059,53,2011-11-28 17:05:00
14512.0,188,7,1223.47,742,15.293375000000001,55,2011-06-05 12:39:00
14513.0,101,6,788.01,593,41.47421052631579,15,2011-08-31 11:25:00
14514.0,61,9,4598.9800000000005,2496,13.526411764705884,212,2011-10-09 16:05:00
14515.0,18,12,3749.2599999999998,1917,21.302613636363635,109,2011-11-22 11:37:00
14516.0,516,1,163.92,68,4.43027027027027,35,2010-07-11 14:07:00
14517.0,33,2,330.45,91,18.358333333333334,17,2011-11-06 14:20:00
14518.0,64,1,174.37,278,10.898125,16,2011-10-06 14:43:00
14519.0,684,2,206.09,82,5.284358974358974,38,2010-01-25 11:18:00
14520.0,2,2,270.6,146,67.65,3,2011-12-08 09:46:00
14521.0,491,1,199.45000000000002,211,11.732352941176472,17,2010-08-05 16:35:00
14522.0,24,8,1758.6200000000001,968,38.2308695652174,34,2011-11-15 13:24:00
14523.0,108,1,241.09,251,20.090833333333332,12,2011-08-23 13:13:00
14524.0,32,13,2933.71,1176,8.94423780487805,250,2011-11-08 12:29:00
14525.0,20,17,8240.64,5235,15.176132596685083,340,2011-11-20 11:37:00
14526.0,389,1,262.4,179,6.247619047619047,41,2010-11-15 13:32:00
14527.0,3,122,27792.3,6762,10.289633469085524,607,2011-12-07 12:19:00
14528.0,37,1,364.21999999999997,278,20.234444444444442,18,2011-11-02 17:09:00
14529.0,60,3,620.04,348,2.707598253275109,177,2011-10-10 15:27:00
14530.0,26,16,6197.4,3014,12.778144329896907,269,2011-11-14 10:38:00
14531.0,480,1,376.34,260,12.977241379310344,29,2010-08-17 10:16:00
14532.0,236,11,3859.1800000000003,1115,12.135786163522013,209,2011-04-17 13:05:00
14533.0,25,11,3466.37,6038,38.947977528089886,74,2011-11-15 12:05:00
14534.0,3,26,6271.11,2856,8.578809849521203,437,2011-12-07 12:19:00
14535.0,60,9,6030.7300000000005,3240,7.136958579881657,589,2011-10-10 15:39:00
14536.0,260,1,171.8,40,9.042105263157895,18,2011-03-25 12:21:00
14537.0,58,2,641.4,228,27.88695652173913,23,2011-10-13 10:54:00
14538.0,65,5,1370.8400000000001,284,26.362307692307695,45,2011-10-06 10:31:00
14539.0,16,2,537.48,428,16.79625,31,2011-11-24 09:50:00
14540.0,10,11,3795.34,1619,13.902344322344323,197,2011-11-30 10:15:00
14541.0,59,14,2499.68,1129,13.810386740331491,99,2011-10-12 10:08:00
14542.0,186,1,103.25,19,20.65,5,2011-06-07 08:19:00
14543.0,29,39,14906.77,2697,68.69479262672812,106,2011-11-11 12:45:00
14544.0,24,3,2982.43,2438,15.533489583333333,148,2011-11-15 15:06:00
14545.0,674,1,349.25,236,15.184782608695652,23,2010-02-03 15:23:00
14546.0,5,11,5197.9,2696,6.538238993710691,410,2011-12-04 13:00:00
14547.0,4,8,4007.54,2668,10.949562841530055,198,2011-12-06 11:06:00
14548.0,151,9,2627.49,1021,23.252123893805308,66,2011-07-12 12:19:00
14549.0,311,4,916.5500000000001,395,6.364930555555556,117,2011-02-01 13:47:00
14550.0,11,4,1353.31,776,13.809285714285714,77,2011-11-29 12:12:00
14551.0,18,7,880.04,487,11.000499999999999,69,2011-11-21 13:36:00
14552.0,152,3,511.28000000000003,261,3.25656050955414,124,2011-07-11 12:49:00
14553.0,19,9,1841.54,1140,6.138466666666667,233,2011-11-20 13:20:00
14554.0,10,4,2381.04,1478,11.023333333333333,147,2011-11-29 16:44:00
14555.0,57,6,2315.63,850,19.4590756302521,94,2011-10-13 16:24:00
14556.0,596,3,835.34,331,4.114975369458128,158,2010-04-22 14:57:00
14557.0,85,1,788.38,510,49.27375,16,2011-09-15 15:48:00
14558.0,654,3,655.5,162,43.7,13,2010-02-23 12:51:00
14559.0,390,1,75.6,72,37.8,2,2010-11-14 16:05:00
14560.0,7,44,6114.03,4580,30.570149999999998,60,2011-12-02 15:22:00
14561.0,76,3,1080.76,1014,15.6631884057971,67,2011-09-25 12:39:00
14562.0,4,26,6729.400000000001,2604,11.013747954173487,245,2011-12-06 11:05:00
14563.0,510,2,679.44,335,5.908173913043479,95,2010-07-18 12:01:00
14564.0,435,2,2605.62,1295,24.35158878504673,107,2010-10-01 09:02:00
14565.0,96,5,3859.2200000000003,1940,24.120125,139,2011-09-05 09:07:00
14566.0,111,4,4092.0,2400,255.75,9,2011-08-21 11:05:00
14567.0,57,2,1530.3600000000001,412,46.374545454545455,33,2011-10-14 10:21:00
14568.0,435,1,919.7,645,19.56808510638298,47,2010-09-30 17:15:00
14569.0,1,4,598.98,258,17.113714285714288,31,2011-12-08 14:58:00
14570.0,281,3,613.75,431,9.025735294117647,64,2011-03-04 10:58:00
14571.0,425,1,161.65,57,5.214516129032258,30,2010-10-10 15:06:00
14572.0,3,11,5615.18,2933,10.675247148288975,336,2011-12-06 14:40:00
14573.0,180,13,2621.42,835,6.586482412060302,183,2011-06-13 11:15:00
14574.0,733,1,143.70000000000002,63,13.063636363636364,11,2009-12-07 12:42:00
14575.0,488,1,460.71,176,6.225810810810811,71,2010-08-08 14:51:00
14576.0,372,1,70.80000000000001,24,35.400000000000006,1,2010-12-02 17:51:00
14577.0,13,7,1374.25,573,7.428378378378379,104,2011-11-27 12:47:00
14578.0,3,1,168.63,240,7.02625,24,2011-12-06 17:18:00
14579.0,432,1,105.56,56,4.2224,24,2010-10-03 14:36:00
14580.0,518,1,14.850000000000001,3,14.850000000000001,1,2010-07-09 15:20:00
14581.0,17,2,433.8,309,6.673846153846154,59,2011-11-23 12:39:00
14582.0,41,1,114.11,73,19.018333333333334,6,2011-10-30 11:56:00
14583.0,6,8,1781.03,1155,3.519822134387352,353,2011-12-04 12:32:00
14584.0,169,8,1747.91,963,7.9090950226244345,127,2011-06-23 18:33:00
14585.0,50,5,1143.27,630,10.29972972972973,88,2011-10-20 14:33:00
14586.0,277,1,237.36,444,12.49263157894737,19,2011-03-08 10:04:00
14587.0,19,9,1601.14,761,4.180522193211488,170,2011-11-21 11:34:00
14588.0,578,1,135.39,62,8.461875,16,2010-05-10 15:08:00
14589.0,372,1,79.5,10,13.25,3,2010-12-03 11:42:00
14590.0,425,20,3006.62,904,14.738333333333333,124,2010-10-11 12:06:00
14591.0,15,4,1447.14,1297,7.345888324873097,138,2011-11-24 13:57:00
14592.0,35,3,570.46,415,3.4784146341463416,132,2011-11-04 16:35:00
14593.0,22,12,3712.0099999999998,1875,5.977471819645732,436,2011-11-18 12:48:00
14594.0,7,2,634.83,331,7.5575,48,2011-12-02 13:28:00
14595.0,20,8,2164.45,1228,15.915073529411764,119,2011-11-20 12:12:00
14596.0,627,1,229.47,79,4.025789473684211,50,2010-03-23 12:13:00
14597.0,11,6,2201.54,1447,21.374174757281555,79,2011-11-28 13:13:00
14598.0,44,2,384.04,354,4.267111111111111,83,2011-10-26 13:19:00
14599.0,390,2,474.54,295,5.787073170731707,77,2010-11-14 14:49:00
14600.0,306,2,865.1700000000001,487,16.02166666666667,53,2011-02-07 09:48:00
14601.0,11,1,213.96,168,30.565714285714286,7,2011-11-29 09:48:00
14602.0,656,1,205.35999999999999,80,6.624516129032258,31,2010-02-21 15:47:00
14603.0,275,1,660.0,400,330.0,2,2011-03-10 10:27:00
14604.0,633,1,143.85999999999999,88,6.254782608695652,20,2010-03-16 13:00:00
14605.0,374,4,937.16,424,8.442882882882882,88,2010-11-30 14:07:00
14606.0,1,192,30861.06,15635,4.70013097776424,1262,2011-12-08 19:28:00
14607.0,16,22,24137.63,15585,115.49105263157895,106,2011-11-24 10:35:00
14608.0,4,11,3352.94,927,77.97534883720931,15,2011-12-05 16:52:00
14609.0,72,10,1486.2,12720,114.32307692307693,6,2011-09-28 12:54:00
14610.0,396,2,24.35,15,2.435,10,2010-11-09 10:58:00
14611.0,444,2,604.3299999999999,582,15.903421052631577,37,2010-09-22 09:19:00
14612.0,415,1,877.7,134,62.69285714285714,14,2010-10-20 16:01:00
14613.0,680,1,76.32000000000001,72,76.32000000000001,1,2010-01-28 13:02:00
14614.0,386,1,295.13,189,15.533157894736842,19,2010-11-18 13:04:00
14615.0,394,5,951.76,495,19.828333333333333,40,2010-11-10 13:36:00
14616.0,243,5,527.78,170,105.556,3,2011-04-11 09:54:00
14617.0,403,2,190.47000000000003,81,21.163333333333338,7,2010-11-02 11:41:00
14618.0,9,7,1342.32,704,26.32,40,2011-11-30 13:45:00
14619.0,246,2,1291.24,594,21.520666666666667,58,2011-04-08 07:37:00
14620.0,206,2,412.78000000000003,214,15.876153846153848,26,2011-05-18 11:58:00
14621.0,1,9,3000.57,1706,18.871509433962267,134,2011-12-08 16:22:00
14622.0,185,1,320.58000000000004,146,15.265714285714287,21,2011-06-08 12:42:00
14623.0,32,10,2059.58,1059,7.053356164383562,193,2011-11-07 13:56:00
14624.0,57,6,814.07,645,15.962156862745099,39,2011-10-13 13:44:00
14625.0,196,11,4497.88,2155,16.90932330827068,167,2011-05-27 15:32:00
14626.0,24,11,5410.92,3135,23.32293103448276,181,2011-11-16 10:37:00
14627.0,379,1,462.75,284,15.956896551724139,29,2010-11-25 16:32:00
14628.0,91,5,1998.0,1147,23.232558139534884,65,2011-09-09 14:58:00
14629.0,4,2,959.01,380,6.309276315789473,133,2011-12-05 16:55:00
14630.0,484,1,338.65,111,16.126190476190477,21,2010-08-12 16:38:00
14631.0,51,6,2025.69,1407,22.26032967032967,65,2011-10-20 11:17:00
14632.0,263,1,114.56,96,14.32,8,2011-03-22 08:49:00
14633.0,266,1,344.90000000000003,96,17.245,20,2011-03-18 17:07:00
14634.0,438,4,2124.46,1906,19.49045871559633,105,2010-09-28 10:40:00
14635.0,454,1,215.22,118,14.348,15,2010-09-12 10:47:00
14636.0,36,2,609.85,241,21.780357142857145,27,2011-11-03 16:12:00
14637.0,677,1,106.67999999999999,100,15.239999999999998,7,2010-01-31 15:52:00
14638.0,51,1,443.6,166,27.725,16,2011-10-20 10:10:00
14639.0,52,9,4978.96,2410,17.05123287671233,203,2011-10-18 15:06:00
14640.0,24,10,3667.06,1651,17.97578431372549,165,2011-11-15 13:07:00
14641.0,22,1,110.46,90,15.78,7,2011-11-18 10:42:00
14642.0,59,1,96.12,76,48.06,2,2011-10-12 11:08:00
14643.0,170,5,1679.89,1377,27.095000000000002,57,2011-06-22 14:41:00
14644.0,68,7,2247.72,770,36.25354838709677,50,2011-10-03 08:30:00
14645.0,157,3,876.89,587,18.268541666666668,45,2011-07-06 09:15:00
14646.0,2,151,528602.52,367193,137.33502727981295,961,2011-12-08 12:12:00
14647.0,201,2,519.97,180,10.195490196078431,42,2011-05-22 13:40:00
14648.0,416,15,4546.86,3326,9.9930989010989,286,2010-10-19 13:12:00
14649.0,5,9,3775.31,2464,6.600192307692308,374,2011-12-05 12:30:00
14650.0,589,1,62.5,22,15.625,4,2010-04-29 20:27:00
14651.0,67,9,2034.1200000000001,886,7.062916666666667,216,2011-10-03 15:52:00
14652.0,77,1,114.18,53,3.937241379310345,29,2011-09-23 14:21:00
14653.0,1,12,3614.54,1976,9.364093264248705,271,2011-12-08 13:45:00
14654.0,738,1,246.86,273,9.142962962962963,27,2009-12-01 12:57:00
14655.0,8,7,3878.51,2341,37.655436893203884,72,2011-12-01 16:28:00
14656.0,169,5,814.65,318,3.7890697674418603,148,2011-06-23 13:51:00
14657.0,18,6,1460.8700000000001,885,6.794744186046512,143,2011-11-22 12:47:00
14658.0,5,2,247.15,47,8.522413793103448,27,2011-12-04 15:35:00
14659.0,9,9,2529.93,1195,9.999723320158102,147,2011-12-01 12:17:00
14660.0,87,2,285.74,228,9.524666666666667,24,2011-09-14 11:34:00
14661.0,27,1,107.95,35,26.9875,4,2011-11-13 11:51:00
14662.0,29,7,1416.33,935,5.5981422924901185,199,2011-11-11 12:13:00
14663.0,430,2,490.6,397,7.214705882352941,60,2010-10-05 13:21:00
14664.0,20,2,637.89,466,6.443333333333333,78,2011-11-20 10:59:00
14665.0,61,7,2749.65,1144,20.83068181818182,94,2011-10-10 09:14:00
14666.0,24,1,195.25,161,13.946428571428571,14,2011-11-15 12:57:00
14667.0,11,54,21927.14,13010,16.09922173274596,578,2011-11-29 11:30:00
14668.0,445,1,111.63,49,9.3025,10,2010-09-20 15:03:00
14669.0,242,7,3243.93,2054,8.212481012658227,334,2011-04-12 11:43:00
14670.0,280,3,602.0,434,3.202127659574468,159,2011-03-04 14:13:00
14671.0,549,2,1127.45,571,20.49909090909091,48,2010-06-08 13:39:00
14672.0,235,4,1113.14,646,10.501320754716982,93,2011-04-19 10:19:00
14673.0,3,7,3410.81,2035,20.92521472392638,86,2011-12-06 14:31:00
14674.0,509,1,173.66,103,12.404285714285715,14,2010-07-18 14:25:00
14675.0,16,2,1066.9,726,4.4454166666666675,196,2011-11-23 12:58:00
14676.0,31,12,8356.79,8792,62.833007518797,77,2011-11-08 13:29:00
14677.0,593,1,184.91,139,13.207857142857142,14,2010-04-26 09:48:00
14678.0,579,1,403.39,179,16.807916666666667,24,2010-05-09 14:32:00
14679.0,382,3,1289.44,794,20.467301587301588,49,2010-11-23 11:51:00
14680.0,25,58,57412.77,27364,44.437128482972135,222,2011-11-14 16:59:00
14681.0,71,6,875.1500000000001,172,43.75750000000001,19,2011-09-29 15:52:00
14682.0,188,6,1514.81,949,17.61406976744186,79,2011-06-05 12:12:00
14683.0,588,1,146.56,386,6.979047619047619,21,2010-04-30 17:18:00
14684.0,26,6,1468.55,1039,2.829576107899807,272,2011-11-14 11:33:00
14685.0,576,8,4619.79,2012,23.69123076923077,109,2010-05-12 13:08:00
14686.0,414,5,885.83,475,3.769489361702128,185,2010-10-21 18:31:00
14687.0,107,3,1402.06,850,35.0515,34,2011-08-25 11:59:00
14688.0,8,28,7713.57,5580,15.036198830409356,197,2011-12-02 12:26:00
14689.0,209,1,112.8,76,8.676923076923076,13,2011-05-15 11:22:00
14690.0,44,4,794.33,344,7.565047619047619,69,2011-10-26 15:39:00
14691.0,31,5,2114.33,707,29.779295774647885,50,2011-11-09 12:30:00
14692.0,137,12,1745.09,905,10.706073619631901,101,2011-07-25 15:08:00
14693.0,265,7,1165.36,388,15.538133333333333,43,2011-03-20 12:50:00
14694.0,617,1,244.31,193,16.287333333333333,15,2010-04-01 19:46:00
14695.0,519,3,1620.07,678,18.83802325581395,76,2010-07-08 14:18:00
14696.0,4,8,2767.9,2151,16.092441860465115,137,2011-12-05 13:43:00
14697.0,218,2,188.60999999999999,181,8.573181818181817,22,2011-05-05 15:39:00
14698.0,2,5,1250.76,615,5.9559999999999995,148,2011-12-08 12:26:00
14699.0,214,4,702.6,484,14.052,45,2011-05-09 14:54:00
14700.0,32,5,3116.26,1634,18.33094117647059,111,2011-11-07 14:40:00
14701.0,11,15,4562.09,1782,7.40599025974026,455,2011-11-29 12:38:00
14702.0,1,29,6754.22,3073,9.367850208044382,338,2011-12-08 19:29:00
14703.0,15,1,318.17,183,14.462272727272728,22,2011-11-25 09:23:00
14704.0,11,11,1813.57,1209,3.7548033126293996,319,2011-11-28 12:51:00
14705.0,199,1,179.0,100,179.0,1,2011-05-25 12:39:00
14706.0,619,1,390.69,263,13.953214285714285,25,2010-03-31 11:09:00
14707.0,436,2,139.2,96,69.6,1,2010-09-30 11:37:00
14708.0,3,5,2212.2799999999997,1509,41.7411320754717,27,2011-12-07 08:21:00
14709.0,15,25,8886.33,4141,24.891680672268908,105,2011-11-24 15:41:00
14710.0,14,13,1922.59,1151,4.349751131221719,310,2011-11-25 14:53:00
14711.0,10,11,2868.8,978,8.035854341736695,221,2011-11-29 14:58:00
14712.0,29,4,1328.0700000000002,411,41.502187500000005,24,2011-11-10 12:59:00
14713.0,9,21,5418.87,3456,7.719188034188034,222,2011-11-30 16:26:00
14714.0,24,4,906.24,642,9.744516129032258,64,2011-11-15 13:07:00
14715.0,25,8,1840.45,1034,13.336594202898551,102,2011-11-15 12:10:00
14716.0,43,3,565.45,752,5.6545000000000005,85,2011-10-27 17:29:00
14717.0,733,1,81.3,32,7.390909090909091,11,2009-12-06 13:05:00
14718.0,410,1,226.42,202,20.583636363636362,11,2010-10-25 13:07:00
14719.0,2,5,1602.13,1032,6.7600421940928275,177,2011-12-08 12:43:00
14720.0,6,3,663.81,219,17.94081081081081,34,2011-12-04 12:02:00
14721.0,379,1,115.77,59,4.2877777777777775,24,2010-11-25 13:08:00
14722.0,147,3,513.37,222,5.461382978723404,72,2011-07-15 14:58:00
14723.0,10,11,2093.06,1308,4.3514760914760915,287,2011-11-29 15:23:00
14724.0,590,1,345.25,187,8.029069767441861,40,2010-04-28 13:26:00
14725.0,25,4,1315.24,1340,12.526095238095238,85,2011-11-15 12:42:00
14726.0,655,1,124.75,91,6.565789473684211,15,2010-02-23 12:35:00
14727.0,274,3,467.92999999999995,468,9.95595744680851,43,2011-03-10 14:45:00
14728.0,413,1,190.58,68,13.612857142857143,14,2010-10-22 15:57:00
14729.0,374,3,907.38,574,4.362403846153846,126,2010-12-01 12:43:00
14730.0,1,8,2005.06,1132,4.0021157684630735,317,2011-12-08 14:39:00
14731.0,47,3,380.02,256,8.444888888888888,38,2011-10-23 15:54:00
14732.0,8,19,5517.07,2273,19.9172202166065,162,2011-12-01 14:34:00
14733.0,16,15,16184.97,6491,46.50853448275862,140,2011-11-23 15:39:00
14734.0,426,4,1056.42,378,16.76857142857143,48,2010-10-10 12:04:00
14735.0,4,56,12240.16,4513,33.44306010928962,198,2011-12-06 12:09:00
14736.0,485,2,401.08,164,4.0108,70,2010-08-11 15:21:00
14737.0,4,4,3554.17,1071,78.98155555555556,28,2011-12-06 10:16:00
14738.0,43,9,1821.9,757,22.77375,58,2011-10-28 08:56:00
14739.0,4,25,12287.5,10172,47.998046875,129,2011-12-05 16:54:00
14740.0,197,11,4161.06,2081,18.013246753246754,173,2011-05-26 18:17:00
14741.0,12,7,1897.59,1120,22.324588235294115,48,2011-11-28 08:48:00
14742.0,435,1,579.85,374,17.054411764705883,34,2010-09-30 14:07:00
14743.0,593,1,50.48,40,16.826666666666664,3,2010-04-26 10:26:00
14744.0,16,14,3885.08,2547,32.10809917355372,57,2011-11-23 12:51:00
14745.0,113,12,2571.81,1977,18.239787234042552,74,2011-08-19 10:05:00
14746.0,406,4,593.5,398,65.94444444444444,7,2010-10-29 14:44:00
14747.0,249,1,328.2,84,18.233333333333334,18,2011-04-04 14:09:00
14748.0,29,10,3152.32,2752,16.504293193717277,129,2011-11-10 18:33:00
14749.0,480,1,310.15,403,17.230555555555554,18,2010-08-17 12:36:00
14750.0,736,1,112.03,65,3.5009375,32,2009-12-03 17:57:00
14751.0,684,2,126.45,65,18.064285714285713,7,2010-01-24 13:37:00
14752.0,44,1,389.64,260,77.928,5,2011-10-27 11:55:00
14753.0,87,2,869.51,412,18.114791666666665,45,2011-09-13 14:50:00
14754.0,45,6,1550.48,1011,11.317372262773723,110,2011-10-26 12:01:00
14755.0,10,25,9972.550000000001,4401,20.99484210526316,219,2011-11-30 11:24:00
14756.0,15,3,2653.76,1423,22.300504201680674,102,2011-11-24 18:13:00
14757.0,75,1,420.5,160,22.13157894736842,19,2011-09-25 14:36:00
14758.0,145,7,2864.97,840,21.065955882352938,91,2011-07-18 08:21:00
14759.0,5,3,1625.97,569,15.940882352941177,92,2011-12-05 12:03:00
14760.0,297,1,89.2,40,17.84,5,2011-02-15 16:27:00
14761.0,59,3,447.92,206,18.663333333333334,21,2011-10-12 12:10:00
14762.0,264,2,417.57,428,13.919,28,2011-03-21 08:20:00
14764.0,47,1,278.3,190,46.38333333333333,6,2011-10-24 11:54:00
14765.0,29,3,254.11,135,6.515641025641026,38,2011-11-10 19:53:00
14766.0,8,11,6556.13,4063,19.282735294117646,251,2011-12-01 16:05:00
14767.0,474,1,382.81,117,21.267222222222223,18,2010-08-22 14:54:00
14768.0,17,2,192.60000000000002,52,38.52,4,2011-11-22 12:54:00
14769.0,3,17,15771.88,11255,11.060224403927068,834,2011-12-07 10:24:00
14770.0,232,8,3637.64,1598,18.465177664974618,152,2011-04-21 14:21:00
14771.0,621,2,594.62,622,12.651489361702128,46,2010-03-28 12:52:00
14772.0,112,1,139.26,82,15.473333333333333,9,2011-08-19 15:04:00
14773.0,593,1,140.55,53,14.055000000000001,10,2010-04-26 10:29:00
14774.0,529,1,241.45,99,18.573076923076922,13,2010-06-29 12:26:00
14775.0,58,3,1418.46,1558,17.73075,57,2011-10-12 15:27:00
14776.0,51,15,3708.3,4658,19.517368421052634,68,2011-10-19 15:34:00
14777.0,404,1,307.56,212,19.2225,16,2010-11-01 12:50:00
14778.0,127,2,730.86,306,20.881714285714285,34,2011-08-04 15:23:00
14779.0,281,3,386.15,84,9.418292682926829,40,2011-03-04 12:42:00
14780.0,55,2,447.68,310,16.58074074074074,26,2011-10-16 12:46:00
14782.0,320,1,200.10000000000002,114,33.35,6,2011-01-24 11:12:00
14783.0,659,1,307.3,262,18.076470588235296,17,2010-02-18 16:16:00
14784.0,26,3,449.93,363,16.664074074074076,25,2011-11-13 13:30:00
14785.0,10,2,77.4,84,25.8,2,2011-11-29 13:21:00
14786.0,550,1,90.96,112,12.994285714285713,7,2010-06-07 13:42:00
14787.0,471,1,110.65,59,7.376666666666667,14,2010-08-25 14:38:00
14788.0,7,3,1156.32,719,19.93655172413793,53,2011-12-02 17:06:00
14789.0,29,1,197.64,116,32.94,6,2011-11-11 08:59:00
14790.0,17,10,2526.62,2642,17.42496551724138,65,2011-11-23 09:28:00
14791.0,607,1,303.63,127,15.980526315789474,19,2010-04-12 10:24:00
14792.0,64,1,6.2,2,3.1,2,2011-10-07 09:19:00
14793.0,21,2,625.9,361,16.048717948717947,39,2011-11-18 14:50:00
14794.0,3,10,1953.9,783,18.7875,85,2011-12-07 10:11:00
14795.0,166,1,131.45000000000002,17,21.908333333333335,6,2011-06-26 13:04:00
14796.0,1,27,10889.64,7653,7.012002575660013,487,2011-12-08 15:31:00
14797.0,507,1,300.31,99,18.769375,16,2010-07-20 14:07:00
14798.0,53,8,724.31,601,14.781836734693876,30,2011-10-18 10:58:00
14799.0,51,2,338.15,495,14.702173913043477,20,2011-10-19 16:16:00
14800.0,48,17,7774.32,6967,11.85109756097561,337,2011-10-23 12:46:00
14801.0,61,1,193.14,175,3.273559322033898,56,2011-10-09 15:24:00
14802.0,438,2,1502.98,2,751.49,1,2010-09-27 16:34:00
14803.0,162,3,845.55,370,19.217045454545453,35,2011-06-30 13:58:00
14804.0,9,1,353.27,121,29.439166666666665,12,2011-12-01 11:20:00
14805.0,15,7,1104.64,421,8.368484848484849,88,2011-11-24 16:20:00
14806.0,75,2,303.43,423,15.1715,17,2011-09-25 15:32:00
14807.0,391,2,519.29,247,12.982249999999999,37,2010-11-14 12:47:00
14808.0,40,8,2741.17,2147,11.664553191489363,176,2011-10-31 12:21:00
14809.0,621,2,686.76,232,38.153333333333336,18,2010-03-28 15:44:00
14810.0,41,13,2537.02,1247,7.806215384615385,125,2011-10-30 11:19:00
14811.0,387,1,170.5,74,6.089285714285714,28,2010-11-17 13:09:00
14812.0,599,1,185.8,136,5.021621621621622,36,2010-04-20 12:13:00
14813.0,370,4,1090.87,474,6.163107344632768,110,2010-12-05 11:57:00
14814.0,581,1,160.46,96,5.014375,28,2010-05-07 14:10:00
14815.0,37,2,778.5,744,14.68867924528302,53,2011-11-03 11:36:00
14816.0,197,1,271.85,5,67.9625,4,2011-05-26 13:16:00
14817.0,200,7,3959.86,2462,17.216782608695652,142,2011-05-23 13:35:00
14818.0,74,6,1170.41,546,10.938411214953272,87,2011-09-27 11:01:00
14819.0,64,4,470.16,173,8.24842105263158,52,2011-10-06 13:41:00
14820.0,21,9,1274.76,724,19.918125,51,2011-11-18 15:41:00
14821.0,367,7,1286.45,485,17.867361111111112,65,2010-12-08 08:43:00
14822.0,485,1,157.70000000000002,94,17.522222222222226,9,2010-08-11 12:52:00
14823.0,180,3,321.43,88,4.591857142857143,56,2011-06-12 13:12:00
14824.0,10,10,4022.9100000000003,1954,25.461455696202535,84,2011-11-29 14:20:00
14825.0,4,24,4925.08,2848,15.887354838709678,187,2011-12-06 11:38:00
14826.0,582,2,385.2,152,38.519999999999996,10,2010-05-07 09:00:00
14828.0,197,13,9839.460000000001,9718,97.42039603960397,72,2011-05-27 10:16:00
14829.0,29,7,1692.84,1147,15.389454545454544,77,2011-11-10 16:16:00
14830.0,53,1,197.13,169,4.92825,39,2011-10-17 14:29:00
14831.0,680,3,1676.57,885,20.445975609756097,67,2010-01-28 14:31:00
14832.0,630,1,322.69,1,322.69,1,2010-03-19 15:14:00
14833.0,499,1,94.8,58,13.542857142857143,7,2010-07-29 10:06:00
14834.0,18,7,2206.16,872,25.35816091954023,55,2011-11-22 10:30:00
14835.0,529,2,297.0,180,148.5,1,2010-06-29 10:08:00
14836.0,10,3,102.44999999999999,45,17.075,5,2011-11-29 16:45:00
14837.0,90,9,3460.32,3030,16.556555023923444,171,2011-09-11 10:58:00
14838.0,423,2,773.6700000000001,362,10.896760563380283,69,2010-10-12 15:46:00
14839.0,418,3,915.28,927,12.368648648648648,61,2010-10-17 13:01:00
14840.0,268,2,362.71,179,16.48681818181818,20,2011-03-17 12:00:00
14841.0,53,14,7163.0,4164,23.876666666666665,196,2011-10-17 15:03:00
14842.0,44,4,2824.69,1166,19.480620689655172,128,2011-10-27 12:37:00
14843.0,437,1,211.79999999999998,132,23.53333333333333,9,2010-09-29 12:39:00
14844.0,64,10,6702.43,4369,24.19649819494585,158,2011-10-07 10:41:00
14845.0,600,1,150.0,600,150.0,1,2010-04-19 10:19:00
14846.0,427,1,437.4,193,36.449999999999996,12,2010-10-08 17:07:00
14847.0,149,3,1348.95,533,21.75725806451613,56,2011-07-14 10:52:00
14848.0,405,1,310.56,260,28.232727272727274,11,2010-10-31 12:22:00
14849.0,22,43,15763.45,12026,20.878741721854304,279,2011-11-18 10:58:00
14850.0,312,7,1794.01,1408,8.92542288557214,129,2011-02-01 11:21:00
14851.0,23,3,829.4100000000001,631,19.747857142857146,38,2011-11-16 14:20:00
14852.0,58,18,6147.18,4371,19.829612903225808,152,2011-10-12 13:20:00
14853.0,24,5,1376.87,345,44.41516129032258,26,2011-11-15 16:56:00
14854.0,78,11,4322.86,2999,20.106325581395346,170,2011-09-22 17:00:00
14855.0,119,7,6520.3,3510,31.499033816425122,168,2011-08-12 14:02:00
14856.0,36,3,1311.3799999999999,714,19.869393939393937,65,2011-11-03 14:53:00
14857.0,60,7,3651.851,2081,17.144840375586856,170,2011-10-11 09:23:00
14858.0,506,1,180.75,105,16.431818181818183,11,2010-07-22 10:51:00
14859.0,13,5,1705.64,888,25.843030303030304,51,2011-11-27 11:18:00
14860.0,19,1,170.32,232,15.483636363636363,11,2011-11-20 14:17:00
14861.0,52,10,1380.73,1076,16.055,62,2011-10-18 12:54:00
14862.0,26,2,841.1999999999999,772,17.525,47,2011-11-14 10:01:00
14863.0,29,1,266.76,132,24.25090909090909,11,2011-11-10 15:04:00
14865.0,7,4,129.72,300,14.413333333333334,4,2011-12-02 16:25:00
14866.0,11,19,20850.22,9233,152.19138686131387,40,2011-11-29 11:45:00
14867.0,186,16,2952.06,996,21.547883211678833,67,2011-06-07 11:39:00
14868.0,3,12,4184.01,2230,19.829431279620856,132,2011-12-06 14:49:00
14869.0,9,6,2804.24,2138,11.216959999999998,187,2011-12-01 12:36:00
14870.0,262,6,1838.95,483,28.29153846153846,43,2011-03-23 10:51:00
14871.0,3,9,1258.97,454,6.263532338308458,123,2011-12-06 13:42:00
14872.0,484,3,816.6,662,18.990697674418605,34,2010-08-13 12:34:00
14873.0,210,2,854.13,311,17.43122448979592,48,2011-05-13 13:52:00
14874.0,535,1,116.18,148,19.363333333333333,6,2010-06-22 14:58:00
14875.0,108,3,2862.4,1332,32.16179775280899,88,2011-08-24 12:20:00
14876.0,521,2,256.7,162,19.746153846153845,12,2010-07-06 14:57:00
14877.0,418,2,437.0,171,6.621212121212121,57,2010-10-17 13:09:00
14878.0,13,25,4105.24,2432,10.88923076923077,159,2011-11-27 11:15:00
14879.0,685,1,185.06,104,6.854074074074074,27,2010-01-24 11:35:00
14880.0,77,3,706.19,373,15.025319148936171,45,2011-09-23 13:42:00
14881.0,20,1,255.4,316,15.023529411764706,17,2011-11-20 11:06:00
14882.0,27,14,3628.15,1640,53.35514705882353,32,2011-11-13 12:47:00
14883.0,19,6,761.59,790,14.369622641509434,39,2011-11-21 10:23:00
14884.0,669,1,120.6,72,15.075,8,2010-02-08 12:56:00
14885.0,132,3,1598.12,1308,51.552258064516124,24,2011-07-31 12:05:00
14886.0,253,1,364.8,160,20.266666666666666,18,2011-04-01 08:56:00
14887.0,79,1,1862.0,1100,310.3333333333333,6,2011-09-21 15:32:00
14888.0,207,1,369.2,184,18.46,20,2011-05-16 14:58:00
14889.0,336,1,135.9,90,13.59,10,2011-01-07 15:19:00
14890.0,254,3,817.25,636,14.337719298245615,55,2011-03-31 11:57:00
14891.0,148,4,1106.73,788,17.56714285714286,55,2011-07-14 18:08:00
14892.0,691,1,202.35000000000002,79,15.565384615384618,13,2010-01-18 08:58:00
14893.0,10,3,1809.6100000000001,1047,17.07179245283019,98,2011-11-30 12:31:00
14894.0,85,3,1492.81,603,32.45239130434783,39,2011-09-15 13:51:00
14895.0,8,38,25119.54,10714,27.910600000000002,441,2011-12-02 09:23:00
14896.0,205,8,2092.42,1117,7.290662020905923,150,2011-05-19 10:20:00
14897.0,8,8,3140.54,1162,24.728661417322833,94,2011-12-02 10:32:00
14898.0,23,14,3507.81,2247,11.538848684210526,185,2011-11-16 14:54:00
14899.0,395,1,1384.88,586,10.108613138686133,126,2010-11-09 15:20:00
14900.0,522,1,13.919999999999998,48,13.919999999999998,1,2010-07-05 15:09:00
14901.0,11,12,2289.65,1053,13.710479041916168,103,2011-11-28 17:09:00
14902.0,26,3,1035.6200000000001,716,17.552881355932204,51,2011-11-14 10:34:00
14903.0,21,5,2810.63,1536,7.917267605633803,227,2011-11-18 16:07:00
14904.0,2,4,1640.64,2549,11.393333333333334,127,2011-12-07 12:55:00
14905.0,158,8,1971.39,1009,25.27423076923077,45,2011-07-05 12:41:00
14906.0,445,1,68.44,1,68.44,1,2010-09-20 16:30:00
14907.0,3,16,6165.79,2817,20.830371621621623,153,2011-12-06 14:14:00
14908.0,74,2,381.9,182,27.27857142857143,14,2011-09-26 12:56:00
14909.0,437,3,1404.68,888,17.558500000000002,61,2010-09-28 16:56:00
14910.0,3,4,434.35,238,14.478333333333333,25,2011-12-07 10:06:00
14911.0,1,398,295972.63,149987,26.320376167185415,2550,2011-12-08 15:54:00
14912.0,17,6,1889.25,1819,29.988095238095237,44,2011-11-23 09:20:00
14913.0,36,8,4073.13,3955,16.490404858299595,176,2011-11-04 08:29:00
14915.0,91,11,1811.25,707,20.125,65,2011-09-09 13:34:00
14916.0,71,8,3042.95,2415,22.708582089552237,113,2011-09-30 09:20:00
14917.0,597,2,1123.75,891,38.75,29,2010-04-22 11:28:00
14918.0,116,9,5955.81,2551,42.23978723404256,79,2011-08-16 11:50:00
14919.0,539,1,359.35,129,27.642307692307693,13,2010-06-18 13:06:00
14920.0,213,3,1607.17,886,16.568762886597938,90,2011-05-11 10:32:00
14921.0,30,2,1316.07,953,16.872692307692308,78,2011-11-09 13:17:00
14922.0,394,2,843.74,376,16.8748,49,2010-11-11 11:14:00
14923.0,51,1,749.1,418,17.025000000000002,44,2011-10-20 11:51:00
14924.0,246,3,931.01,312,30.03258064516129,30,2011-04-08 09:25:00
14926.0,382,2,359.4,204,119.8,2,2010-11-23 07:13:00
14927.0,397,1,308.2,196,15.41,20,2010-11-08 12:30:00
14928.0,628,1,223.91000000000003,268,10.662380952380953,21,2010-03-22 09:14:00
14929.0,32,2,836.69,487,24.608529411764707,34,2011-11-07 17:21:00
14930.0,109,6,5246.63,2199,18.805125448028676,213,2011-08-23 10:31:00
14931.0,5,5,1257.68,417,30.675121951219513,30,2011-12-05 10:19:00
14932.0,366,2,1029.66,337,21.013469387755105,29,2010-12-09 11:48:00
14933.0,444,4,1770.0,600,442.5,1,2010-09-22 10:47:00
14934.0,82,5,3503.5,2100,18.937837837837836,115,2011-09-19 10:10:00
14935.0,297,2,2849.83,1931,109.60884615384614,25,2011-02-15 14:44:00
14936.0,34,12,12410.81,6274,23.549924098671728,267,2011-11-06 10:30:00
14937.0,57,3,1621.88,484,47.70235294117647,33,2011-10-14 12:29:00
14938.0,562,2,2322.43,1369,32.710281690140846,71,2010-05-26 13:38:00
14940.0,418,2,531.49,384,16.6090625,32,2010-10-18 10:47:00
14941.0,579,1,182.1,80,26.014285714285712,7,2010-05-10 11:30:00
14942.0,402,4,746.56,354,39.292631578947365,12,2010-11-03 10:51:00
14943.0,663,1,107.62,46,21.524,5,2010-02-14 16:04:00
14944.0,30,19,9784.67,4864,32.2926402640264,184,2011-11-10 09:10:00
14945.0,414,1,179.4,156,16.30909090909091,11,2010-10-22 11:26:00
14946.0,14,1,100.9,22,33.63333333333333,3,2011-11-25 13:33:00
14947.0,72,6,1049.79,416,19.440555555555555,47,2011-09-28 15:48:00
14948.0,23,6,1101.97,673,17.491587301587302,56,2011-11-16 17:16:00
14949.0,469,4,515.0,250,19.074074074074073,16,2010-08-27 15:38:00
14950.0,19,1,371.2,136,19.53684210526316,19,2011-11-20 13:48:00
14951.0,79,1,311.69,311,15.5845,20,2011-09-21 15:15:00
14952.0,60,32,17629.35,6977,57.42459283387622,240,2011-10-11 10:33:00
14953.0,25,4,1013.77,1028,3.914169884169884,202,2011-11-14 14:59:00
14954.0,12,2,503.44,219,3.9955555555555557,111,2011-11-27 14:30:00
14955.0,733,1,163.77,74,5.282903225806452,30,2009-12-07 11:35:00
14956.0,421,1,1325.0,2500,331.25,4,2010-10-14 16:40:00
14957.0,253,2,333.29,105,11.492758620689656,27,2011-03-31 17:59:00
14958.0,147,6,957.9399999999999,249,13.304722222222221,52,2011-07-15 14:20:00
14959.0,64,4,695.42,494,11.786779661016949,37,2011-10-06 18:23:00
14960.0,8,2,221.27,221,8.195185185185185,23,2011-12-01 12:54:00
14961.0,11,22,16410.15,8372,24.492761194029853,328,2011-11-29 09:42:00
14962.0,271,4,366.91,123,26.207857142857144,14,2011-03-14 09:42:00
14963.0,10,12,3164.48,2317,6.418823529411765,304,2011-11-30 12:16:00
14964.0,247,1,206.21,143,15.862307692307693,13,2011-04-06 14:13:00
14965.0,96,2,599.0,365,7.216867469879518,80,2011-09-04 13:20:00
14966.0,15,6,1115.8400000000001,1098,6.974000000000001,125,2011-11-25 12:20:00
14967.0,50,6,1982.6100000000001,652,68.36586206896553,22,2011-10-21 11:06:00
14968.0,30,2,504.99,258,5.941058823529412,83,2011-11-09 13:58:00
14969.0,704,1,906.23,665,69.71000000000001,13,2010-01-05 12:43:00
14970.0,68,12,4919.35,982,43.53407079646018,71,2011-10-02 13:44:00
14971.0,35,3,1116.57,644,6.9785625,144,2011-11-04 17:07:00
14972.0,128,2,145.07,40,7.2535,20,2011-08-03 14:54:00
14973.0,107,3,1314.45,369,41.0765625,29,2011-08-24 15:51:00
14974.0,37,1,114.39,44,5.4471428571428575,17,2011-11-02 13:01:00
14975.0,57,2,472.39,507,18.168846153846154,25,2011-10-13 14:08:00
14976.0,57,7,790.86,234,10.984166666666667,47,2011-10-13 16:37:00
14977.0,726,1,31.929999999999996,17,7.982499999999999,4,2009-12-14 10:37:00
14978.0,72,10,3142.14,740,10.724027303754266,175,2011-09-28 13:07:00
14979.0,735,1,439.46,213,8.291698113207547,42,2009-12-04 12:54:00
14980.0,737,1,150.68,79,6.278333333333333,24,2009-12-02 14:09:00
14981.0,246,2,372.92,241,16.950909090909093,20,2011-04-07 13:45:00
14982.0,572,1,237.78,125,6.096923076923077,39,2010-05-16 15:52:00
14983.0,689,1,183.20000000000002,90,6.106666666666667,30,2010-01-19 17:32:00
14984.0,19,6,1271.41,350,22.703750000000003,48,2011-11-20 14:28:00
14985.0,198,2,296.75,260,3.410919540229885,78,2011-05-25 14:29:00
14986.0,376,2,566.9,342,5.669,87,2010-11-28 15:25:00
14987.0,16,8,1713.85,671,100.81470588235294,4,2011-11-24 09:59:00
14988.0,212,7,2066.6,1276,8.46967213114754,171,2011-05-12 12:05:00
14989.0,662,1,342.4,200,19.022222222222222,18,2010-02-16 10:40:00
14990.0,612,2,305.42,130,7.102790697674419,41,2010-04-06 13:54:00
14991.0,430,1,314.67,191,14.984285714285715,21,2010-10-05 13:01:00
14992.0,442,1,210.5,145,7.796296296296297,27,2010-09-23 17:48:00
14993.0,564,1,36.13,21,3.6130000000000004,9,2010-05-25 12:47:00
14994.0,382,5,960.63,577,3.0988064516129032,233,2010-11-22 12:59:00
14995.0,39,2,233.23000000000002,103,3.82344262295082,53,2011-11-01 11:39:00
14996.0,481,2,442.28999999999996,404,10.787560975609756,37,2010-08-15 13:44:00
14997.0,46,4,776.5999999999999,1408,20.436842105263157,36,2011-10-24 13:28:00
14998.0,170,4,770.73,367,6.068740157480315,111,2011-06-22 17:30:00
14999.0,593,1,129.48000000000002,88,14.386666666666668,9,2010-04-26 10:47:00
15000.0,48,1,490.52,218,6.37038961038961,76,2011-10-23 11:42:00
15001.0,394,2,230.85999999999999,81,4.275185185185185,44,2010-11-10 13:51:00
15002.0,116,9,4817.28,2518,13.019675675675675,220,2011-08-16 10:44:00
15003.0,473,6,1060.7,547,3.0392550143266477,253,2010-08-23 15:44:00
15004.0,147,1,1246.32,630,7.888101265822784,154,2011-07-15 14:05:00
15005.0,16,56,14106.2,8856,5.748247758761207,591,2011-11-24 12:25:00
15006.0,51,2,825.14,416,3.986183574879227,165,2011-10-19 15:08:00
15007.0,159,1,156.91,69,13.075833333333334,12,2011-07-03 16:00:00
15008.0,480,2,360.0,1500,30.0,6,2010-08-16 13:09:00
15009.0,12,3,1261.78,642,6.932857142857142,148,2011-11-27 13:35:00
15010.0,36,1,308.94,184,15.447,20,2011-11-04 12:42:00
15011.0,396,2,416.6,289,20.830000000000002,17,2010-11-09 11:10:00
15012.0,54,3,860.62,479,3.374980392156863,165,2011-10-17 12:22:00
15013.0,488,10,1641.3,1747,4.623380281690141,177,2010-08-09 12:05:00
15014.0,43,2,260.17,151,7.433428571428572,29,2011-10-27 20:07:00
15015.0,501,13,2365.02,1593,7.989932432432433,158,2010-07-26 13:50:00
15016.0,173,5,630.3,247,5.83611111111111,93,2011-06-20 12:06:00
15017.0,34,1,125.58,63,6.279,20,2011-11-06 10:33:00
15018.0,39,3,607.46,210,16.87388888888889,30,2011-11-01 12:47:00
15019.0,267,1,266.0,159,3.8,64,2011-03-18 12:35:00
15020.0,379,1,203.42,112,7.265,27,2010-11-25 13:29:00
15021.0,9,12,2783.83,1217,3.877200557103064,355,2011-12-01 11:53:00
15022.0,12,5,1186.09,656,7.701883116883116,115,2011-11-28 12:35:00
15023.0,3,20,12170.68,5052,11.990817733990148,486,2011-12-06 17:23:00
15024.0,10,16,4075.51,2201,10.985202156334232,168,2011-11-30 12:06:00
15025.0,33,2,1013.09,515,6.938972602739726,132,2011-11-06 15:20:00
15026.0,80,5,1061.61,673,7.582928571428571,109,2011-09-20 13:52:00
15027.0,31,10,3195.6,2782,35.11648351648351,69,2011-11-09 10:16:00
15028.0,8,6,1157.71,796,9.728655462184875,65,2011-12-01 14:06:00
15029.0,620,1,365.1,234,36.510000000000005,10,2010-03-30 12:16:00
15030.0,72,8,1979.91,1225,59.99727272727273,25,2011-09-29 10:50:00
15031.0,4,14,3156.58,1615,7.7940246913580244,237,2011-12-05 14:19:00
15032.0,256,8,13780.65,8259,110.2452,39,2011-03-28 15:03:00
15033.0,5,10,2586.67,1695,5.071901960784314,315,2011-12-05 12:40:00
15034.0,16,14,8313.4,4788,10.881413612565444,416,2011-11-24 12:11:00
15035.0,90,1,252.73000000000002,245,9.36037037037037,26,2011-09-11 11:08:00
15036.0,72,3,465.55,327,3.665748031496063,107,2011-09-28 15:42:00
15037.0,376,2,402.51,301,8.385625,40,2010-11-28 13:05:00
15038.0,59,9,1309.86,441,4.612183098591549,190,2011-10-12 11:33:00
15039.0,10,93,40031.43,18183,14.337904727793696,562,2011-11-30 11:31:00
15040.0,542,1,7.49,1,7.49,1,2010-06-16 11:40:00
15041.0,170,2,294.02,197,2.7478504672897195,98,2011-06-22 16:16:00
15042.0,199,2,315.45,238,35.05,9,2011-05-24 16:25:00
15043.0,31,6,2873.7999999999997,1031,55.26538461538461,39,2011-11-08 14:26:00
15044.0,19,35,16204.33,5279,17.709650273224042,344,2011-11-20 13:20:00
15045.0,152,2,735.66,114,61.305,11,2011-07-11 11:33:00
15046.0,9,25,7812.389999999999,4701,19.24233990147783,248,2011-11-30 15:50:00
15047.0,270,1,343.62,222,15.61909090909091,22,2011-03-15 10:49:00
15048.0,65,4,482.75,227,4.022916666666666,86,2011-10-05 14:55:00
15049.0,274,1,121.17000000000002,63,40.39000000000001,3,2011-03-11 12:13:00
15050.0,25,5,4193.79,2628,26.88326923076923,116,2011-11-14 16:17:00
15051.0,23,9,3935.16,3053,13.56951724137931,226,2011-11-16 15:38:00
15052.0,319,1,215.78,82,7.192666666666667,27,2011-01-24 15:52:00
15053.0,5,3,697.79,986,9.828028169014084,49,2011-12-05 12:08:00
15054.0,12,2,302.1,198,2.6500000000000004,105,2011-11-27 15:02:00
15055.0,475,3,560.07,230,6.589058823529412,77,2010-08-22 11:06:00
15056.0,520,1,133.45,81,19.064285714285713,6,2010-07-07 15:58:00
15057.0,275,5,3255.96,1394,46.513714285714286,62,2011-03-09 15:17:00
15058.0,25,16,3410.03,1660,9.551904761904762,232,2011-11-14 14:57:00
15059.0,41,19,3523.57,1617,5.921966386554622,308,2011-10-30 11:35:00
15060.0,8,4,303.09,263,2.504876033057851,81,2011-12-01 13:47:00
15061.0,4,127,137818.52,80711,139.6337588652482,131,2011-12-06 12:06:00
15062.0,71,8,2585.62,1872,16.26176100628931,98,2011-09-29 16:51:00
15063.0,213,1,370.79999999999995,56,74.16,5,2011-05-10 13:25:00
15064.0,410,4,1254.41,810,15.486543209876544,75,2010-10-25 14:32:00
15065.0,38,5,3326.86,1446,20.04132530120482,156,2011-11-02 09:45:00
15066.0,53,1,893.59,317,21.275952380952383,42,2011-10-17 13:25:00
15067.0,78,5,3877.88,2163,21.785842696629214,170,2011-09-22 13:20:00
15068.0,46,4,1176.85,835,5.325113122171945,178,2011-10-24 14:47:00
15069.0,179,1,1109.53,520,15.850428571428571,70,2011-06-13 14:16:00
15070.0,373,3,843.25,375,25.553030303030305,26,2010-12-02 11:23:00
15071.0,94,4,1455.56,416,26.954814814814814,41,2011-09-07 11:43:00
15072.0,479,1,187.51999999999998,164,14.424615384615382,13,2010-08-17 15:46:00
15073.0,10,8,2788.02,1410,17.534716981132075,115,2011-11-30 10:44:00
15074.0,105,3,1566.33,1063,21.45657534246575,63,2011-08-26 14:45:00
15075.0,78,1,773.03,447,28.63074074074074,27,2011-09-23 12:27:00
15076.0,173,3,1447.74,866,18.09675,68,2011-06-20 08:23:00
15077.0,495,2,2428.08,528,75.8775,28,2010-08-02 11:13:00
15078.0,7,53,17761.88,8990,22.398335435056747,118,2011-12-02 15:41:00
15079.0,213,11,3767.35,1504,25.981724137931035,119,2011-05-11 12:45:00
15080.0,428,2,546.25,287,17.620967741935484,31,2010-10-08 11:52:00
15081.0,22,12,1965.72,806,18.034128440366974,75,2011-11-17 17:08:00
15082.0,669,1,93.35000000000001,43,15.558333333333335,6,2010-02-09 10:23:00
15083.0,257,1,88.2,38,17.64,5,2011-03-28 12:18:00
15084.0,380,2,965.2,600,31.135483870967743,31,2010-11-25 11:58:00
15085.0,730,1,347.54,169,38.61555555555556,9,2009-12-10 11:47:00
15086.0,565,2,218.53,95,19.866363636363637,10,2010-05-24 12:27:00
15087.0,282,1,306.94,470,20.462666666666667,15,2011-03-03 10:34:00
15088.0,21,2,1160.07,460,20.352105263157895,53,2011-11-18 13:14:00
15089.0,10,6,2420.84,1359,16.69544827586207,139,2011-11-29 16:31:00
15090.0,308,1,381.32,208,16.57913043478261,23,2011-02-04 14:03:00
15091.0,68,3,1046.6100000000001,582,18.36157894736842,55,2011-10-03 12:47:00
15092.0,215,3,776.46,230,17.25466666666667,39,2011-05-08 14:10:00
15093.0,18,23,14326.11,11657,43.15093373493976,104,2011-11-21 13:09:00
15094.0,463,2,83.0,28,16.6,4,2010-09-02 16:55:00
15095.0,104,10,3141.64,2233,25.335806451612903,90,2011-08-28 12:01:00
15096.0,43,1,219.39000000000001,120,19.944545454545455,11,2011-10-28 10:27:00
15097.0,4,3,908.35,424,13.762878787878789,59,2011-12-05 14:03:00
15098.0,182,3,39916.5,121,13305.5,1,2011-06-10 15:33:00
15099.0,84,1,410.48,343,17.84695652173913,23,2011-09-16 13:13:00
15100.0,334,7,2894.7,334,160.81666666666666,11,2011-01-10 10:35:00
15101.0,9,6,1477.94,676,25.481724137931035,52,2011-12-01 10:18:00
15102.0,531,2,554.67,339,20.543333333333333,26,2010-06-27 12:16:00
15103.0,31,2,703.36,329,20.096,35,2011-11-08 14:53:00
15104.0,197,2,1027.44,637,14.890434782608697,66,2011-05-27 12:29:00
15105.0,18,9,3094.91,1747,20.496092715231786,129,2011-11-21 16:54:00
15106.0,18,5,1422.52,1181,14.2252,90,2011-11-22 09:16:00
15107.0,311,9,940.35,356,20.00744680851064,32,2011-02-01 14:46:00
15108.0,142,4,1300.25,499,21.670833333333334,50,2011-07-21 10:24:00
15109.0,246,3,983.1,258,20.48125,46,2011-04-08 09:58:00
15110.0,24,6,1505.8500000000001,337,28.4122641509434,23,2011-11-16 11:16:00
15111.0,29,5,2730.87,1164,18.08523178807947,109,2011-11-10 16:58:00
15112.0,611,1,209.4,72,29.914285714285715,7,2010-04-07 14:17:00
15113.0,10,3,3609.33,2386,36.0933,77,2011-11-30 08:23:00
15114.0,30,12,3400.12,3532,14.7191341991342,151,2011-11-09 15:05:00
15115.0,18,2,531.85,245,15.195714285714287,35,2011-11-21 14:59:00
15116.0,18,4,1352.75,648,30.06111111111111,37,2011-11-22 12:25:00
15117.0,15,8,2485.9700000000003,3093,18.976870229007634,89,2011-11-25 08:12:00
15118.0,134,1,244.8,1440,244.8,1,2011-07-28 14:54:00
15119.0,246,1,266.4,88,19.02857142857143,14,2011-04-08 09:08:00
15120.0,134,1,358.82,296,17.086666666666666,21,2011-07-29 09:48:00
15121.0,50,2,457.72,199,16.34714285714286,28,2011-10-20 14:51:00
15122.0,114,11,4497.47,2045,19.725745614035088,155,2011-08-17 16:48:00
15123.0,7,5,4656.17,2524,25.443551912568307,149,2011-12-02 13:12:00
15124.0,23,4,450.82,462,14.54258064516129,30,2011-11-17 10:09:00
15125.0,25,24,17024.87,8433,70.93695833333332,151,2011-11-14 13:57:00
15126.0,537,2,449.49,273,17.9796,25,2010-06-21 12:31:00
15127.0,66,2,711.5,464,25.410714285714285,27,2011-10-05 10:30:00
15128.0,60,5,1783.68,1583,14.501463414634147,87,2011-10-10 13:54:00
15129.0,50,23,6860.18,4002,33.14096618357488,86,2011-10-20 14:40:00
15130.0,170,1,330.11,197,15.005,22,2011-06-23 10:15:00
15131.0,395,1,80.28,88,11.468571428571428,7,2010-11-10 12:07:00
15132.0,18,5,977.9300000000001,679,18.806346153846157,49,2011-11-21 17:10:00
15133.0,128,5,1806.9,960,36.875510204081635,45,2011-08-04 10:44:00
15134.0,15,10,1596.29,1057,18.779882352941176,47,2011-11-25 08:55:00
15135.0,239,2,305.68,84,15.284,17,2011-04-14 19:16:00
15136.0,3,4,1286.7,776,18.92205882352941,61,2011-12-07 12:26:00
15137.0,521,2,823.4,596,24.21764705882353,34,2010-07-07 09:41:00
15138.0,394,1,502.52,300,16.210322580645162,31,2010-11-11 09:16:00
15139.0,240,2,178.96,208,13.766153846153847,13,2011-04-14 11:39:00
15140.0,52,8,3243.69,2010,28.96151785714286,103,2011-10-18 14:07:00
15141.0,458,7,1388.47,1197,17.355875,44,2010-09-08 11:33:00
15142.0,46,6,2619.92,2155,18.450140845070422,115,2011-10-24 12:51:00
15143.0,226,2,563.63,320,18.181612903225805,27,2011-04-28 12:03:00
15144.0,8,29,12160.31,5251,34.84329512893983,199,2011-12-01 15:12:00
15145.0,4,4,1194.73,756,17.83179104477612,54,2011-12-05 17:21:00
15146.0,165,2,1327.16,1473,14.584175824175825,90,2011-06-28 12:09:00
15147.0,240,1,623.5,366,22.267857142857142,28,2011-04-13 15:57:00
15148.0,11,1,301.29,187,15.0645,20,2011-11-29 08:21:00
15149.0,134,5,1554.6100000000001,380,22.53057971014493,62,2011-07-29 10:58:00
15150.0,17,13,9001.08,6183,15.654052173913044,495,2011-11-22 12:52:00
15151.0,423,2,2085.61,795,36.58964912280702,56,2010-10-12 16:37:00
15152.0,10,14,5263.83,2994,17.5461,214,2011-11-30 12:32:00
15153.0,31,1,329.25,198,14.965909090909092,22,2011-11-08 17:09:00
15154.0,75,3,1388.41,349,7.385159574468085,166,2011-09-25 16:05:00
15155.0,383,1,383.96999999999997,192,15.99875,24,2010-11-21 12:59:00
15156.0,1,3,961.49,597,17.481636363636365,51,2011-12-08 18:22:00
15157.0,4,5,2654.11,3466,17.46125,152,2011-12-06 11:28:00
15158.0,45,2,606.02,219,55.092727272727274,11,2011-10-25 13:53:00
15159.0,2,34,22116.73,13512,27.304604938271606,413,2011-12-08 12:05:00
15160.0,357,4,589.27,307,25.620434782608694,17,2010-12-17 14:15:00
15161.0,388,1,119.92,144,3.633939393939394,33,2010-11-16 16:08:00
15162.0,731,1,312.9,74,26.075,12,2009-12-08 13:14:00
15163.0,18,2,304.47,186,10.49896551724138,29,2011-11-21 13:10:00
15164.0,69,9,2068.92,931,5.731080332409973,243,2011-10-02 12:05:00
15165.0,373,1,975.5,320,18.064814814814813,27,2010-12-01 14:03:00
15166.0,468,1,167.16,140,13.93,12,2010-08-29 12:31:00
15167.0,321,5,1659.67,872,5.3024600638977635,262,2011-01-23 12:41:00
15168.0,26,1,106.56,52,21.312,5,2011-11-14 11:26:00
15169.0,382,2,569.22,356,9.647796610169491,58,2010-11-22 13:04:00
15170.0,407,1,81.15,33,20.2875,4,2010-10-29 10:34:00
15171.0,331,1,1289.5,290,257.9,5,2011-01-12 15:36:00
15172.0,9,5,1624.05,1611,14.764090909090909,106,2011-12-01 11:51:00
15173.0,381,7,1494.6,840,17.37906976744186,68,2010-11-24 10:21:00
15174.0,323,2,481.46,382,14.160588235294117,34,2011-01-21 09:06:00
15175.0,72,1,224.14,454,9.745217391304347,23,2011-09-29 11:31:00
15176.0,668,1,988.04,448,19.00076923076923,52,2010-02-10 10:36:00
15177.0,426,1,948.93,485,36.49730769230769,26,2010-10-10 12:48:00
15178.0,260,1,40.5,30,13.5,3,2011-03-24 15:12:00
15179.0,18,13,7491.92,5416,23.859617834394903,225,2011-11-21 12:53:00
15180.0,367,3,904.4300000000001,690,15.593620689655173,46,2010-12-07 14:57:00
15181.0,66,5,1200.2,688,60.010000000000005,15,2011-10-04 13:58:00
15182.0,154,11,2998.952,1186,23.991616,78,2011-07-08 13:37:00
15183.0,548,3,639.93,297,16.840263157894736,33,2010-06-10 10:43:00
15184.0,29,4,689.95,486,8.117058823529412,72,2011-11-10 13:41:00
15185.0,70,1,310.62,666,14.791428571428572,21,2011-09-30 14:06:00
15186.0,14,5,1403.2,716,26.984615384615385,29,2011-11-25 14:58:00
15187.0,2,16,4777.18,1887,52.49648351648352,61,2011-12-08 11:56:00
15188.0,725,1,310.43,233,13.496956521739131,23,2009-12-14 13:30:00
15189.0,1,46,17524.38,6902,72.71526970954358,90,2011-12-08 13:22:00
15190.0,434,1,834.4399999999999,790,20.860999999999997,40,2010-10-01 13:09:00
15191.0,463,3,588.05,287,16.80142857142857,33,2010-09-02 15:37:00
15192.0,120,5,1981.39,1644,18.69235849056604,56,2011-08-12 11:41:00
15193.0,61,1,499.32,144,26.28,19,2011-10-10 08:23:00
15194.0,3,28,12427.69,9169,25.259532520325205,274,2011-12-06 15:10:00
15195.0,3,1,3861.0,1404,3861.0,1,2011-12-07 12:20:00
15196.0,433,2,316.25,131,7.354651162790698,34,2010-10-03 10:50:00
15197.0,11,6,1877.51,1058,31.82220338983051,44,2011-11-29 10:00:00
15198.0,92,5,571.35,327,18.43064516129032,28,2011-09-08 14:42:00
15199.0,59,10,3122.4,894,61.22352941176471,17,2011-10-11 15:12:00
15200.0,495,1,549.05,195,18.301666666666666,30,2010-08-02 09:38:00
15201.0,87,7,1842.95,1660,18.4295,44,2011-09-13 14:53:00
15202.0,420,3,6001.49,3,2000.4966666666667,1,2010-10-15 13:05:00
15203.0,26,15,4400.18,4182,12.828513119533529,150,2011-11-14 08:16:00
15204.0,357,1,316.58,258,35.175555555555555,9,2010-12-17 13:49:00
15205.0,85,2,653.24,378,17.655135135135136,37,2011-09-15 19:36:00
15206.0,10,4,420.29999999999995,162,46.699999999999996,3,2011-11-29 13:41:00
15207.0,416,3,683.9200000000001,428,28.49666666666667,19,2010-10-19 13:29:00
15208.0,1,6,970.52,356,20.219166666666666,27,2011-12-08 17:24:00
15209.0,730,1,178.98000000000002,94,13.76769230769231,13,2009-12-09 17:26:00
15210.0,225,3,1176.19,841,17.55507462686567,66,2011-04-28 16:11:00
15211.0,60,2,1277.48,357,17.033066666666667,52,2011-10-10 13:31:00
15212.0,241,2,208.28,84,20.828,7,2011-04-12 13:45:00
15213.0,319,2,328.35,272,13.68125,22,2011-01-25 12:21:00
15214.0,2,8,1661.44,1254,15.104000000000001,109,2011-12-08 12:07:00
15215.0,47,7,2422.43,776,21.437433628318583,85,2011-10-24 11:41:00
15216.0,88,2,486.09,217,20.25375,24,2011-09-13 11:41:00
15217.0,563,1,426.24,190,15.222857142857142,28,2010-05-25 13:51:00
15218.0,11,22,11516.57,6553,28.719625935162092,139,2011-11-29 11:48:00
15219.0,176,2,685.45,271,26.36346153846154,26,2011-06-16 16:57:00
15220.0,52,6,1778.96,1393,15.204786324786324,110,2011-10-19 12:39:00
15221.0,366,4,2465.4500000000003,287,72.51323529411765,21,2010-12-08 13:08:00
15222.0,319,11,3550.91,4458,25.73123188405797,98,2011-01-25 08:03:00
15223.0,226,5,1417.95,385,41.70441176470588,26,2011-04-28 11:31:00
15224.0,358,5,871.36,443,24.896,24,2010-12-16 15:02:00
15225.0,234,1,409.40000000000003,226,17.8,23,2011-04-19 14:51:00
15226.0,311,1,154.41,71,19.30125,8,2011-02-02 11:41:00
15227.0,37,9,2488.4900000000002,1217,20.737416666666668,86,2011-11-03 11:59:00
15228.0,66,6,5580.2699999999995,3375,23.84730769230769,184,2011-10-04 13:56:00
15229.0,586,1,160.5,114,17.833333333333332,9,2010-05-02 13:50:00
15230.0,239,2,429.6,351,18.678260869565218,23,2011-04-14 14:39:00
15231.0,621,1,250.26,190,17.875714285714285,14,2010-03-28 15:12:00
15232.0,113,2,612.06,686,19.743870967741934,26,2011-08-18 16:27:00
15233.0,401,1,59.400000000000006,12,59.400000000000006,1,2010-11-03 13:36:00
15234.0,277,1,197.0,196,14.071428571428571,14,2011-03-08 08:53:00
15235.0,218,16,2937.81,1735,15.710213903743314,161,2011-05-06 09:44:00
15236.0,299,1,321.05,269,21.403333333333332,15,2011-02-14 10:52:00
15237.0,2,4,1412.32,1071,14.265858585858584,94,2011-12-08 09:46:00
15238.0,29,3,1071.99,692,21.4398,49,2011-11-10 14:28:00
15239.0,10,2,780.59,594,15.930408163265307,48,2011-11-29 14:14:00
15240.0,45,12,4459.98,3214,19.910625,134,2011-10-26 09:50:00
15241.0,67,11,3050.16,3328,16.57695652173913,120,2011-10-04 09:05:00
15242.0,422,1,302.04,196,75.51,4,2010-10-13 15:33:00
15243.0,74,2,927.2800000000001,543,15.201311475409838,56,2011-09-26 14:12:00
15244.0,65,3,912.08,472,19.00166666666667,44,2011-10-05 13:19:00
15245.0,134,8,4610.84,3021,31.154324324324325,72,2011-07-28 18:56:00
15246.0,238,3,780.4,359,15.301960784313724,45,2011-04-15 14:45:00
15247.0,122,3,976.06,514,57.41529411764706,13,2011-08-09 12:52:00
15248.0,411,3,1893.93,1065,17.867264150943395,103,2010-10-24 13:09:00
15249.0,32,18,9266.0,4980,18.45816733067729,304,2011-11-08 11:45:00
15250.0,641,1,60.0,48,20.0,3,2010-03-09 07:35:00
15251.0,9,21,20324.54,12108,88.3675652173913,183,2011-11-30 15:02:00
15252.0,36,5,2103.41,1430,17.82550847457627,106,2011-11-03 13:30:00
15253.0,16,8,2055.09,1588,17.716293103448276,102,2011-11-23 16:22:00
15254.0,127,3,1088.35,711,16.244029850746266,64,2011-08-04 15:04:00
15255.0,67,9,3729.42,2226,19.732380952380954,137,2011-10-04 12:43:00
15256.0,149,2,170.4,92,17.04,6,2011-07-14 11:47:00
15257.0,283,2,685.9,71,57.15833333333333,11,2011-03-01 12:58:00
15258.0,169,2,623.16,142,18.328235294117647,32,2011-06-24 12:30:00
15259.0,513,4,1182.3799999999999,631,20.74350877192982,50,2010-07-15 08:47:00
15260.0,100,25,9188.23,4722,23.086005025125626,186,2011-08-31 13:55:00
15261.0,135,4,1508.0,806,16.391304347826086,87,2011-07-27 15:20:00
15262.0,324,3,418.82,218,16.108461538461537,22,2011-01-20 12:16:00
15263.0,107,1,156.51,89,13.042499999999999,12,2011-08-25 10:26:00
15264.0,64,2,848.4,443,15.425454545454546,52,2011-10-06 13:49:00
15265.0,151,4,3345.64,1570,17.334922279792746,179,2011-07-11 14:46:00
15266.0,338,5,852.21,236,18.938000000000002,38,2011-01-05 13:40:00
15267.0,22,5,1717.36,944,156.12363636363636,8,2011-11-17 15:59:00
15268.0,479,3,961.9000000000001,428,43.722727272727276,21,2010-08-18 10:33:00
15269.0,24,3,1225.3600000000001,372,35.010285714285715,33,2011-11-16 09:32:00
15270.0,16,21,8524.86,4010,50.74321428571429,66,2011-11-24 09:24:00
15271.0,7,24,4709.54,2524,7.547339743589744,369,2011-12-02 14:11:00
15272.0,57,6,2085.48,687,6.793094462540717,257,2011-10-13 12:59:00
15273.0,600,1,228.96,216,228.96,1,2010-04-19 11:31:00
15274.0,4,2,716.57,619,15.246170212765959,44,2011-12-05 16:57:00
15275.0,38,1,615.14,498,15.003414634146342,41,2011-11-02 11:20:00
15276.0,66,4,649.53,331,3.4185789473684207,160,2011-10-04 16:39:00
15277.0,47,2,476.34,373,18.32076923076923,23,2011-10-24 10:08:00
15278.0,562,4,496.15999999999997,458,17.10896551724138,29,2010-05-27 10:03:00
15279.0,355,5,1580.54,802,16.814255319148934,74,2010-12-20 10:48:00
15280.0,172,3,406.21999999999997,513,6.659344262295082,48,2011-06-20 17:14:00
15281.0,59,16,8543.57,5233,16.36699233716475,427,2011-10-12 09:10:00
15282.0,570,1,348.59,395,12.91074074074074,27,2010-05-18 16:27:00
15283.0,390,3,148.33,27,16.48111111111111,9,2010-11-14 14:54:00
15284.0,500,1,24.75,5,24.75,1,2010-07-27 13:25:00
15285.0,408,1,94.92,120,15.82,6,2010-10-28 09:46:00
15286.0,50,1,240.55,55,80.18333333333334,3,2011-10-21 11:08:00
15287.0,22,5,856.03,1010,23.77861111111111,23,2011-11-17 15:34:00
15288.0,43,10,3883.13,1404,21.45375690607735,128,2011-10-27 16:58:00
15289.0,29,5,1593.09,1627,16.42360824742268,67,2011-11-10 13:49:00
15290.0,5,26,10496.28,6567,35.946164383561644,106,2011-12-05 11:39:00
15291.0,26,40,13846.56,5017,56.28682926829268,116,2011-11-14 11:02:00
15292.0,201,1,180.94,56,7.2376,24,2011-05-22 15:00:00
15293.0,666,1,247.5,178,13.026315789473685,19,2010-02-12 11:54:00
15294.0,411,1,233.35,97,15.556666666666667,15,2010-10-25 11:45:00
15295.0,654,1,217.23999999999998,151,4.098867924528301,50,2010-02-23 13:03:00
15296.0,51,12,10342.83,5464,19.332392523364486,342,2011-10-20 11:47:00
15297.0,10,3,641.94,292,16.46,30,2011-11-29 16:32:00
15298.0,2,23,9459.37,6286,21.401289592760183,199,2011-12-07 17:17:00
15299.0,67,10,7991.54,5453,614.7338461538461,9,2011-10-03 14:19:00
15300.0,64,1,496.44,292,17.73,28,2011-10-06 17:08:00
15301.0,51,17,7603.4400000000005,4290,20.00905263157895,231,2011-10-20 09:57:00
15302.0,730,1,308.0,102,20.533333333333335,15,2009-12-09 13:11:00
15303.0,290,3,1224.18,514,17.741739130434784,63,2011-02-22 13:59:00
15304.0,61,9,919.5500000000001,133,31.708620689655174,8,2011-10-10 10:23:00
15305.0,555,1,93.6,40,18.72,5,2010-06-02 13:50:00
15306.0,64,9,3484.73,3074,21.51067901234568,123,2011-10-06 12:56:00
15307.0,96,1,205.3,37,17.108333333333334,12,2011-09-05 11:38:00
15308.0,274,1,310.47,175,16.340526315789475,19,2011-03-10 13:08:00
15309.0,611,4,797.96,440,14.777037037037038,49,2010-04-08 11:11:00
15310.0,479,1,1634.64,1476,36.32533333333333,45,2010-08-18 11:38:00
15311.0,1,208,116771.16,71010,26.335399188092016,864,2011-12-09 12:00:00
15312.0,75,12,2930.19,1693,17.976625766871166,118,2011-09-25 13:10:00
15313.0,110,1,52.0,25,52.0,1,2011-08-21 16:02:00
15314.0,199,3,820.4499999999999,750,16.409,49,2011-05-24 14:39:00
15315.0,64,2,570.5,862,15.41891891891892,35,2011-10-06 12:51:00
15316.0,327,1,165.0,100,165.0,1,2011-01-17 11:34:00
15317.0,677,1,129.75,45,25.95,5,2010-01-31 15:55:00
15318.0,4,1,312.62,642,9.473333333333333,33,2011-12-06 11:30:00
15319.0,284,1,204.5,175,12.78125,16,2011-03-01 12:48:00
15320.0,44,1,267.13,326,7.420277777777778,36,2011-10-26 13:27:00
15321.0,71,12,6709.7300000000005,3653,21.714336569579288,242,2011-09-30 09:40:00
15322.0,86,2,1390.86,971,16.75734939759036,76,2011-09-15 09:34:00
15323.0,563,3,434.6,188,14.986206896551725,29,2010-05-26 10:01:00
15324.0,701,1,140.22000000000003,74,17.527500000000003,8,2010-01-07 14:37:00
15325.0,104,8,1602.01,1383,7.120044444444445,164,2011-08-28 11:55:00
15326.0,334,5,1700.52,1351,13.182325581395348,94,2011-01-10 11:38:00
15327.0,53,1,208.75,116,20.875,10,2011-10-18 11:55:00
15328.0,408,1,107.24,88,13.405,8,2010-10-28 09:05:00
15329.0,39,11,2984.33,1219,19.25374193548387,98,2011-10-31 15:36:00
15330.0,32,2,714.96,1312,54.99692307692308,10,2011-11-07 17:50:00
15331.0,500,3,767.91,701,17.4525,41,2010-07-28 09:42:00
15332.0,366,6,6553.74,2958,34.675873015873016,113,2010-12-08 14:43:00
15333.0,208,1,1028.56,344,64.285,16,2011-05-15 13:27:00
15334.0,157,3,351.67,274,3.5522222222222224,67,2011-07-06 11:22:00
15335.0,54,1,173.97,80,4.8325,34,2011-10-17 12:50:00
15336.0,402,1,240.5,84,16.033333333333335,15,2010-11-03 12:39:00
15337.0,411,1,373.02,200,17.762857142857143,21,2010-10-24 15:29:00
15338.0,677,1,283.43,150,4.723833333333333,56,2010-01-31 14:25:00
15339.0,66,7,1827.84,1143,8.16,162,2011-10-04 12:51:00
15340.0,562,1,105.5,76,15.071428571428571,7,2010-05-27 10:27:00
15341.0,81,2,2402.7200000000003,1008,100.11333333333334,22,2011-09-20 09:40:00
15342.0,130,1,406.09,283,16.920416666666664,24,2011-08-02 10:19:00
15343.0,87,1,364.5,84,17.357142857142858,21,2011-09-13 13:55:00
15344.0,1,3,563.94,116,21.69,21,2011-12-09 10:45:00
15345.0,46,1,393.54,81,19.677,20,2011-10-25 11:28:00
15346.0,333,3,596.12,260,16.111351351351352,36,2011-01-11 11:18:00
15347.0,366,4,1363.6,672,33.25853658536585,29,2010-12-08 15:25:00
15348.0,72,1,158.04,84,17.56,9,2011-09-28 13:17:00
15349.0,158,2,473.81,327,6.580694444444444,65,2011-07-04 16:06:00
15350.0,373,2,663.25,323,18.95,26,2010-12-01 13:33:00
15351.0,12,10,3738.29,1491,10.049166666666666,201,2011-11-27 12:52:00
15352.0,549,1,114.95,43,3.1067567567567567,34,2010-06-09 11:28:00
15353.0,255,7,3175.95,1551,8.206589147286822,274,2011-03-30 12:15:00
15354.0,603,3,284.4,3,94.8,1,2010-04-15 16:24:00
15355.0,29,2,277.05,45,19.789285714285715,9,2011-11-10 13:44:00
15356.0,31,13,3464.95,2015,4.589337748344371,290,2011-11-08 13:11:00
15358.0,5,42,17050.41,15378,15.088858407079647,359,2011-12-05 09:04:00
15359.0,663,8,181.35,145,11.334375,10,2010-02-15 10:47:00
15360.0,40,1,427.93,223,32.917692307692306,13,2011-10-31 09:35:00
15361.0,362,4,689.07,373,68.90700000000001,10,2010-12-13 09:52:00
15362.0,449,2,613.08,368,15.327000000000002,38,2010-09-17 10:37:00
15363.0,373,2,1004.11,527,19.68843137254902,32,2010-12-02 12:28:00
15364.0,96,2,913.19,493,31.489310344827587,29,2011-09-05 09:46:00
15365.0,26,13,4557.13,2131,20.904266055045873,126,2011-11-14 08:29:00
15366.0,75,7,2389.08,2447,17.312173913043477,86,2011-09-25 15:01:00
15367.0,57,11,5081.33,2944,18.212652329749105,214,2011-10-13 14:13:00
15368.0,21,2,722.74,406,90.3425,8,2011-11-18 14:42:00
15369.0,492,11,6251.26,3288,105.9535593220339,44,2010-08-04 13:54:00
15370.0,41,8,3739.01,1397,25.965347222222224,90,2011-10-30 10:58:00
15371.0,662,1,59.400000000000006,12,59.400000000000006,1,2010-02-15 13:14:00
15372.0,137,8,6017.06,6410,105.56245614035089,45,2011-07-25 16:39:00
15373.0,8,17,3421.39,769,17.0218407960199,107,2011-12-01 15:05:00
15374.0,129,2,307.32,290,30.732,8,2011-08-03 09:59:00
15375.0,690,1,60.959999999999994,84,10.159999999999998,6,2010-01-18 15:38:00
15376.0,40,3,1233.3600000000001,619,10.541538461538462,100,2011-10-30 15:04:00
15377.0,383,4,1211.75,253,57.70238095238095,15,2010-11-22 08:55:00
15378.0,463,2,246.5,130,20.541666666666668,8,2010-09-03 11:30:00
15379.0,169,8,4877.84,3000,18.546920152091257,177,2011-06-23 13:13:00
15380.0,9,11,3479.0600000000004,1032,65.64264150943397,27,2011-12-01 12:13:00
15381.0,214,5,1890.5700000000002,802,78.77375,20,2011-05-10 11:55:00
15382.0,15,12,13733.550000000001,9178,21.730300632911394,315,2011-11-25 10:58:00
15384.0,170,4,2027.79,1767,17.184661016949153,83,2011-06-23 10:57:00
15385.0,40,3,942.08,428,44.860952380952384,18,2011-10-30 15:11:00
15386.0,186,1,394.14,446,12.714193548387096,31,2011-06-06 13:47:00
15387.0,492,1,468.65,335,23.432499999999997,20,2010-08-04 16:05:00
15388.0,270,1,140.54,88,14.053999999999998,10,2011-03-14 13:53:00
15389.0,172,5,2733.8,3940,455.6333333333334,2,2011-06-20 16:18:00
15390.0,396,2,1216.66,894,15.800779220779221,77,2010-11-08 15:19:00
15391.0,584,1,289.87,109,24.155833333333334,12,2010-05-04 15:04:00
15392.0,5,7,2911.62,2144,20.219583333333333,100,2011-12-05 11:01:00
15393.0,16,5,891.34,378,20.257727272727273,37,2011-11-23 16:48:00
15394.0,10,11,5286.8,2372,23.28986784140969,129,2011-11-30 11:49:00
15395.0,326,1,107.45,17,15.35,7,2011-01-18 12:40:00
15396.0,113,2,796.38,278,49.77375,16,2011-08-19 10:56:00
15397.0,290,1,94.0,20,15.666666666666666,6,2011-02-23 09:25:00
15398.0,16,2,1345.53,769,18.43191780821918,60,2011-11-23 16:47:00
15399.0,1,3,815.77,611,16.3154,45,2011-12-08 13:04:00
15400.0,92,8,1302.3,662,48.233333333333334,16,2011-09-08 13:57:00
15401.0,452,2,216.95000000000002,93,15.496428571428572,14,2010-09-13 13:42:00
15402.0,149,6,1830.54,2034,13.973587786259541,79,2011-07-14 12:17:00
15403.0,492,2,170.88,492,21.36,6,2010-08-05 12:21:00
15404.0,376,1,257.06,334,16.06625,16,2010-11-29 11:03:00
15405.0,189,2,659.84,348,21.994666666666667,29,2011-06-03 14:44:00
15406.0,31,4,975.87,547,7.998934426229508,108,2011-11-08 13:22:00
15407.0,34,4,1056.44,558,6.90483660130719,142,2011-11-06 11:55:00
15408.0,264,1,267.18,106,7.858235294117647,34,2011-03-20 15:02:00
15409.0,721,1,131.25,59,14.583333333333334,9,2009-12-18 15:35:00
15410.0,84,10,4685.72,1902,28.9241975308642,80,2011-09-16 14:47:00
15411.0,26,4,1358.88,530,13.726060606060607,86,2011-11-13 15:19:00
15412.0,171,1,190.53,108,19.053,10,2011-06-21 15:24:00
15413.0,692,5,6798.72,2694,271.9488,20,2010-01-17 11:33:00
15414.0,10,3,774.9000000000001,443,19.86923076923077,37,2011-11-30 09:50:00
15415.0,313,1,572.8100000000001,575,11.933541666666668,46,2011-01-30 14:13:00
15416.0,65,7,4572.82,2420,20.056228070175436,189,2011-10-06 09:38:00
15417.0,85,1,508.8,284,18.17142857142857,28,2011-09-15 15:26:00
15418.0,425,2,452.32,266,6.555362318840579,64,2010-10-10 13:38:00
15419.0,25,1,135.86,230,16.9825,8,2011-11-15 09:23:00
15420.0,434,6,743.0,844,13.267857142857142,52,2010-10-01 15:46:00
15421.0,59,10,3805.34,1927,12.042215189873419,170,2011-10-12 09:20:00
15422.0,323,7,1619.97,710,13.49975,80,2011-01-20 16:17:00
15423.0,38,3,266.89,198,19.06357142857143,13,2011-11-01 14:01:00
15424.0,254,3,597.78,873,18.114545454545453,33,2011-03-30 13:02:00
15425.0,400,4,1944.57,1042,13.503958333333333,114,2010-11-04 18:13:00
15426.0,19,9,2615.39,1220,4.897734082397004,327,2011-11-20 15:36:00
15427.0,33,3,1483.14,1013,4.84686274509804,233,2011-11-06 14:29:00
15428.0,15,4,762.75,347,17.335227272727273,39,2011-11-24 16:54:00
15429.0,27,2,397.35,380,4.845731707317073,77,2011-11-13 12:28:00
15430.0,468,2,954.75,309,26.520833333333332,36,2010-08-29 10:42:00
15431.0,503,1,153.24,84,76.62,2,2010-07-25 12:44:00
15432.0,23,2,320.76,92,20.0475,16,2011-11-16 16:30:00
15433.0,214,2,533.3,534,13.00731707317073,40,2011-05-10 10:45:00
15434.0,8,11,2567.06,1423,19.157164179104477,82,2011-12-01 13:33:00
15435.0,22,1,149.29,54,5.147931034482759,29,2011-11-17 16:39:00
15436.0,12,3,1122.53,613,3.4119452887537993,243,2011-11-27 16:05:00
15437.0,262,2,393.45,177,6.902631578947368,56,2011-03-22 13:11:00
15438.0,131,1,156.57999999999998,59,6.263199999999999,25,2011-07-31 14:19:00
15439.0,405,4,1269.05,572,22.264035087719297,49,2010-10-31 10:38:00
15440.0,55,3,383.68,197,6.188387096774194,50,2011-10-16 12:16:00
15441.0,396,3,1254.21,587,22.003684210526316,45,2010-11-08 15:50:00
15442.0,249,1,594.0,120,297.0,2,2011-04-05 12:24:00
15443.0,2,14,5175.93,2735,8.012275541795667,408,2011-12-08 10:40:00
15444.0,9,2,1418.26,764,6.476073059360731,191,2011-11-30 17:37:00
15445.0,264,2,284.5,118,20.321428571428573,12,2011-03-20 15:06:00
15446.0,377,3,406.95,267,3.569736842105263,90,2010-11-28 11:59:00
15447.0,331,5,492.88,228,16.99586206896552,27,2011-01-13 11:26:00
15448.0,313,2,788.81,487,16.09816326530612,49,2011-01-31 10:42:00
15449.0,26,3,974.52,812,16.242,47,2011-11-13 15:02:00
15450.0,30,1,429.84,376,14.328,30,2011-11-09 17:11:00
15451.0,434,2,233.21,79,3.701746031746032,56,2010-10-01 13:40:00
15452.0,30,6,1799.1100000000001,1091,8.906485148514852,158,2011-11-10 12:13:00
15453.0,2,7,1388.37,845,4.854440559440559,169,2011-12-08 10:59:00
15454.0,362,2,307.69,148,7.504634146341464,35,2010-12-12 14:21:00
15455.0,598,1,38.25,3,19.125,2,2010-04-21 12:43:00
15456.0,283,10,2119.27,2826,9.214217391304349,128,2011-03-01 13:51:00
15457.0,262,1,237.07,132,4.087413793103448,56,2011-03-22 15:31:00
15458.0,25,2,370.43999999999994,300,28.495384615384612,13,2011-11-14 13:08:00
15459.0,417,2,202.82999999999998,121,28.975714285714282,6,2010-10-18 15:25:00
15460.0,354,1,216.76,109,3.7372413793103445,53,2010-12-20 16:08:00
15461.0,461,2,429.7,230,214.85,1,2010-09-05 12:31:00
15462.0,94,4,737.05,495,17.976829268292683,32,2011-09-06 13:11:00
15463.0,29,1,126.14,106,18.02,7,2011-11-10 12:57:00
15464.0,338,1,1048.85,350,6.680573248407643,155,2011-01-05 15:56:00
15465.0,20,32,12655.65,2769,48.12034220532319,94,2011-11-20 10:11:00
15466.0,85,4,1571.01,944,5.928339622641509,211,2011-09-15 14:08:00
15467.0,9,3,524.88,310,10.093846153846155,41,2011-11-30 14:17:00
15468.0,51,3,1430.48,1400,17.881,80,2011-10-19 13:49:00
15469.0,50,3,874.25,287,20.33139534883721,38,2011-10-20 16:21:00
15470.0,576,1,63.419999999999995,232,15.854999999999999,4,2010-05-13 09:35:00
15471.0,2,3,1316.56,683,8.126913580246914,122,2011-12-07 14:12:00
15472.0,113,1,371.56,251,4.888947368421053,76,2011-08-18 15:17:00
15473.0,14,8,2046.0,776,146.14285714285714,5,2011-11-25 15:15:00
15474.0,596,1,163.1,56,8.155,19,2010-04-23 11:14:00
15475.0,77,1,454.10999999999996,319,15.658965517241377,29,2011-09-23 15:20:00
15476.0,380,4,2209.98,1174,27.974430379746835,67,2010-11-24 15:17:00
15477.0,650,1,368.4,216,184.2,2,2010-02-28 10:37:00
15478.0,40,3,2024.98,904,28.520845070422535,53,2011-10-30 14:19:00
15479.0,733,1,147.4,38,16.37777777777778,9,2009-12-06 15:08:00
15480.0,116,5,6279.0,1852,29.204651162790697,199,2011-08-15 14:32:00
15481.0,401,1,1993.34,1450,52.456315789473685,38,2010-11-03 14:52:00
15482.0,16,19,14592.56,6532,97.93664429530202,74,2011-11-24 10:46:00
15483.0,161,10,862.2,944,2.9731034482758623,216,2011-07-01 13:07:00
15484.0,1,6,4656.0,4076,19.319502074688796,180,2011-12-08 15:03:00
15485.0,30,7,5771.51,2594,35.847888198757765,80,2011-11-09 14:31:00
15486.0,527,1,102.0,40,102.0,1,2010-06-30 13:15:00
15487.0,680,1,231.32,144,16.52285714285714,14,2010-01-29 12:07:00
15488.0,93,5,431.92,251,39.265454545454546,10,2011-09-08 10:11:00
15489.0,23,8,2419.61,1264,21.22464912280702,75,2011-11-17 08:53:00
15490.0,430,1,217.6,85,7.771428571428571,22,2010-10-05 13:11:00
15491.0,95,6,3100.09,1646,20.130454545454548,108,2011-09-05 15:56:00
15492.0,28,2,659.4599999999999,483,18.841714285714282,32,2011-11-11 14:53:00
15493.0,33,9,4314.9800000000005,1260,6.63843076923077,289,2011-11-07 12:04:00
15494.0,21,5,3780.05,3097,9.973746701846967,307,2011-11-18 14:51:00
15495.0,379,1,246.5,194,12.325,20,2010-11-25 13:46:00
15496.0,631,1,146.14000000000001,98,6.6427272727272735,22,2010-03-18 13:16:00
15497.0,18,9,8657.39,2937,71.54867768595041,66,2011-11-22 11:51:00
15498.0,3,44,26039.58,12622,26.817281153450054,597,2011-12-07 12:48:00
15499.0,724,1,161.6,60,3.8476190476190473,40,2009-12-16 12:17:00
15500.0,8,4,1131.56,572,16.640588235294118,64,2011-12-01 13:47:00
15501.0,405,2,402.5,206,5.75,64,2010-10-31 11:15:00
15502.0,16,14,13993.47,5861,38.76307479224376,231,2011-11-24 12:48:00
15503.0,363,2,267.15,136,2.171951219512195,112,2010-12-12 10:57:00
15504.0,81,4,423.85,148,6.142753623188407,42,2011-09-19 13:45:00
15505.0,53,5,3610.96,2390,37.22639175257732,90,2011-10-18 07:56:00
15506.0,23,6,2040.03,1647,7.338237410071942,180,2011-11-17 12:11:00
15507.0,172,1,492.36,162,10.703478260869565,41,2011-06-21 11:19:00
15508.0,189,6,1000.27,440,10.8725,78,2011-06-03 15:43:00
15509.0,380,1,166.51,72,5.741724137931034,26,2010-11-24 14:48:00
15510.0,331,1,250.0,2,250.0,1,2011-01-13 12:10:00
15511.0,12,5,909.23,271,5.6826875,117,2011-11-28 09:43:00
15512.0,156,4,331.58,235,10.361875,29,2011-07-07 10:20:00
15513.0,33,35,27750.55,10831,49.378202846975086,278,2011-11-06 14:36:00
15514.0,12,18,6598.55,4246,19.4075,171,2011-11-27 14:40:00
15515.0,387,1,171.81,131,24.544285714285714,7,2010-11-17 13:39:00
15516.0,45,3,62.43,27,4.162,15,2011-10-26 10:51:00
15517.0,233,1,267.03,293,9.889999999999999,27,2011-04-20 14:02:00
15518.0,64,15,4218.94,2823,9.272395604395603,250,2011-10-06 13:05:00
15519.0,383,2,344.61,116,9.313783783783784,34,2010-11-21 14:35:00
15520.0,2,1,343.5,314,19.083333333333332,18,2011-12-08 10:58:00
15521.0,40,16,7106.69,4516,17.54738271604938,186,2011-10-30 13:42:00
15522.0,33,2,398.84,573,6.99719298245614,47,2011-11-07 11:26:00
15523.0,84,16,17359.99,15873,81.12144859813085,65,2011-09-16 16:29:00
15524.0,25,2,591.4,28,65.71111111111111,9,2011-11-15 12:09:00
15525.0,2,4,1295.7,680,5.0027027027027025,152,2011-12-07 14:43:00
15526.0,33,2,148.44,24,37.11,4,2011-11-06 15:04:00
15527.0,19,23,5575.64,2222,16.844833836858008,226,2011-11-21 12:17:00
15528.0,254,1,229.33,123,8.820384615384615,26,2011-03-30 16:14:00
15529.0,23,12,5111.95,4488,6.311049382716049,451,2011-11-17 11:29:00
15530.0,22,5,1813.72,1340,12.683356643356644,111,2011-11-18 12:25:00
15531.0,8,2,2007.44,1105,8.804561403508773,196,2011-12-01 18:43:00
15532.0,25,10,3771.9,1349,6.015789473684211,417,2011-11-14 14:51:00
15533.0,19,3,807.57,289,9.729759036144578,73,2011-11-20 15:35:00
15534.0,726,1,162.25,63,20.28125,8,2009-12-14 12:48:00
15535.0,173,6,1087.82,323,8.118059701492538,88,2011-06-19 16:02:00
15536.0,409,1,259.09,242,16.193125,16,2010-10-26 16:31:00
15537.0,163,1,110.92,29,4.621666666666667,24,2011-06-29 13:10:00
15538.0,538,6,3358.3999999999996,1016,239.88571428571427,3,2010-06-20 10:49:00
15539.0,7,1,538.46,410,13.133170731707319,41,2011-12-02 13:36:00
15540.0,11,2,460.68,444,14.860645161290323,31,2011-11-28 13:51:00
15541.0,114,1,85.13000000000001,49,2.9355172413793107,29,2011-08-17 14:58:00
15542.0,512,3,918.45,469,3.6446428571428573,212,2010-07-15 13:32:00
15543.0,288,2,242.84,169,4.186896551724138,50,2011-02-24 15:26:00
15544.0,9,20,8162.43,7019,14.65427289048474,175,2011-11-30 16:43:00
15545.0,54,2,428.05,238,3.821875,78,2011-10-16 13:24:00
15546.0,607,2,1079.1000000000001,198,89.92500000000001,6,2010-04-12 11:51:00
15547.0,7,26,10154.39,7362,7.477459499263623,652,2011-12-02 12:52:00
15548.0,596,1,158.09,64,6.8734782608695655,23,2010-04-23 12:20:00
15549.0,77,8,2345.96,940,14.481234567901234,139,2011-09-23 16:22:00
15550.0,4,12,2218.8,1144,9.245000000000001,166,2011-12-05 15:38:00
15551.0,37,7,1710.08,814,11.325033112582782,117,2011-11-03 12:37:00
15552.0,217,2,252.52,166,8.417333333333334,29,2011-05-06 14:47:00
15553.0,60,1,437.23,451,7.807678571428572,51,2011-10-10 14:02:00
15554.0,278,1,217.2,74,15.514285714285714,14,2011-03-07 09:00:00
15555.0,12,36,12112.35,9037,7.2054431885782275,667,2011-11-27 16:19:00
15556.0,24,1,279.77,236,9.024838709677418,31,2011-11-15 16:08:00
15557.0,29,1,473.65000000000003,219,23.6825,16,2011-11-11 12:46:00
15558.0,639,1,214.13,86,8.565199999999999,23,2010-03-10 15:25:00
15559.0,568,1,1109.4,526,17.893548387096775,62,2010-05-20 14:06:00
15560.0,398,2,153.52,72,15.352,10,2010-11-07 10:15:00
15561.0,12,8,1934.3899999999999,1334,21.025978260869564,65,2011-11-28 11:07:00
15562.0,352,3,673.3800000000001,561,19.805294117647062,32,2010-12-23 09:55:00
15563.0,22,7,2867.0,3019,11.069498069498069,179,2011-11-17 14:50:00
15564.0,463,2,70.74000000000001,42,17.685000000000002,4,2010-09-02 15:52:00
15565.0,50,2,173.16,60,21.645,8,2011-10-20 14:33:00
15566.0,393,2,227.87,153,18.989166666666666,9,2010-11-12 12:11:00
15567.0,19,1,186.01,223,26.572857142857142,7,2011-11-21 10:48:00
15568.0,3,3,758.29,461,14.307358490566036,27,2011-12-07 11:27:00
15569.0,104,10,3586.35,1736,25.255985915492957,123,2011-08-28 10:15:00
15570.0,7,25,9311.04,4279,11.84610687022901,442,2011-12-02 14:47:00
15571.0,12,14,4051.63,2506,6.380519685039371,442,2011-11-28 10:02:00
15572.0,5,10,4068.67,2148,11.428848314606741,259,2011-12-05 10:09:00
15573.0,32,5,1207.18,780,5.487181818181819,181,2011-11-08 11:38:00
15574.0,178,6,1518.7,949,4.071581769436998,191,2011-06-15 12:01:00
15575.0,620,1,30.1,6,10.033333333333333,3,2010-03-30 12:50:00
15576.0,38,1,940.6700000000001,404,20.90377777777778,43,2011-11-02 12:03:00
15577.0,151,5,397.98,121,6.633,58,2011-07-11 17:03:00
15578.0,162,1,127.1,52,9.776923076923076,13,2011-06-30 13:03:00
15579.0,69,5,1302.5,723,7.616959064327485,140,2011-10-02 12:45:00
15580.0,377,8,1381.19,959,6.031397379912664,150,2010-11-28 11:00:00
15581.0,121,38,7794.59,3146,10.871115760111577,542,2011-08-11 09:38:00
15582.0,25,3,682.9100000000001,453,15.52068181818182,39,2011-11-15 09:55:00
15583.0,376,1,107.86,63,2.344782608695652,37,2010-11-28 15:04:00
15584.0,24,6,1277.5,487,5.703125,174,2011-11-16 10:55:00
15585.0,177,1,455.3,320,14.687096774193549,31,2011-06-16 08:38:00
15586.0,593,3,1139.1,1338,29.97631578947368,30,2010-04-26 11:00:00
15587.0,50,7,1522.0800000000002,528,108.72000000000001,3,2011-10-20 13:37:00
15588.0,678,1,579.6,96,144.9,4,2010-01-31 12:19:00
15589.0,256,3,478.53000000000003,243,16.501034482758623,28,2011-03-29 09:54:00
15590.0,382,5,1496.6,832,17.20229885057471,75,2010-11-22 14:49:00
15591.0,583,3,217.9,58,31.12857142857143,6,2010-05-06 09:23:00
15592.0,47,1,388.58,354,16.190833333333334,24,2011-10-24 08:59:00
15593.0,71,1,199.8,60,39.96,5,2011-09-30 11:46:00
15594.0,16,5,1771.78,983,17.201747572815535,85,2011-11-24 08:53:00
15595.0,488,1,357.6,144,89.4,4,2010-08-09 12:27:00
15596.0,101,9,3130.04,1376,17.784318181818183,82,2011-08-31 10:55:00
15597.0,35,2,563.37,393,15.226216216216216,35,2011-11-04 13:26:00
15598.0,53,2,548.02,404,15.222777777777777,32,2011-10-17 16:04:00
15599.0,27,3,1250.06,1098,15.060963855421686,77,2011-11-13 11:44:00
15600.0,428,4,1199.31,657,16.89169014084507,55,2010-10-07 14:30:00
15601.0,11,30,14960.12,11061,17.156100917431193,310,2011-11-28 15:15:00
15602.0,8,16,3230.51,2349,25.238359375,62,2011-12-01 14:14:00
15603.0,79,2,88.48,128,22.12,4,2011-09-22 10:04:00
15604.0,52,1,216.39,159,12.728823529411764,17,2011-10-18 14:47:00
15605.0,36,9,1936.8,712,17.44864864864865,80,2011-11-03 14:17:00
15606.0,61,17,5230.99,1615,36.07579310344828,84,2011-10-09 15:47:00
15607.0,337,9,1708.97,1470,15.67862385321101,95,2011-01-07 12:44:00
15608.0,28,5,1785.98,1262,17.009333333333334,93,2011-11-11 13:20:00
15609.0,184,1,298.48,148,18.655,16,2011-06-08 13:00:00
15610.0,52,1,112.46000000000001,66,18.743333333333336,6,2011-10-19 10:36:00
15611.0,10,26,2997.28,747,31.88595744680851,43,2011-11-30 12:36:00
15612.0,36,2,195.15,52,32.525,4,2011-11-03 14:52:00
15613.0,610,1,433.71999999999997,700,16.063703703703702,27,2010-04-08 12:51:00
15614.0,438,4,3147.36,1632,38.8562962962963,73,2010-09-28 10:46:00
15615.0,10,47,21373.97,12090,23.72249722530522,292,2011-11-29 14:42:00
15616.0,438,1,317.11,137,24.393076923076926,13,2010-09-27 13:10:00
15617.0,396,3,828.5500000000001,485,19.727380952380955,41,2010-11-08 16:07:00
15618.0,33,4,776.851,454,17.263355555555556,39,2011-11-07 08:34:00
15619.0,11,1,336.40000000000003,136,112.13333333333334,3,2011-11-29 08:14:00
15620.0,57,4,1942.36,1249,15.05705426356589,114,2011-10-14 12:41:00
15621.0,4,4,1293.03,501,80.814375,11,2011-12-05 14:01:00
15622.0,43,17,7852.61,4091,18.433356807511736,331,2011-10-27 16:44:00
15623.0,141,8,2437.05,1087,22.56527777777778,91,2011-07-21 17:26:00
15624.0,117,4,588.13,357,17.297941176470587,26,2011-08-15 11:38:00
15625.0,104,9,3236.4,3020,18.926315789473684,106,2011-08-28 10:21:00
15626.0,75,3,1067.52,1138,13.344,73,2011-09-26 10:03:00
15627.0,457,2,566.9,344,23.620833333333334,23,2010-09-08 14:14:00
15628.0,5,17,5652.26,3819,17.77440251572327,136,2011-12-05 10:24:00
15629.0,450,4,2240.9,1518,29.102597402597404,39,2010-09-15 13:46:00
15630.0,45,3,1481.4,987,18.517500000000002,76,2011-10-25 15:36:00
15631.0,642,1,596.67,525,15.299230769230768,39,2010-03-07 14:52:00
15632.0,16,8,3285.31,2109,19.67251497005988,107,2011-11-24 09:51:00
15633.0,509,13,4352.46,2058,24.590169491525423,77,2010-07-18 13:54:00
15634.0,17,2,554.65,227,16.313235294117646,34,2011-11-22 16:28:00
15635.0,396,1,100.35,5,50.175,2,2010-11-09 08:58:00
15636.0,90,4,1444.58,560,25.343508771929823,39,2011-09-11 11:17:00
15637.0,53,5,797.59,651,19.45341463414634,37,2011-10-18 08:28:00
15638.0,379,6,2265.2,1134,90.60799999999999,20,2010-11-26 11:52:00
15639.0,134,3,1065.08,849,15.435942028985506,61,2011-07-28 14:30:00
15640.0,4,29,23957.58,12390,31.31709803921569,303,2011-12-05 14:35:00
15641.0,105,12,5345.55,4422,17.188263665594857,249,2011-08-26 14:04:00
15642.0,730,1,105.78000000000002,270,17.630000000000003,6,2009-12-10 11:51:00
15643.0,192,3,664.0,246,20.12121212121212,31,2011-06-01 07:38:00
15644.0,166,4,813.0,557,3.4159663865546217,166,2011-06-26 14:54:00
15645.0,19,3,1055.17,396,15.517205882352942,59,2011-11-21 11:55:00
15646.0,158,5,974.61,1051,11.466,65,2011-07-05 09:53:00
15647.0,415,1,169.0,124,15.363636363636363,11,2010-10-20 15:09:00
15648.0,204,2,657.35,221,26.294,23,2011-05-19 15:53:00
15649.0,336,4,2170.35,485,180.86249999999998,8,2011-01-07 13:34:00
15650.0,522,2,553.88,210,15.385555555555555,33,2010-07-06 10:41:00
15651.0,37,5,1259.06,871,20.984333333333332,52,2011-11-03 08:41:00
15652.0,91,5,1420.34,659,13.657115384615384,93,2011-09-09 14:22:00
15653.0,93,2,877.4399999999999,1200,146.23999999999998,4,2011-09-08 10:49:00
15654.0,9,2,922.53,475,43.93,15,2011-11-30 13:08:00
15655.0,243,1,560.67,324,16.490294117647057,34,2011-04-10 15:25:00
15656.0,45,4,748.5,343,15.925531914893616,46,2011-10-25 14:56:00
15657.0,23,1,30.0,24,30.0,1,2011-11-17 12:19:00
15658.0,190,8,2423.4700000000003,691,20.891982758620692,79,2011-06-02 15:22:00
15659.0,44,3,532.49,161,25.356666666666666,14,2011-10-27 09:23:00
15660.0,25,15,2812.99,1893,17.47198757763975,73,2011-11-14 16:58:00
15661.0,317,8,1215.95,779,27.635227272727274,27,2011-01-26 13:56:00
15662.0,661,2,283.73,145,23.644166666666667,12,2010-02-16 16:47:00
15663.0,106,1,138.14,106,15.348888888888887,9,2011-08-25 15:50:00
15664.0,51,4,1254.03,530,17.914714285714286,54,2011-10-20 10:57:00
15665.0,168,5,4015.12,2794,13.941388888888888,163,2011-06-24 14:57:00
15666.0,472,2,632.9399999999999,469,9.44686567164179,62,2010-08-24 16:14:00
15667.0,40,1,301.32,240,23.178461538461537,13,2011-10-31 10:56:00
15668.0,218,1,76.32000000000001,72,76.32000000000001,1,2011-05-06 10:39:00
15669.0,40,4,684.34,342,20.737575757575758,31,2011-10-30 16:03:00
15670.0,297,2,325.2,132,17.11578947368421,19,2011-02-16 10:50:00
15671.0,19,7,2657.13,1699,34.065769230769234,52,2011-11-21 12:43:00
15672.0,725,1,45.300000000000004,10,15.100000000000001,3,2009-12-14 16:52:00
15673.0,88,9,6414.79,3361,22.351184668989546,177,2011-09-12 16:12:00
15674.0,73,13,6948.2300000000005,3648,19.795527065527068,262,2011-09-27 15:17:00
15675.0,81,4,542.04,624,15.486857142857142,32,2011-09-19 13:48:00
15676.0,19,3,3435.76,2252,17.00871287128713,191,2011-11-21 12:40:00
15677.0,49,3,1305.63,675,18.133750000000003,63,2011-10-21 15:36:00
15678.0,53,3,1893.89,1067,19.524639175257732,77,2011-10-18 09:25:00
15679.0,24,4,781.28,1170,7.102545454545455,98,2011-11-15 16:19:00
15680.0,9,10,4507.58,3074,16.94578947368421,155,2011-11-30 13:46:00
15681.0,25,14,2989.7,1392,33.97386363636363,48,2011-11-14 16:30:00
15682.0,599,2,318.24,222,12.7296,25,2010-04-19 15:30:00
15683.0,117,2,524.54,332,20.174615384615382,25,2011-08-14 12:56:00
15684.0,547,3,173.95,77,15.813636363636363,9,2010-06-10 18:51:00
15685.0,450,1,55.980000000000004,36,3.2929411764705883,17,2010-09-15 13:43:00
15686.0,420,1,90.0,72,90.0,1,2010-10-15 13:50:00
15687.0,9,9,2993.1,1310,18.030722891566263,119,2011-12-01 08:33:00
15688.0,419,1,190.57,95,7.058148148148148,26,2010-10-17 12:06:00
15689.0,120,3,521.03,207,21.70958333333333,20,2011-08-12 09:37:00
15690.0,4,2,239.76,408,12.618947368421052,19,2011-12-05 15:59:00
15691.0,252,4,571.3,212,40.80714285714286,12,2011-04-01 15:13:00
15692.0,28,1,191.04,138,15.92,12,2011-11-11 14:12:00
15693.0,659,1,37.5,30,37.5,1,2010-02-18 14:37:00
15694.0,1,24,10810.81,2658,69.74716129032258,55,2011-12-09 09:44:00
15695.0,267,4,1131.04,484,19.170169491525424,55,2011-03-18 08:32:00
15696.0,33,13,3906.57,1399,17.440044642857142,163,2011-11-06 14:02:00
15697.0,690,1,246.75,127,17.625,14,2010-01-19 09:10:00
15698.0,624,1,46.2,60,23.1,2,2010-03-25 17:38:00
15699.0,18,1,309.65,113,17.202777777777776,18,2011-11-22 08:26:00
15700.0,172,2,696.68,357,8.10093023255814,85,2011-06-20 16:53:00
15701.0,2,4,1542.14,923,6.506919831223629,193,2011-12-07 14:39:00
15702.0,476,2,140.39000000000001,103,4.679666666666667,30,2010-08-20 14:50:00
15703.0,265,1,211.5,66,42.3,5,2011-03-20 10:51:00
15704.0,140,6,3817.96,1723,18.44425120772947,129,2011-07-22 13:35:00
15705.0,201,1,143.1,62,23.849999999999998,6,2011-05-22 15:37:00
15706.0,64,4,1060.56,321,19.28290909090909,50,2011-10-07 10:09:00
15707.0,35,4,945.58,605,4.418598130841121,126,2011-11-04 14:35:00
15708.0,41,9,4378.72,1675,11.085367088607596,135,2011-10-30 10:54:00
15709.0,284,2,327.85,169,12.142592592592594,26,2011-03-01 10:38:00
15710.0,417,1,898.87,641,8.171545454545454,110,2010-10-18 17:05:00
15711.0,557,2,420.25,199,16.81,25,2010-06-01 12:14:00
15712.0,9,12,3472.4100000000003,1277,20.918132530120484,86,2011-11-30 14:09:00
15713.0,143,4,1010.79,510,16.57032786885246,48,2011-07-19 13:34:00
15714.0,12,5,784.8100000000001,362,16.0165306122449,45,2011-11-28 11:26:00
15715.0,556,5,658.02,246,17.316315789473684,33,2010-06-02 09:56:00
15716.0,146,11,3056.81,1821,9.376717791411043,188,2011-07-17 11:59:00
15717.0,234,5,607.0,224,25.291666666666668,17,2011-04-19 13:21:00
15718.0,540,1,293.79,95,16.32166666666667,18,2010-06-17 16:20:00
15719.0,33,31,10223.06,5368,5.74329213483146,449,2011-11-07 12:29:00
15720.0,24,2,741.92,329,4.7865806451612904,152,2011-11-15 14:48:00
15721.0,12,1,507.08,409,5.572307692307692,80,2011-11-28 12:14:00
15722.0,36,11,5258.1,2283,29.050276243093926,91,2011-11-04 11:43:00
15723.0,365,4,947.65,444,7.346124031007752,108,2010-12-10 11:12:00
15724.0,201,3,310.85,117,18.28529411764706,17,2011-05-22 14:40:00
15725.0,15,1,415.25,221,12.9765625,32,2011-11-24 14:51:00
15726.0,390,1,321.91,123,13.99608695652174,23,2010-11-14 16:12:00
15727.0,17,15,9445.51,5942,13.610244956772334,426,2011-11-23 12:36:00
15728.0,380,2,544.6,132,45.38333333333333,10,2010-11-25 10:39:00
15729.0,213,3,192.55,47,17.504545454545454,10,2011-05-11 12:36:00
15730.0,66,5,1726.58,1061,15.554774774774774,102,2011-10-05 12:31:00
15731.0,554,1,125.3,122,15.6625,8,2010-06-04 10:10:00
15732.0,212,10,1682.07,1361,16.17375,53,2011-05-11 14:24:00
15733.0,283,1,162.3,62,16.23,10,2011-03-02 09:05:00
15734.0,115,4,2263.3,516,52.63488372093024,36,2011-08-17 10:50:00
15735.0,421,1,327.68,206,17.246315789473684,19,2010-10-14 13:38:00
15736.0,435,2,1815.72,1268,17.62834951456311,95,2010-09-30 14:20:00
15737.0,15,8,1205.1200000000001,599,16.73777777777778,60,2011-11-25 11:21:00
15738.0,19,41,13372.970000000001,9285,26.961633064516132,70,2011-11-21 08:26:00
15739.0,66,1,449.12,472,56.14,8,2011-10-04 13:42:00
15740.0,49,1,154.88,152,17.20888888888889,9,2011-10-21 14:29:00
15741.0,458,2,208.62,70,17.385,11,2010-09-07 16:21:00
15742.0,619,1,156.87,51,3.82609756097561,41,2010-03-30 15:25:00
15743.0,16,4,784.46,216,8.914318181818182,59,2011-11-23 17:19:00
15744.0,78,1,34.8,120,11.6,3,2011-09-23 09:52:00
15745.0,19,4,1094.59,421,17.654677419354837,57,2011-11-20 13:45:00
15746.0,134,1,196.88,178,7.031428571428571,28,2011-07-28 15:21:00
15747.0,13,9,2562.61,1370,11.648227272727274,116,2011-11-27 12:26:00
15748.0,40,3,614.7600000000001,262,16.615135135135137,34,2011-10-30 12:51:00
15749.0,235,3,44534.3,18028,4453.43,5,2011-04-18 13:20:00
15750.0,3,18,6797.191,4593,10.457216923076922,389,2011-12-07 12:34:00
15751.0,461,11,1380.44,443,10.618769230769232,90,2010-09-05 12:44:00
15752.0,40,9,4207.54,2967,6.897606557377049,359,2011-10-31 11:37:00
15753.0,305,1,79.2,144,79.2,1,2011-02-08 12:41:00
15754.0,51,9,3037.61,1762,23.187862595419848,114,2011-10-19 14:40:00
15755.0,10,17,5993.12,4034,16.153962264150945,281,2011-11-29 14:57:00
15756.0,61,4,532.96,242,2.7758333333333334,160,2011-10-09 13:30:00
15757.0,66,6,2940.36,1757,15.235025906735752,162,2011-10-05 12:14:00
15758.0,25,1,205.25,47,22.805555555555557,9,2011-11-15 10:48:00
15759.0,218,7,830.9300000000001,523,48.87823529411765,10,2011-05-05 15:13:00
15760.0,631,2,13916.34,2,6958.17,1,2010-03-19 11:45:00
15761.0,443,1,143.05,31,28.610000000000003,5,2010-09-23 09:33:00
15762.0,65,2,583.75,251,15.777027027027026,37,2011-10-05 16:15:00
15763.0,32,2,1086.92,271,17.818360655737706,58,2011-11-08 09:44:00
15764.0,88,8,4503.08,2945,18.08465863453815,187,2011-09-12 17:58:00
15765.0,667,1,370.63,335,14.8252,25,2010-02-11 10:25:00
15766.0,64,3,831.06,334,31.963846153846152,21,2011-10-06 17:03:00
15768.0,116,34,15601.09,4259,12.601849757673667,437,2011-08-16 10:48:00
15769.0,7,46,88704.32,49104,396.0014285714286,26,2011-12-02 13:52:00
15770.0,613,1,321.45,67,17.858333333333334,18,2010-04-06 11:47:00
15771.0,604,3,1006.54,512,35.94785714285714,26,2010-04-14 13:56:00
15772.0,418,1,280.88,110,17.555,16,2010-10-17 13:33:00
15773.0,6,2,774.52,410,16.479148936170212,46,2011-12-04 12:48:00
15774.0,69,6,1329.94,473,11.769380530973452,88,2011-10-02 12:04:00
15775.0,245,2,150.5,260,16.72222222222222,9,2011-04-08 12:56:00
15776.0,133,1,241.62,138,13.423333333333334,18,2011-07-29 13:46:00
15777.0,241,7,1762.61,599,45.1951282051282,29,2011-04-12 16:43:00
15778.0,431,1,307.95,101,18.11470588235294,17,2010-10-04 15:10:00
15779.0,463,2,124.08000000000001,20,15.510000000000002,8,2010-09-02 16:40:00
15780.0,184,3,475.28000000000003,220,16.38896551724138,26,2011-06-09 12:01:00
15781.0,25,3,345.46,180,17.273,20,2011-11-14 14:57:00
15782.0,10,4,4014.1,1844,65.80491803278689,51,2011-11-30 10:49:00
15783.0,11,1,246.3,212,17.592857142857145,14,2011-11-29 09:50:00
15784.0,468,2,848.3299999999999,381,19.72860465116279,33,2010-08-29 10:38:00
15785.0,33,16,5969.93,4479,26.533022222222222,102,2011-11-07 11:33:00
15786.0,46,5,8514.82,5981,18.27214592274678,358,2011-10-24 14:13:00
15787.0,26,3,948.05,540,4.602184466019417,156,2011-11-13 14:55:00
15788.0,509,1,221.82999999999998,115,15.844999999999999,14,2010-07-19 12:48:00
15789.0,358,6,1962.01,2499,14.217463768115943,110,2010-12-16 14:35:00
15790.0,10,1,220.85,114,6.31,34,2011-11-29 14:53:00
15791.0,44,5,3608.34,1970,21.60682634730539,121,2011-10-27 10:14:00
15792.0,400,2,933.84,606,16.383157894736843,57,2010-11-05 08:21:00
15793.0,15,8,2399.57,1685,79.98566666666667,12,2011-11-25 09:31:00
15794.0,736,2,777.0,288,51.8,15,2009-12-03 13:04:00
15795.0,150,8,1979.8700000000001,1411,15.11351145038168,111,2011-07-13 10:43:00
15796.0,1,17,5175.83,1735,17.545186440677966,138,2011-12-08 19:55:00
15797.0,113,6,2821.08,1281,235.09,12,2011-08-18 17:04:00
15798.0,493,3,1535.37,915,18.49843373493976,73,2010-08-04 09:13:00
15799.0,76,4,1424.29,1342,9.188967741935484,143,2011-09-25 12:46:00
15800.0,107,7,1242.58,588,5.092540983606557,198,2011-08-24 14:23:00
15801.0,46,3,1063.95,570,16.62421875,61,2011-10-24 13:52:00
15802.0,143,1,451.42,1,451.42,1,2011-07-20 11:38:00
15803.0,51,4,1929.66,1030,37.836470588235294,48,2011-10-19 14:56:00
15804.0,1,13,4206.39,2565,16.05492366412214,170,2011-12-09 12:31:00
15805.0,23,30,10189.23,6225,19.18875706214689,337,2011-11-16 16:32:00
15806.0,46,3,784.58,602,25.309032258064516,24,2011-10-24 14:35:00
15807.0,50,5,1817.52,1532,20.653636363636362,85,2011-10-20 14:10:00
15808.0,306,21,18409.93,7229,21.456794871794873,348,2011-02-06 14:33:00
15809.0,36,7,1274.44,700,21.973103448275864,51,2011-11-03 16:40:00
15810.0,79,8,2999.04,1653,18.066506024096384,89,2011-09-22 09:38:00
15811.0,22,7,3890.52,1922,12.550064516129032,205,2011-11-17 15:31:00
15812.0,107,12,5201.47,3450,41.611760000000004,87,2011-08-24 14:19:00
15813.0,208,2,1303.9099999999999,603,32.59775,40,2011-05-16 08:13:00
15814.0,17,6,2634.44,1728,26.88204081632653,83,2011-11-23 08:17:00
15815.0,64,5,2100.6,1856,42.86938775510204,33,2011-10-07 12:42:00
15816.0,542,2,144.14999999999998,54,13.104545454545452,11,2010-06-15 13:36:00
15817.0,421,3,2766.4,1596,18.2,133,2010-10-15 11:07:00
15818.0,588,1,340.5,284,30.954545454545453,11,2010-04-30 12:58:00
15819.0,49,10,3934.79,2928,15.133807692307693,182,2011-10-21 14:50:00
15820.0,320,1,206.98,128,12.175294117647057,17,2011-01-24 12:00:00
15821.0,44,2,570.96,202,9.209032258064516,57,2011-10-26 15:48:00
15822.0,3,6,1840.06,950,28.308615384615383,46,2011-12-06 14:50:00
15823.0,372,3,3897.17,1775,24.981858974358975,155,2010-12-02 15:08:00
15824.0,453,2,890.94,478,34.26692307692308,24,2010-09-12 13:20:00
15825.0,172,1,532.94,220,26.647000000000002,20,2011-06-20 13:27:00
15826.0,56,4,2598.28,1824,21.834285714285716,100,2011-10-14 16:05:00
15827.0,73,28,3794.07,1824,16.424545454545456,124,2011-09-27 15:35:00
15828.0,375,1,1108.82,367,14.984054054054052,74,2010-11-29 16:41:00
15829.0,99,2,636.14,996,12.473333333333333,44,2011-09-01 16:45:00
15830.0,38,1,576.0,415,14.76923076923077,39,2011-11-02 10:40:00
15831.0,58,3,801.76,1105,11.790588235294118,63,2011-10-12 13:14:00
15832.0,254,1,836.79,465,15.49611111111111,54,2011-03-30 15:29:00
15833.0,738,1,80.4,24,16.080000000000002,5,2009-12-02 11:59:00
15834.0,70,7,3772.9900000000002,1819,9.981455026455027,333,2011-09-30 14:41:00
15835.0,44,4,954.09,439,19.0818,47,2011-10-26 15:47:00
15836.0,50,1,137.37,26,13.737,10,2011-10-20 17:13:00
15837.0,65,2,777.01,405,14.942499999999999,52,2011-10-06 09:01:00
15838.0,11,34,74163.0,64664,354.8468899521531,61,2011-11-28 14:00:00
15839.0,33,3,1048.49,675,16.911129032258064,56,2011-11-06 13:54:00
15840.0,59,2,355.56,396,13.168888888888889,26,2011-10-12 09:08:00
15841.0,73,9,2742.41,2391,29.808804347826086,60,2011-09-28 12:15:00
15842.0,393,2,548.8,296,21.951999999999998,24,2010-11-11 14:08:00
15843.0,304,1,118.95000000000002,27,14.868750000000002,8,2011-02-09 10:19:00
15844.0,46,1,130.73999999999998,134,11.885454545454543,11,2011-10-24 15:19:00
15845.0,18,11,4426.28,2128,25.4383908045977,129,2011-11-22 09:42:00
15846.0,385,1,107.01,79,3.6900000000000004,27,2010-11-19 14:40:00
15847.0,38,5,822.57,643,17.136875,39,2011-11-01 14:41:00
15848.0,622,1,139.94,46,3.998285714285714,34,2010-03-28 10:54:00
15850.0,19,6,1058.72,1379,3.169820359281437,269,2011-11-20 14:14:00
15851.0,527,1,109.73,67,13.71625,8,2010-07-01 12:34:00
15852.0,187,3,257.26,60,7.795757575757576,31,2011-06-06 11:22:00
15853.0,52,1,110.8,135,3.6933333333333334,29,2011-10-19 10:38:00
15854.0,4,21,5583.81,1704,21.642674418604653,168,2011-12-05 13:39:00
15855.0,137,6,1052.72,712,11.081263157894737,72,2011-07-26 10:20:00
15856.0,4,52,34220.340000000004,20432,29.474883720930237,384,2011-12-05 17:09:00
15857.0,19,2,570.48,584,23.77,21,2011-11-21 12:18:00
15858.0,16,13,3960.37,2919,8.199523809523809,273,2011-11-24 12:48:00
15859.0,432,1,438.46,174,19.93,22,2010-10-03 12:52:00
15860.0,41,17,2505.21,1342,6.8076358695652175,249,2011-10-30 11:25:00
15861.0,12,12,4401.79,3860,5.516027568922306,452,2011-11-27 15:59:00
15862.0,8,13,2928.29,1680,5.040086058519793,417,2011-12-01 13:28:00
15863.0,26,5,358.7,164,4.540506329113924,74,2011-11-14 12:49:00
15864.0,22,7,2180.76,1486,94.81565217391305,18,2011-11-17 13:32:00
15865.0,41,5,2248.92,1147,17.708031496062993,119,2011-10-30 12:43:00
15866.0,101,1,230.53,126,5.122888888888889,43,2011-08-30 14:09:00
15867.0,5,31,9063.95,5139,8.55897072710104,547,2011-12-04 13:32:00
15868.0,583,1,94.53,57,23.6325,4,2010-05-05 14:11:00
15869.0,277,3,323.65999999999997,274,9.247428571428571,29,2011-03-07 17:23:00
15870.0,33,4,862.61,508,5.868095238095238,127,2011-11-07 10:58:00
15871.0,437,1,33.099999999999994,5,6.619999999999999,5,2010-09-28 14:16:00
15872.0,15,4,795.68,506,3.700837209302325,164,2011-11-25 11:55:00
15873.0,500,4,313.91999999999996,1152,52.31999999999999,3,2010-07-28 12:41:00
15874.0,64,21,11284.76,5102,32.99637426900585,262,2011-10-07 12:31:00
15875.0,646,1,111.72,76,4.4688,18,2010-03-03 16:51:00
15876.0,409,2,1449.1399999999999,886,131.73999999999998,11,2010-10-26 18:58:00
15877.0,2,2,493.28,371,3.823875968992248,122,2011-12-08 11:53:00
15878.0,562,2,330.77,243,6.485686274509804,47,2010-05-27 12:17:00
15879.0,404,4,1157.3,643,6.324043715846995,171,2010-10-31 16:21:00
15880.0,369,1,686.5600000000001,422,3.2693333333333334,95,2010-12-05 13:00:00
15881.0,312,5,501.39000000000004,260,17.289310344827587,26,2011-01-31 16:59:00
15882.0,199,8,1495.98,814,19.9464,49,2011-05-25 11:35:00
15883.0,2,2,396.48,223,8.091428571428573,42,2011-12-07 17:05:00
15884.0,432,2,249.70000000000002,158,16.64666666666667,14,2010-10-03 15:55:00
15885.0,93,15,1951.82,622,16.972347826086956,83,2011-09-08 10:43:00
15886.0,60,4,1052.8700000000001,667,16.98177419354839,58,2011-10-10 14:25:00
15887.0,407,3,1027.15,605,27.760810810810813,27,2010-10-29 08:36:00
15888.0,81,3,429.16,139,11.004102564102565,33,2011-09-20 12:30:00
15889.0,157,8,1806.28,989,4.527017543859649,256,2011-07-06 11:10:00
15890.0,395,5,535.65,119,53.565,10,2010-11-10 12:46:00
15891.0,227,1,524.52,442,8.459999999999999,60,2011-04-27 12:35:00
15892.0,669,1,128.2,46,3.3736842105263154,38,2010-02-08 16:23:00
15893.0,482,1,305.28000000000003,288,305.28000000000003,1,2010-08-15 11:12:00
15894.0,253,2,420.29,283,5.320126582278482,35,2011-03-31 13:50:00
15895.0,150,1,179.17,94,16.288181818181815,11,2011-07-13 10:27:00
15897.0,194,2,222.05,261,9.252083333333333,17,2011-05-29 13:50:00
15898.0,1,25,5596.31,2418,8.029139167862267,281,2011-12-08 15:23:00
15899.0,369,1,112.5,78,14.0625,4,2010-12-06 10:36:00
15900.0,24,4,900.4,661,6.926153846153846,100,2011-11-16 12:19:00
15901.0,17,7,703.22,702,4.112397660818714,145,2011-11-23 12:43:00
15902.0,380,1,145.01,124,8.056111111111111,18,2010-11-24 16:57:00
15903.0,10,12,8939.84,3926,77.06758620689655,58,2011-11-30 08:08:00
15904.0,8,1,164.68,84,5.489333333333334,30,2011-12-01 14:50:00
15905.0,543,1,114.69,82,5.213181818181818,22,2010-06-14 16:00:00
15906.0,20,10,2555.64,751,12.58935960591133,143,2011-11-20 12:24:00
15907.0,4,3,967.45,509,3.8853413654618474,175,2011-12-06 12:21:00
15908.0,491,2,764.57,174,18.648048780487805,37,2010-08-06 11:56:00
15909.0,174,1,191.94,98,27.419999999999998,7,2011-06-19 10:38:00
15910.0,1,15,2681.8,2171,4.2703821656050955,394,2011-12-09 10:51:00
15911.0,624,8,1702.34,811,6.572741312741313,162,2010-03-26 12:06:00
15912.0,178,9,1074.7,759,11.31263157894737,83,2011-06-14 14:29:00
15913.0,534,1,6.300000000000001,3,6.300000000000001,1,2010-06-23 16:31:00
15914.0,378,2,205.99,149,15.845384615384615,13,2010-11-26 16:10:00
15915.0,402,1,429.21,451,2.939794520547945,105,2010-11-03 11:13:00
15916.0,16,13,3427.17,1703,10.480642201834863,227,2011-11-23 13:46:00
15917.0,248,5,560.63,263,3.616967741935484,127,2011-04-06 10:40:00
15918.0,191,3,582.88,240,9.555409836065573,49,2011-06-02 11:42:00
15919.0,20,2,910.61,787,4.742760416666667,103,2011-11-20 11:28:00
15920.0,154,9,571.64,240,5.292962962962963,93,2011-07-08 15:31:00
15921.0,173,4,802.11,342,9.663975903614459,69,2011-06-20 11:03:00
15922.0,373,1,739.0,276,33.59090909090909,11,2010-12-01 13:51:00
15923.0,373,1,254.16,244,6.051428571428572,21,2010-12-02 12:16:00
15924.0,731,1,102.82,103,6.854666666666666,14,2009-12-08 15:00:00
15925.0,194,1,207.15,93,17.2625,12,2011-05-29 15:35:00
15926.0,542,1,134.44,155,19.205714285714286,7,2010-06-15 15:23:00
15927.0,647,1,123.39,69,7.258235294117647,13,2010-03-02 13:25:00
15928.0,656,1,293.53,164,26.684545454545454,11,2010-02-21 15:16:00
15929.0,644,1,594.0,120,594.0,1,2010-03-05 14:56:00
15930.0,67,1,426.63,139,20.315714285714286,21,2011-10-03 14:52:00
15931.0,428,1,239.9,118,17.135714285714286,14,2010-10-07 16:46:00
15932.0,4,8,2495.87,2325,21.703217391304346,93,2011-12-05 17:13:00
15933.0,21,3,1107.46,885,14.965675675675676,63,2011-11-18 13:14:00
15934.0,418,2,2190.66,2166,75.53999999999999,29,2010-10-18 10:13:00
15935.0,239,2,416.86,115,34.73833333333334,12,2011-04-14 13:27:00
15936.0,379,2,282.79,211,14.883684210526317,16,2010-11-25 16:39:00
15937.0,64,1,145.35,73,20.764285714285712,7,2011-10-06 15:48:00
15938.0,112,9,734.81,449,18.84128205128205,27,2011-08-19 12:56:00
15939.0,90,16,9060.39,6260,56.27571428571428,52,2011-09-11 11:30:00
15940.0,311,1,35.8,4,35.8,1,2011-02-01 16:18:00
15941.0,637,1,405.0,60,67.5,6,2010-03-12 14:45:00
15942.0,134,1,337.44,232,24.102857142857143,14,2011-07-29 09:01:00
15943.0,650,2,271.28999999999996,183,22.607499999999998,12,2010-02-28 12:49:00
15944.0,277,4,2164.24,859,56.95368421052631,25,2011-03-08 10:33:00
15945.0,365,4,827.27,397,27.575666666666667,24,2010-12-09 13:14:00
15946.0,503,3,2304.18,1614,88.62230769230769,25,2010-07-25 12:18:00
15947.0,83,1,1708.24,898,58.9048275862069,29,2011-09-18 10:46:00
15948.0,8,3,1509.0900000000001,852,15.885157894736844,63,2011-12-01 15:32:00
15949.0,17,2,364.72,284,19.19578947368421,12,2011-11-23 09:09:00
15950.0,32,10,7180.71,3384,18.179012658227848,225,2011-11-08 11:09:00
15951.0,9,3,1013.17,420,17.17237288135593,44,2011-12-01 08:34:00
15952.0,34,4,806.57,399,8.863406593406594,65,2011-11-06 11:18:00
15953.0,15,18,3669.5499999999997,1852,19.728763440860213,102,2011-11-24 15:32:00
15954.0,589,1,190.75,119,9.5375,20,2010-04-29 13:35:00
15955.0,24,22,8658.36,4213,23.918121546961327,222,2011-11-15 14:15:00
15956.0,551,2,617.6,278,34.31111111111111,18,2010-06-06 13:06:00
15957.0,32,3,930.1,458,6.159602649006622,121,2011-11-08 12:14:00
15958.0,74,4,492.99,164,6.662027027027027,50,2011-09-26 13:41:00
15959.0,682,3,579.49,282,7.4293589743589745,58,2010-01-26 16:38:00
15960.0,374,4,410.95,258,15.805769230769231,24,2010-11-30 15:57:00
15961.0,379,1,451.28999999999996,154,10.745,42,2010-11-25 15:59:00
15962.0,449,1,295.83,235,5.10051724137931,43,2010-09-16 13:48:00
15963.0,20,2,470.76,298,16.812857142857144,26,2011-11-20 11:33:00
15964.0,663,1,272.96000000000004,94,12.99809523809524,20,2010-02-14 15:30:00
15965.0,17,13,3013.09,1433,8.187744565217391,202,2011-11-22 16:44:00
15966.0,451,1,426.53000000000003,275,15.797407407407409,27,2010-09-15 10:44:00
15967.0,23,12,3041.6,1204,6.107630522088353,316,2011-11-16 15:41:00
15968.0,388,1,418.05,253,4.918235294117647,70,2010-11-16 13:04:00
15969.0,3,5,1127.05,223,32.20142857142857,31,2011-12-07 11:06:00
15970.0,304,2,1017.32,498,42.388333333333335,19,2011-02-09 12:08:00
15971.0,18,18,5902.83,2251,140.54357142857143,12,2011-11-22 12:50:00
15972.0,456,5,1810.27,480,12.484620689655172,104,2010-09-09 13:20:00
15973.0,367,3,988.44,301,65.896,8,2010-12-08 11:42:00
15974.0,39,7,3442.15,2262,19.557670454545455,141,2011-10-31 13:13:00
15975.0,84,1,371.01,243,15.45875,24,2011-09-16 13:33:00
15976.0,165,6,1746.6399999999999,1078,4.388542713567839,265,2011-06-27 13:00:00
15977.0,17,2,1054.73,1016,16.226615384615386,48,2011-11-22 13:29:00
15978.0,77,3,3279.42,2444,25.42186046511628,107,2011-09-23 15:21:00
15979.0,603,1,329.22,450,14.964545454545457,22,2010-04-16 11:35:00
15980.0,89,7,6593.68,4862,56.35623931623932,101,2011-09-12 09:41:00
15981.0,25,21,9362.77,4827,32.509618055555556,151,2011-11-15 08:00:00
15982.0,605,1,324.51,131,7.211333333333333,45,2010-04-13 15:47:00
15983.0,22,8,3958.8199999999997,2450,12.527911392405063,137,2011-11-17 17:34:00
15984.0,3,30,8759.32,6084,11.725997322623828,458,2011-12-07 12:16:00
15985.0,123,7,2715.28,2750,26.10846153846154,50,2011-08-08 16:31:00
15986.0,30,2,354.42,368,14.1768,25,2011-11-09 15:17:00
15987.0,12,8,1682.13,1715,8.582295918367347,143,2011-11-27 15:38:00
15988.0,19,3,770.09,486,5.969689922480621,114,2011-11-20 13:23:00
15989.0,376,2,372.51,171,4.233068181818182,81,2010-11-29 12:03:00
15990.0,44,7,2010.05,1090,11.166944444444445,117,2011-10-26 15:58:00
15991.0,534,1,150.55,41,25.09166666666667,6,2010-06-23 15:50:00
15992.0,4,3,896.6,514,16.603703703703705,53,2011-12-06 11:00:00
15993.0,9,7,2797.57,2051,5.068061594202899,335,2011-12-01 10:45:00
15994.0,55,3,1202.18,469,10.545438596491229,93,2011-10-16 12:28:00
15995.0,414,1,696.19,353,6.271981981981982,108,2010-10-21 13:57:00
15996.0,88,7,1686.9,747,7.957075471698114,140,2011-09-12 15:14:00
15998.0,37,16,8308.34,5372,5.785752089136491,682,2011-11-03 12:45:00
15999.0,736,1,20.4,24,20.4,1,2009-12-04 12:31:00
16000.0,3,3,12393.7,5110,1377.0777777777778,9,2011-12-07 12:17:00
16001.0,381,1,583.39,337,20.11689655172414,29,2010-11-23 17:10:00
16002.0,625,1,169.21,70,4.028809523809524,42,2010-03-24 13:08:00
16003.0,30,10,5613.83,2210,27.65433497536946,146,2011-11-10 09:57:00
16004.0,475,5,2146.39,1076,23.848777777777777,63,2010-08-22 11:48:00
16005.0,12,10,2436.22,1310,4.7397276264591435,315,2011-11-27 13:47:00
16006.0,211,2,347.17,211,4.233780487804879,75,2011-05-12 13:12:00
16007.0,48,7,3075.14,2643,4.617327327327327,337,2011-10-23 11:05:00
16008.0,24,15,5384.13,3273,21.19736220472441,63,2011-11-16 10:32:00
16009.0,22,4,992.71,378,11.030111111111111,68,2011-11-17 16:51:00
16010.0,246,11,1724.06,931,5.766086956521739,122,2011-04-08 10:14:00
16011.0,8,29,5880.46,3471,12.924087912087913,181,2011-12-01 16:31:00
16012.0,35,5,2989.79,1766,12.405767634854772,207,2011-11-04 13:25:00
16013.0,4,84,57446.44,25952,261.12018181818183,54,2011-12-06 10:36:00
16014.0,38,5,1130.27,478,3.884089347079038,219,2011-11-02 12:04:00
16015.0,4,3,705.39,909,3.875769230769231,146,2011-12-06 10:58:00
16016.0,3,11,2533.94,1059,6.633350785340315,181,2011-12-06 14:35:00
16017.0,47,5,1553.83,640,11.861297709923663,99,2011-10-23 12:56:00
16018.0,39,4,698.13,503,12.466607142857143,48,2011-10-31 14:13:00
16019.0,47,27,17465.85,6976,43.12555555555555,256,2011-10-24 11:51:00
16020.0,17,3,851.01,487,18.500217391304346,42,2011-11-23 11:18:00
16021.0,395,2,532.25,297,3.670689655172414,117,2010-11-09 14:48:00
16022.0,260,1,628.28,261,8.266842105263157,68,2011-03-24 13:16:00
16023.0,46,3,719.81,358,7.126831683168317,90,2011-10-24 16:34:00
16024.0,12,3,484.2,505,5.630232558139535,78,2011-11-27 13:26:00
16025.0,30,1,439.65999999999997,338,15.702142857142857,28,2011-11-10 11:45:00
16026.0,43,1,236.09,243,7.3778125,30,2011-10-27 13:53:00
16027.0,92,15,2048.36,2099,58.524571428571434,20,2011-09-09 10:47:00
16028.0,596,1,82.2,18,16.44,5,2010-04-23 11:45:00
16029.0,39,107,122209.14,56486,319.08391644908613,57,2011-11-01 10:27:00
16030.0,310,1,331.24,283,11.422068965517242,28,2011-02-03 11:28:00
16031.0,92,2,548.94,423,5.489400000000001,91,2011-09-08 13:07:00
16032.0,456,6,1970.45,1480,9.294575471698113,130,2010-09-09 18:00:00
16033.0,6,27,10836.13,4288,7.729051355206847,605,2011-12-04 12:44:00
16034.0,196,6,928.72,597,16.293333333333333,43,2011-05-27 16:17:00
16035.0,560,1,217.73,33,10.368095238095238,21,2010-05-28 15:09:00
16036.0,87,4,2556.84,1369,18.263142857142856,120,2011-09-13 14:53:00
16037.0,270,5,1509.34,766,21.258309859154927,62,2011-03-15 09:13:00
16038.0,8,3,471.78000000000003,244,18.145384615384618,24,2011-12-02 12:40:00
16039.0,424,2,456.4,409,14.2625,27,2010-10-12 10:44:00
16040.0,65,7,2416.9,1185,19.3352,95,2011-10-05 13:47:00
16041.0,31,3,3166.4,1584,527.7333333333333,6,2011-11-09 12:25:00
16042.0,22,8,2265.12,1442,17.424,88,2011-11-17 17:50:00
16043.0,38,8,1856.5900000000001,1011,25.4327397260274,56,2011-11-02 12:50:00
16044.0,435,1,340.84000000000003,170,17.938947368421054,19,2010-09-30 18:12:00
16045.0,120,8,3434.9300000000003,2108,23.208986486486488,111,2011-08-12 12:41:00
16046.0,562,1,235.78,248,10.717272727272727,22,2010-05-26 13:18:00
16047.0,682,1,107.14,1,107.14,1,2010-01-26 16:34:00
16048.0,373,4,1075.23,569,24.437045454545455,30,2010-12-01 15:28:00
16049.0,40,6,1899.68,1165,3.7917764471057884,383,2011-10-30 13:19:00
16050.0,174,3,300.7,388,14.319047619047618,19,2011-06-19 11:44:00
16051.0,682,1,188.44,80,15.703333333333333,12,2010-01-27 09:38:00
16052.0,54,1,362.06,282,10.648823529411764,34,2011-10-16 15:13:00
16053.0,33,6,3634.84,3067,18.736288659793814,169,2011-11-07 11:21:00
16054.0,145,4,2111.88,791,17.31049180327869,109,2011-07-17 13:08:00
16055.0,221,1,134.8,22,16.85,8,2011-05-03 09:26:00
16056.0,45,1,664.85,347,9.777205882352941,66,2011-10-25 15:19:00
16057.0,16,10,3854.85,1691,17.682798165137616,175,2011-11-23 15:23:00
16058.0,406,1,62.7,18,31.35,2,2010-10-29 16:48:00
16059.0,66,12,3217.77,1509,7.6250473933649285,233,2011-10-05 09:56:00
16060.0,401,3,541.95,243,22.58125,22,2010-11-04 12:10:00
16061.0,431,1,89.65,19,29.883333333333336,3,2010-10-04 15:29:00
16062.0,10,8,2863.45,2035,15.478108108108108,134,2011-11-30 12:15:00
16063.0,260,1,335.32,262,14.57913043478261,23,2011-03-24 14:56:00
16064.0,725,1,111.0,56,6.166666666666667,17,2009-12-14 16:11:00
16065.0,365,8,2382.62,1447,5.502586605080831,214,2010-12-09 13:03:00
16066.0,17,5,1521.87,936,14.920294117647058,77,2011-11-23 11:54:00
16067.0,563,3,3395.29,1279,46.510821917808215,60,2010-05-26 12:33:00
16068.0,594,1,122.93,52,3.152051282051282,34,2010-04-25 11:52:00
16069.0,418,1,457.7,138,18.308,25,2010-10-18 10:32:00
16070.0,22,2,852.15,457,25.82272727272727,32,2011-11-17 15:50:00
16071.0,45,4,1076.8,697,14.750684931506848,62,2011-10-26 11:14:00
16072.0,288,4,4328.89,1611,7.785773381294964,414,2011-02-24 14:32:00
16073.0,297,1,122.39999999999999,48,122.39999999999999,1,2011-02-15 15:41:00
16074.0,390,1,265.25,39,10.201923076923077,23,2010-11-14 13:19:00
16075.0,503,2,736.9300000000001,271,17.973902439024393,41,2010-07-25 11:31:00
16076.0,3,10,2234.73,1435,17.323488372093024,71,2011-12-06 14:59:00
16077.0,626,1,2300.4,840,287.55,8,2010-03-24 10:42:00
16078.0,284,2,362.99,200,9.307435897435898,39,2011-03-01 09:47:00
16079.0,17,3,1352.0,864,64.38095238095238,18,2011-11-23 12:48:00
16080.0,82,4,602.5600000000001,298,20.085333333333335,29,2011-09-19 10:42:00
16081.0,56,8,4460.18,2244,11.178395989974938,235,2011-10-14 13:06:00
16082.0,670,1,106.75,39,6.671875,16,2010-02-07 15:16:00
16083.0,101,4,2351.42,1514,33.11859154929578,61,2011-08-31 10:47:00
16084.0,299,1,436.18,216,11.47842105263158,38,2011-02-13 16:05:00
16085.0,23,12,2343.53,1384,6.23279255319149,259,2011-11-16 13:24:00
16086.0,59,10,2864.9900000000002,1526,20.91233576642336,66,2011-10-11 13:09:00
16087.0,389,5,1739.92,664,173.99200000000002,6,2010-11-15 16:44:00
16088.0,576,2,1437.43,373,239.5716666666667,3,2010-05-13 10:16:00
16089.0,386,2,271.44,122,5.4288,42,2010-11-18 13:51:00
16090.0,624,1,205.91,65,10.2955,18,2010-03-25 13:05:00
16091.0,155,2,315.06,154,17.503333333333334,16,2011-07-08 08:45:00
16092.0,115,6,1587.94,1188,17.64377777777778,60,2011-08-17 10:46:00
16093.0,107,1,17.0,20,17.0,1,2011-08-25 11:09:00
16094.0,12,11,3695.56,2020,18.854897959183674,101,2011-11-28 12:45:00
16095.0,456,1,447.05,265,14.901666666666667,30,2010-09-09 16:54:00
16096.0,264,4,1584.97,700,24.01469696969697,58,2011-03-20 13:38:00
16097.0,240,1,185.04999999999998,87,18.505,10,2011-04-13 13:47:00
16098.0,88,14,4448.1,2150,27.288957055214727,83,2011-09-13 09:59:00
16099.0,50,7,1573.2,960,22.8,44,2011-10-20 13:13:00
16100.0,463,1,582.64,438,15.747027027027027,37,2010-09-03 11:39:00
16101.0,71,4,3229.16,1844,16.818541666666665,153,2011-09-30 10:18:00
16102.0,42,3,1842.14,942,32.31824561403509,41,2011-10-28 13:19:00
16103.0,7,22,6191.71,2639,30.95855,111,2011-12-02 14:16:00
16104.0,62,9,2778.61,1048,11.925364806866954,187,2011-10-09 10:23:00
16105.0,249,5,2386.19,2125,21.692636363636364,92,2011-04-05 10:13:00
16106.0,66,1,108.38,74,18.063333333333333,6,2011-10-05 10:37:00
16107.0,18,7,3204.1600000000003,1176,103.36000000000001,16,2011-11-22 09:40:00
16108.0,85,4,2235.92,1473,16.56237037037037,124,2011-09-16 11:48:00
16109.0,219,3,939.48,1092,30.305806451612902,30,2011-05-05 09:17:00
16110.0,45,4,1819.27,902,4.051826280623608,343,2011-10-25 14:35:00
16111.0,428,1,562.48,236,7.499733333333333,72,2010-10-07 19:51:00
16112.0,143,4,195.73999999999998,574,12.233749999999999,15,2011-07-19 14:28:00
16113.0,183,1,161.38,176,5.379333333333333,30,2011-06-09 16:16:00
16114.0,171,1,135.75000000000003,43,16.968750000000004,8,2011-06-22 10:13:00
16115.0,10,12,2575.14,1601,6.016682242990654,230,2011-11-30 11:32:00
16116.0,212,1,612.78,248,18.02294117647059,34,2011-05-12 12:01:00
16117.0,190,3,654.4,321,7.352808988764044,64,2011-06-03 11:42:00
16118.0,653,1,4376.25,2851,106.73780487804878,41,2010-02-25 09:40:00
16119.0,8,8,1720.81,811,31.86685185185185,37,2011-12-01 15:11:00
16120.0,59,6,3056.91,2205,32.178,84,2011-10-11 14:22:00
16121.0,57,5,1477.09,897,4.114456824512534,256,2011-10-13 12:59:00
16122.0,73,6,1001.34,1398,15.6459375,28,2011-09-27 15:34:00
16123.0,52,1,307.78,170,19.23625,16,2011-10-19 09:18:00
16124.0,317,4,1772.49,797,21.615731707317074,63,2011-01-26 14:45:00
16125.0,367,14,4587.65,1944,15.241362126245846,168,2010-12-07 15:48:00
16126.0,29,15,14646.800000000001,6142,38.24229765013055,144,2011-11-10 16:03:00
16127.0,39,2,801.31,391,10.684133333333333,75,2011-10-31 13:58:00
16128.0,18,11,3801.05,2445,20.88489010989011,155,2011-11-22 11:14:00
16129.0,407,3,1396.05,1261,14.542187499999999,91,2010-10-28 14:29:00
16130.0,422,4,987.48,296,17.95418181818182,53,2010-10-13 15:14:00
16131.0,52,12,9957.42,4768,45.46767123287671,131,2011-10-19 11:53:00
16132.0,544,2,664.1999999999999,280,39.07058823529411,14,2010-06-13 13:49:00
16133.0,4,56,22992.260000000002,13653,42.26518382352941,303,2011-12-06 11:24:00
16134.0,22,5,2145.34,1637,18.49431034482759,85,2011-11-18 10:05:00
16135.0,263,2,819.45,395,21.011538461538464,35,2011-03-22 12:30:00
16136.0,60,4,946.8,674,20.582608695652173,44,2011-10-11 09:10:00
16137.0,680,1,422.7,210,15.096428571428572,28,2010-01-28 15:04:00
16138.0,379,3,910.35,774,24.604054054054053,35,2010-11-26 12:13:00
16139.0,19,5,1111.15,602,19.493859649122808,47,2011-11-21 08:37:00
16140.0,66,3,1557.6000000000001,1376,21.938028169014085,50,2011-10-05 12:15:00
16141.0,88,2,955.94,410,19.1188,47,2011-09-12 13:11:00
16142.0,250,1,535.34,422,14.46864864864865,37,2011-04-04 10:16:00
16143.0,3,12,4910.83,2011,20.547405857740586,107,2011-12-06 14:13:00
16144.0,247,1,175.2,16,175.2,1,2011-04-07 10:09:00
16145.0,9,19,6805.4400000000005,5270,17.185454545454547,217,2011-12-01 10:33:00
16146.0,157,4,946.38,544,23.082439024390244,34,2011-07-05 14:20:00
16147.0,134,5,2398.91,1395,17.639044117647057,113,2011-07-29 09:57:00
16148.0,296,2,386.62,250,42.95777777777778,9,2011-02-16 14:01:00
16149.0,5,3,422.22,598,14.074000000000002,30,2011-12-05 11:29:00
16150.0,43,10,4395.59,2164,18.46886554621849,143,2011-10-28 12:39:00
16152.0,269,1,1829.04,642,63.070344827586204,29,2011-03-16 09:47:00
16153.0,50,11,5133.49,3693,22.714557522123894,161,2011-10-21 10:50:00
16155.0,382,5,796.9,495,16.602083333333333,45,2010-11-23 12:03:00
16156.0,9,20,6218.18,3240,23.643269961977186,199,2011-12-01 12:42:00
16157.0,16,3,656.69,347,36.482777777777784,12,2011-11-24 11:41:00
16158.0,522,9,628.32,182,17.952,29,2010-07-05 13:55:00
16159.0,282,4,1232.79,635,23.7075,31,2011-03-03 12:27:00
16160.0,65,2,1025.44,1162,51.272000000000006,20,2011-10-05 14:19:00
16161.0,2,43,12831.8,6380,11.081001727115716,458,2011-12-08 12:10:00
16162.0,252,1,37.4,4,18.7,2,2011-04-01 15:03:00
16163.0,232,6,2849.58,768,39.03534246575342,59,2011-04-21 15:15:00
16164.0,17,3,822.48,433,24.19058823529412,27,2011-11-22 15:04:00
16165.0,505,1,79.9,2,79.9,1,2010-07-22 14:17:00
16166.0,428,2,435.83,173,19.810454545454544,18,2010-10-07 15:44:00
16167.0,414,5,1386.1200000000001,1494,22.001904761904765,51,2010-10-21 15:33:00
16168.0,11,66,10636.47,5099,34.422233009708734,131,2011-11-29 12:45:00
16169.0,8,4,1822.97,1325,21.44670588235294,71,2011-12-01 15:28:00
16170.0,51,20,6869.0,6056,15.611363636363636,254,2011-10-20 08:21:00
16171.0,59,1,73.2,24,24.400000000000002,3,2011-10-11 14:51:00
16172.0,95,8,1884.55,1419,16.677433628318585,81,2011-09-05 13:22:00
16173.0,16,6,1418.32,575,16.884761904761906,70,2011-11-24 10:53:00
16174.0,126,7,2246.75,1431,34.565384615384616,28,2011-08-05 13:26:00
16175.0,94,7,1836.44,932,18.739183673469388,59,2011-09-06 14:32:00
16176.0,421,4,2052.69,952,28.509583333333335,53,2010-10-14 13:54:00
16177.0,50,8,2247.31,1021,19.044999999999998,79,2011-10-20 12:57:00
16178.0,138,2,612.6,304,24.504,24,2011-07-24 16:05:00
16179.0,61,1,215.83,99,19.62090909090909,11,2011-10-10 09:41:00
16180.0,100,13,16249.87,9813,49.693792048929666,171,2011-08-31 16:28:00
16181.0,73,1,305.54,152,27.776363636363637,11,2011-09-27 13:38:00
16182.0,72,9,9971.65,5887,195.52254901960782,20,2011-09-28 13:23:00
16183.0,67,4,1077.81,351,26.288048780487802,32,2011-10-03 14:59:00
16184.0,64,6,1158.79,561,25.750888888888888,26,2011-10-06 17:43:00
16185.0,17,3,644.72,321,16.118000000000002,39,2011-11-23 09:41:00
16186.0,23,26,9026.11,6825,17.192590476190478,172,2011-11-17 12:43:00
16187.0,32,15,6911.4400000000005,5048,23.428610169491527,160,2011-11-08 09:50:00
16188.0,45,5,1087.66,838,14.698108108108109,72,2011-10-26 12:19:00
16189.0,16,2,215.48,134,19.58909090909091,9,2011-11-24 11:47:00
16190.0,40,8,2723.55,1231,22.886974789915968,89,2011-10-30 15:59:00
16191.0,3,24,15688.02,9360,67.33055793991417,113,2011-12-07 11:26:00
16192.0,736,1,351.3,208,31.936363636363637,11,2009-12-04 12:28:00
16193.0,237,2,630.43,379,16.590263157894736,38,2011-04-17 11:45:00
16194.0,375,1,308.59999999999997,140,38.574999999999996,8,2010-11-29 13:28:00
16195.0,723,1,323.25,123,20.203125,16,2009-12-16 14:09:00
16196.0,489,1,93.3,26,23.325,4,2010-08-08 11:40:00
16197.0,469,9,2016.71,1420,21.68505376344086,52,2010-08-27 12:56:00
16198.0,75,2,1030.0410000000002,384,31.213363636363642,31,2011-09-25 14:58:00
16199.0,392,7,942.75,321,94.275,2,2010-11-12 12:55:00
16200.0,4,12,5643.45,3089,9.000717703349283,361,2011-12-05 14:40:00
16201.0,3,5,2112.12,1421,17.03322580645161,86,2011-12-06 16:02:00
16202.0,361,9,2501.9900000000002,1307,20.17733870967742,105,2010-12-14 10:43:00
16203.0,59,6,1114.54,607,14.474545454545455,56,2011-10-12 12:31:00
16204.0,23,3,944.24,686,8.584,86,2011-11-16 13:40:00
16205.0,31,7,1830.61,1455,9.15305,147,2011-11-09 09:32:00
16206.0,55,13,2602.32,1384,10.665245901639345,187,2011-10-16 10:41:00
16207.0,25,1,394.38,140,20.756842105263157,19,2011-11-14 13:51:00
16208.0,45,10,3440.45,1541,13.598616600790512,180,2011-10-26 11:36:00
16209.0,89,9,4146.78,1895,61.892238805970145,51,2011-09-12 11:58:00
16210.0,2,35,38489.51,14263,136.97334519572954,145,2011-12-08 12:36:00
16211.0,89,3,1090.59,519,30.294166666666666,35,2011-09-12 12:11:00
16212.0,19,4,1293.71,571,16.586025641025643,71,2011-11-20 13:00:00
16213.0,79,1,159.0,48,26.5,6,2011-09-22 10:03:00
16214.0,171,4,2038.25,1308,20.7984693877551,84,2011-06-22 11:30:00
16215.0,81,1,242.35,104,17.310714285714287,14,2011-09-20 10:18:00
16216.0,267,1,914.9300000000001,254,24.72783783783784,37,2011-03-17 15:34:00
16217.0,235,2,304.25,91,20.283333333333335,13,2011-04-18 13:31:00
16218.0,30,13,4439.97,3237,27.07298780487805,82,2011-11-10 09:59:00
16219.0,501,1,40.8,48,40.8,1,2010-07-27 11:44:00
16221.0,37,9,2235.5099999999998,1515,8.532480916030533,177,2011-11-03 11:43:00
16222.0,318,2,1345.22,503,8.407625,133,2011-01-25 13:38:00
16223.0,375,2,1102.3500000000001,651,8.748809523809525,101,2010-11-30 11:50:00
16224.0,57,5,1616.54,1555,13.935689655172414,107,2011-10-13 17:51:00
16225.0,45,15,2867.4100000000003,1285,9.494735099337749,189,2011-10-26 08:30:00
16226.0,203,5,672.1700000000001,521,21.682903225806452,23,2011-05-20 14:41:00
16227.0,225,3,1027.22,436,30.212352941176473,28,2011-04-28 13:33:00
16228.0,385,3,890.8100000000001,561,16.196545454545454,45,2010-11-19 14:20:00
16229.0,87,6,2867.86,1292,16.294659090909093,144,2011-09-13 17:16:00
16230.0,190,2,542.03,365,15.486571428571429,32,2011-06-03 10:06:00
16231.0,379,4,1078.22,564,10.675445544554456,69,2010-11-25 15:00:00
16232.0,44,7,2712.97,1849,25.837809523809522,60,2011-10-27 12:16:00
16233.0,71,9,1965.71,689,26.209466666666668,49,2011-09-29 17:27:00
16234.0,476,3,333.18,170,22.212,13,2010-08-20 14:33:00
16235.0,41,9,2053.71,788,17.858347826086955,80,2011-10-30 10:56:00
16236.0,78,1,432.2,184,21.61,20,2011-09-22 14:10:00
16237.0,437,1,136.65,57,19.521428571428572,7,2010-09-28 17:02:00
16238.0,423,1,63.66,85,10.61,6,2010-10-13 12:36:00
16239.0,57,6,1492.2,692,42.63428571428572,24,2011-10-14 08:29:00
16240.0,24,2,3718.8,1641,27.546666666666667,126,2011-11-15 14:30:00
16241.0,10,16,4329.31,2377,4.355442655935614,500,2011-11-30 11:08:00
16242.0,8,14,7474.4,3955,10.959530791788856,348,2011-12-01 15:12:00
16243.0,34,2,409.1,110,8.02156862745098,49,2011-11-06 12:32:00
16244.0,212,2,2579.38,1474,16.74922077922078,88,2011-05-12 10:18:00
16245.0,24,3,1413.66,1014,15.707333333333334,80,2011-11-16 10:14:00
16246.0,460,2,827.25,338,9.294943820224718,79,2010-09-06 12:04:00
16247.0,170,1,114.56,182,7.16,16,2011-06-22 14:23:00
16248.0,62,1,152.94,78,21.84857142857143,7,2011-10-09 11:32:00
16249.0,53,5,1800.07,950,26.08797101449275,67,2011-10-18 10:07:00
16250.0,261,3,791.38,376,16.15061224489796,29,2011-03-23 15:07:00
16251.0,512,1,128.31,44,6.4155,20,2010-07-15 14:55:00
16252.0,383,1,295.09000000000003,158,14.051904761904764,21,2010-11-22 11:57:00
16253.0,67,7,7310.15,6061,24.205794701986754,218,2011-10-04 09:09:00
16254.0,378,3,985.14,549,13.1352,65,2010-11-26 13:22:00
16255.0,17,15,4906.8,3050,9.17158878504673,231,2011-11-23 12:40:00
16256.0,267,3,1629.37,1590,56.1851724137931,27,2011-03-18 12:18:00
16257.0,177,1,46.95,2,23.475,2,2011-06-16 10:11:00
16258.0,45,15,11942.52,7200,34.71662790697675,253,2011-10-25 13:30:00
16259.0,410,3,361.94,162,3.891827956989247,75,2010-10-25 14:27:00
16260.0,51,1,1035.45,311,57.525000000000006,18,2011-10-20 09:40:00
16261.0,17,6,1059.45,459,6.30625,118,2011-11-22 17:23:00
16262.0,378,1,755.15,446,16.416304347826088,46,2010-11-26 13:22:00
16263.0,423,1,351.01,200,14.625416666666666,19,2010-10-12 14:52:00
16264.0,438,2,837.53,632,12.689848484848484,62,2010-09-27 15:00:00
16265.0,9,12,6935.17,3214,20.57913946587537,192,2011-11-30 16:41:00
16266.0,74,14,1757.95,791,16.127981651376146,73,2011-09-27 12:08:00
16267.0,591,1,186.66,198,26.665714285714284,7,2010-04-27 14:10:00
16268.0,71,2,667.65,533,14.836666666666666,45,2011-09-29 18:30:00
16269.0,438,1,717.57,579,13.539056603773586,53,2010-09-28 11:50:00
16270.0,353,1,1141.24,688,21.134074074074075,54,2010-12-21 14:26:00
16271.0,3,10,3463.02,2399,11.354163934426229,176,2011-12-07 12:45:00
16272.0,117,1,411.7,224,16.468,25,2011-08-15 10:54:00
16273.0,648,2,336.03999999999996,46,21.002499999999998,15,2010-03-01 13:24:00
16274.0,373,1,715.9,310,5.342537313432835,64,2010-12-01 15:35:00
16275.0,197,3,2151.11,1268,19.37936936936937,105,2011-05-27 12:41:00
16276.0,177,3,2629.3900000000003,1467,101.13038461538463,20,2011-06-16 09:34:00
16277.0,734,1,188.69,33,8.203913043478261,23,2009-12-06 11:27:00
16278.0,100,3,1117.84,342,20.324363636363636,50,2011-08-31 17:12:00
16279.0,21,9,5705.08,3691,16.346934097421205,243,2011-11-18 15:00:00
16280.0,725,1,238.05,101,14.878125,16,2009-12-14 15:49:00
16281.0,72,3,3424.02,1570,87.79538461538462,27,2011-09-28 14:57:00
16282.0,340,3,1307.58,790,39.623636363636365,31,2011-01-04 11:42:00
16283.0,6,8,4403.82,2889,7.4263406408094434,385,2011-12-04 12:08:00
16284.0,31,3,1029.77,683,7.40841726618705,108,2011-11-08 16:12:00
16285.0,646,1,176.9,60,5.706451612903226,31,2010-03-03 16:03:00
16286.0,477,2,328.95,101,19.349999999999998,17,2010-08-19 14:48:00
16287.0,170,5,1006.98,1426,23.975714285714286,18,2011-06-23 09:08:00
16288.0,470,1,129.85,19,18.55,7,2010-08-26 14:45:00
16289.0,462,1,136.31,97,6.490952380952381,21,2010-09-03 14:02:00
16290.0,465,4,2069.3,1001,15.796183206106871,85,2010-09-01 11:52:00
16291.0,682,1,117.72,1,117.72,1,2010-01-26 16:26:00
16292.0,122,5,1253.76,688,20.22193548387097,51,2011-08-10 12:24:00
16293.0,22,15,4657.95,2022,19.32759336099585,168,2011-11-18 09:58:00
16294.0,477,1,126.05000000000001,54,15.756250000000001,8,2010-08-20 12:01:00
16295.0,10,4,1328.55,841,16.817088607594936,70,2011-11-30 08:17:00
16296.0,626,4,1313.67,645,17.752297297297297,56,2010-03-23 13:11:00
16297.0,269,1,301.9,206,15.094999999999999,20,2011-03-16 08:29:00
16298.0,23,7,1085.7,308,23.1,32,2011-11-17 11:59:00
16299.0,477,1,193.65,107,16.1375,12,2010-08-19 17:46:00
16300.0,430,3,1392.43,658,5.592088353413655,190,2010-10-05 13:14:00
16301.0,737,1,107.33,41,17.888333333333332,6,2009-12-03 10:20:00
16302.0,127,1,233.22,158,21.201818181818183,11,2011-08-05 09:44:00
16303.0,26,7,7928.27,3859,27.721223776223777,156,2011-11-14 10:49:00
16304.0,695,1,381.66,228,15.2664,25,2010-01-14 08:30:00
16305.0,139,1,361.21999999999997,256,16.419090909090908,22,2011-07-24 12:18:00
16306.0,214,7,1192.82,742,17.287246376811595,55,2011-05-10 12:12:00
16307.0,429,3,1194.92,1123,15.932266666666667,69,2010-10-06 14:31:00
16308.0,38,7,5120.0,16000,731.4285714285714,1,2011-11-02 11:24:00
16309.0,106,2,706.57,467,16.823095238095238,39,2011-08-25 15:35:00
16310.0,414,2,460.08,270,16.431428571428572,26,2010-10-21 14:47:00
16311.0,18,2,616.26,394,16.655675675675674,35,2011-11-22 08:54:00
16312.0,432,1,171.15,53,17.115000000000002,10,2010-10-03 14:15:00
16313.0,3,2,274.15000000000003,165,17.134375000000002,16,2011-12-06 13:02:00
16314.0,390,3,1491.4,636,24.05483870967742,58,2010-11-15 12:06:00
16315.0,331,2,402.71,143,17.50913043478261,21,2011-01-13 11:57:00
16316.0,64,13,5744.91,3057,19.343131313131313,193,2011-10-06 13:48:00
16317.0,120,5,2192.51,1236,18.73940170940171,103,2011-08-12 12:46:00
16318.0,35,1,328.15,199,17.271052631578947,19,2011-11-04 13:05:00
16319.0,218,1,404.40000000000003,72,134.8,3,2011-05-06 11:27:00
16320.0,172,6,5628.99,3319,23.356804979253113,193,2011-06-20 15:25:00
16321.0,72,7,604.5500000000001,259,26.284782608695654,15,2011-09-28 14:55:00
16322.0,1,2,326.75,231,8.83108108108108,28,2011-12-08 15:41:00
16323.0,196,2,353.66,146,88.415,4,2011-05-27 14:48:00
16324.0,128,3,428.68,282,3.6328813559322035,100,2011-08-03 12:58:00
16325.0,47,12,3597.5,2464,26.068840579710145,104,2011-10-24 08:48:00
16326.0,6,24,4826.99,1120,9.75149494949495,243,2011-12-04 10:11:00
16327.0,14,16,10731.34,8540,11.33193241816262,289,2011-11-25 13:23:00
16328.0,563,1,310.83,141,19.426875,16,2010-05-25 14:02:00
16329.0,428,4,1703.07,826,14.809304347826087,83,2010-10-08 12:44:00
16330.0,18,7,634.33,327,5.375677966101695,105,2011-11-22 12:24:00
16331.0,432,6,2037.7,756,59.932352941176475,33,2010-10-03 13:47:00
16332.0,28,11,2010.41,1132,10.102562814070351,158,2011-11-11 14:22:00
16333.0,8,22,26626.8,32184,591.7066666666667,9,2011-12-02 12:19:00
16334.0,492,1,277.48,211,4.784137931034483,54,2010-08-04 16:38:00
16335.0,552,7,2774.0,1016,7.579234972677596,193,2010-06-06 11:35:00
16336.0,421,4,3517.69,1473,51.73073529411765,64,2010-10-15 12:32:00
16337.0,37,1,151.05,87,15.105,10,2011-11-03 10:03:00
16338.0,157,1,214.79999999999998,94,19.527272727272727,11,2011-07-05 13:56:00
16339.0,284,1,109.95,23,5.4975000000000005,17,2011-02-28 13:41:00
16340.0,107,3,1526.06,1345,4.0479045092838195,277,2011-08-24 14:53:00
16341.0,25,7,3850.79,3022,24.372088607594936,103,2011-11-15 09:12:00
16342.0,75,4,322.41,157,21.494000000000003,10,2011-09-25 14:36:00
16343.0,16,3,687.0699999999999,422,7.989186046511628,54,2011-11-23 17:45:00
16344.0,158,4,842.42,706,18.313478260869566,43,2011-07-04 15:50:00
16345.0,44,2,1198.74,620,10.79945945945946,95,2011-10-26 16:03:00
16346.0,385,1,224.51,289,14.967333333333332,15,2010-11-19 15:55:00
16347.0,11,11,3509.41,1750,9.913587570621468,209,2011-11-28 13:14:00
16348.0,32,8,1798.22,1178,6.760225563909774,180,2011-11-07 15:44:00
16349.0,291,1,53.5,9,5.944444444444445,9,2011-02-22 12:40:00
16350.0,21,9,2253.89,1077,18.47450819672131,72,2011-11-18 15:53:00
16351.0,333,13,3330.0299999999997,2165,17.807647058823527,124,2011-01-11 10:26:00
16352.0,18,2,494.44,300,17.658571428571427,28,2011-11-22 10:32:00
16353.0,4,38,9999.460000000001,3531,57.46816091954024,76,2011-12-06 12:23:00
16354.0,63,5,1129.51,599,7.954295774647887,116,2011-10-07 14:28:00
16355.0,375,1,416.35,179,8.673958333333333,47,2010-11-29 14:21:00
16356.0,198,6,415.87,190,7.0486440677966105,27,2011-05-26 11:51:00
16357.0,33,4,868.37,389,18.47595744680851,43,2011-11-06 16:04:00
16358.0,1,5,2919.65,2065,18.958766233766234,118,2011-12-08 15:09:00
16359.0,7,16,2697.75,1764,21.582,78,2011-12-02 17:04:00
16360.0,5,6,3512.53,2144,5.305936555891239,365,2011-12-05 12:16:00
16361.0,10,4,896.66,421,8.459056603773584,87,2011-11-30 12:32:00
16362.0,32,6,946.94,478,10.073829787234043,67,2011-11-07 13:01:00
16363.0,53,1,109.36000000000001,52,21.872000000000003,5,2011-10-17 14:14:00
16364.0,12,2,707.04,280,13.340377358490565,48,2011-11-28 11:27:00
16365.0,18,15,3307.2,1135,25.439999999999998,97,2011-11-22 11:24:00
16366.0,19,4,1548.1299999999999,882,19.847820512820512,74,2011-11-21 08:19:00
16367.0,37,3,1362.4,1117,5.949344978165939,196,2011-11-02 13:13:00
16368.0,2,3,640.21,317,6.5327551020408166,74,2011-12-07 13:12:00
16369.0,18,7,2664.81,1594,15.67535294117647,115,2011-11-21 16:25:00
16370.0,82,4,1320.56,647,5.791929824561404,143,2011-09-18 15:55:00
16371.0,449,1,157.2,108,14.29090909090909,11,2010-09-17 12:09:00
16372.0,33,5,1328.61,748,3.9898198198198194,271,2011-11-06 13:08:00
16373.0,382,2,309.49,119,10.672068965517242,25,2010-11-22 15:50:00
16374.0,66,5,1771.45,800,4.9481843575419,276,2011-10-04 15:21:00
16375.0,470,2,104.0,74,8.0,11,2010-08-26 14:25:00
16376.0,9,2,987.01,694,7.8960799999999995,104,2011-12-01 11:38:00
16377.0,267,2,1308.48,2928,130.848,6,2011-03-17 15:41:00
16378.0,247,3,362.95,267,15.780434782608696,22,2011-04-06 15:07:00
16379.0,4,4,2157.4,1410,19.975925925925928,87,2011-12-05 15:38:00
16380.0,61,1,1780.59,1524,55.6434375,28,2011-10-09 15:40:00
16381.0,396,2,258.7,112,3.98,60,2010-11-09 09:56:00
16382.0,408,2,353.1,167,8.025,42,2010-10-27 16:23:00
16383.0,75,7,2974.84,1620,7.116842105263158,239,2011-09-26 12:45:00
16384.0,90,4,1358.95,861,16.77716049382716,80,2011-09-11 11:19:00
16385.0,60,5,1030.61,549,7.522700729927006,94,2011-10-10 13:12:00
16386.0,29,3,1102.59,723,7.500612244897958,127,2011-11-11 12:28:00
16387.0,323,5,918.55,457,9.568229166666667,68,2011-01-21 11:34:00
16388.0,654,1,186.05,83,14.311538461538463,13,2010-02-24 10:20:00
16389.0,53,4,1382.07,1242,40.64911764705882,33,2011-10-17 14:41:00
16390.0,537,3,467.5,122,22.261904761904763,16,2010-06-21 10:11:00
16391.0,401,4,1103.61,748,3.33416918429003,261,2010-11-04 12:27:00
16392.0,270,3,763.05,609,5.121140939597315,125,2011-03-15 12:11:00
16393.0,2,23,5561.66,3132,7.075903307888041,313,2011-12-07 12:51:00
16394.0,57,5,1555.34,2604,18.73903614457831,61,2011-10-14 09:48:00
16395.0,61,14,3537.85,2919,5.468083462132921,416,2011-10-10 12:50:00
16396.0,476,1,137.8,80,17.225,8,2010-08-20 14:17:00
16397.0,628,1,127.88,50,11.625454545454545,9,2010-03-21 15:36:00
16398.0,154,2,1705.8,758,20.802439024390242,75,2011-07-08 15:16:00
16399.0,19,3,641.82,456,5.679823008849558,97,2011-11-20 16:12:00
16400.0,95,9,3159.44,2159,11.24355871886121,214,2011-09-06 12:27:00
16401.0,1,23,6849.15,6035,18.868181818181817,110,2011-12-08 18:15:00
16402.0,265,2,511.4,254,4.3709401709401705,55,2011-03-20 12:25:00
16403.0,312,1,177.5,114,17.75,10,2011-01-31 13:39:00
16404.0,70,1,443.05,157,19.26304347826087,23,2011-09-30 14:55:00
16405.0,302,2,167.25,187,33.45,3,2011-02-10 15:24:00
16406.0,19,3,552.68,271,3.4759748427672954,135,2011-11-21 11:57:00
16407.0,13,14,2821.65,1484,12.16228448275862,120,2011-11-27 11:05:00
16408.0,591,1,231.93,227,5.154,45,2010-04-27 14:08:00
16409.0,36,12,5709.04,3706,7.217496839443742,335,2011-11-03 16:45:00
16410.0,734,1,130.32,348,26.064,5,2009-12-05 14:51:00
16411.0,19,4,910.1899999999999,543,4.397053140096618,139,2011-11-20 13:23:00
16412.0,54,5,647.23,311,4.759044117647059,84,2011-10-17 12:35:00
16413.0,57,2,528.98,284,7.666376811594203,55,2011-10-14 12:08:00
16414.0,22,5,559.71,202,8.74546875,58,2011-11-18 09:42:00
16415.0,44,3,719.44,527,4.440987654320988,120,2011-10-26 13:35:00
16416.0,27,9,2972.88,2210,15.897754010695188,146,2011-11-13 12:50:00
16417.0,493,1,35.7,6,35.7,1,2010-08-04 09:08:00
16418.0,45,5,1101.94,580,6.520355029585799,121,2011-10-26 12:39:00
16419.0,113,8,1487.42,721,16.167608695652174,62,2011-08-19 12:33:00
16420.0,396,1,75.0,120,37.5,2,2010-11-08 15:15:00
16421.0,376,3,526.27,123,13.849210526315789,35,2010-11-28 13:31:00
16422.0,17,109,63651.47,66369,89.39813202247191,111,2011-11-22 14:00:00
16423.0,25,1,346.12,230,19.22888888888889,18,2011-11-15 09:21:00
16424.0,191,2,443.06,212,34.081538461538464,10,2011-06-01 13:40:00
16425.0,302,1,302.7,199,14.414285714285715,21,2011-02-10 14:30:00
16426.0,2,10,1908.25,1243,5.129704301075269,211,2011-12-07 14:01:00
16427.0,263,2,241.06,156,26.784444444444446,8,2011-03-21 17:10:00
16428.0,414,3,660.28,595,4.8549999999999995,121,2010-10-22 12:22:00
16429.0,106,1,284.55,9,142.275,2,2011-08-25 13:54:00
16430.0,57,7,1117.94,307,39.92642857142857,19,2011-10-13 14:47:00
16431.0,213,3,642.81,453,7.744698795180722,51,2011-05-10 14:09:00
16432.0,64,1,287.4,276,35.925,8,2011-10-06 13:59:00
16433.0,28,2,384.52,214,11.309411764705882,33,2011-11-11 14:09:00
16434.0,29,12,2741.74,1338,14.661711229946523,126,2011-11-10 14:28:00
16435.0,512,3,1011.5699999999999,609,8.028333333333332,119,2010-07-15 18:22:00
16436.0,668,3,329.34,239,8.032682926829267,37,2010-02-09 13:19:00
16437.0,381,2,301.25,197,14.345238095238095,17,2010-11-23 16:59:00
16438.0,6,5,798.35,463,6.04810606060606,74,2011-12-04 10:51:00
16439.0,722,1,310.70000000000005,74,34.522222222222226,9,2009-12-17 14:22:00
16440.0,8,6,3856.9700000000003,2108,12.56342019543974,202,2011-12-02 12:02:00
16441.0,67,5,1034.43,484,12.02825581395349,67,2011-10-03 17:48:00
16442.0,2,5,899.47,583,3.59788,226,2011-12-08 11:43:00
16443.0,521,1,162.24,96,162.24,1,2010-07-07 11:57:00
16444.0,46,17,3656.58,1959,9.724946808510639,217,2011-10-24 13:50:00
16445.0,34,4,602.73,299,3.13921875,143,2011-11-06 12:32:00
16446.0,1,2,168472.5,80997,56157.5,3,2011-12-09 09:15:00
16447.0,136,3,775.14,323,10.618356164383561,59,2011-07-27 12:45:00
16448.0,198,2,367.87,179,7.074423076923077,45,2011-05-25 16:28:00
16449.0,198,2,707.69,367,17.69225,40,2011-05-26 10:25:00
16450.0,150,3,1505.73,681,35.016976744186046,36,2011-07-13 11:47:00
16451.0,88,3,1013.15,524,15.586923076923076,61,2011-09-13 09:17:00
16452.0,631,2,332.17,199,18.45388888888889,14,2010-03-19 12:39:00
16453.0,531,2,251.71,139,16.78066666666667,15,2010-06-27 12:46:00
16454.0,45,4,30.950000000000003,9,7.737500000000001,4,2011-10-26 11:40:00
16455.0,64,11,4384.37,3103,19.48608888888889,111,2011-10-07 12:17:00
16456.0,99,13,6862.91,3725,16.53713253012048,226,2011-09-01 13:50:00
16457.0,218,1,208.36,140,23.151111111111113,9,2011-05-05 13:19:00
16458.0,3,30,5715.34,3406,14.922558746736293,91,2011-12-07 09:34:00
16459.0,730,1,71.78999999999999,59,14.357999999999999,5,2009-12-10 12:42:00
16460.0,28,3,814.72,879,6.034962962962963,128,2011-11-11 13:46:00
16461.0,178,3,1615.22,1039,6.00453531598513,223,2011-06-15 12:07:00
16462.0,74,3,136.0,16,45.333333333333336,1,2011-09-27 10:24:00
16463.0,21,4,1422.4,1163,17.346341463414635,74,2011-11-18 14:01:00
16464.0,20,3,1314.68,963,5.570677966101695,152,2011-11-20 12:11:00
16465.0,421,2,746.24,504,15.546666666666667,45,2010-10-15 09:27:00
16466.0,34,15,3838.59,1806,10.9674,207,2011-11-06 11:35:00
16467.0,509,7,2869.16,7384,119.54833333333333,14,2010-07-19 11:49:00
16468.0,74,3,787.52,371,17.500444444444444,38,2011-09-26 14:13:00
16469.0,24,5,828.91,345,4.043463414634147,167,2011-11-16 12:25:00
16470.0,52,11,2458.6,1357,5.090269151138716,286,2011-10-19 12:11:00
16471.0,275,4,1189.98,670,19.193225806451615,48,2011-03-10 09:41:00
16472.0,434,2,789.6,252,20.246153846153845,39,2010-10-01 13:56:00
16473.0,165,4,470.83,296,16.815357142857142,26,2011-06-28 09:10:00
16474.0,7,7,1871.5,943,5.198611111111111,237,2011-12-02 13:02:00
16475.0,88,4,544.3,319,19.439285714285713,23,2011-09-12 14:37:00
16476.0,432,1,350.35,187,14.597916666666668,24,2010-10-04 10:29:00
16477.0,64,11,4320.02,2632,16.615461538461542,177,2011-10-07 09:44:00
16478.0,25,3,331.0,224,19.470588235294116,15,2011-11-14 15:51:00
16479.0,10,2,300.83,102,8.595142857142857,35,2011-11-29 13:40:00
16480.0,76,1,769.29,455,14.514905660377357,51,2011-09-25 11:40:00
16481.0,682,1,453.38,201,28.33625,16,2010-01-26 13:09:00
16482.0,16,1,220.62,346,12.256666666666668,18,2011-11-24 12:33:00
16483.0,192,1,139.35,44,7.334210526315789,19,2011-05-31 13:08:00
16484.0,174,2,404.3,200,16.172,25,2011-06-19 12:06:00
16485.0,77,5,2294.68,1154,15.825379310344827,126,2011-09-23 15:50:00
16486.0,538,1,134.36,24,19.194285714285716,7,2010-06-20 12:16:00
16487.0,577,2,209.4,163,5.982857142857143,28,2010-05-11 13:38:00
16488.0,33,3,498.8,728,17.2,28,2011-11-06 13:42:00
16489.0,380,2,303.7,38,50.61666666666667,4,2010-11-24 14:40:00
16490.0,436,1,205.41000000000003,113,15.800769230769232,13,2010-09-29 16:30:00
16491.0,47,2,1533.16,1060,17.622528735632184,86,2011-10-24 10:18:00
16492.0,541,1,385.56,235,16.763478260869565,23,2010-06-17 08:20:00
16493.0,80,7,2132.09,1988,19.20801801801802,77,2011-09-21 11:10:00
16494.0,297,1,826.53,675,16.5306,47,2011-02-16 12:49:00
16495.0,3,3,684.41,337,7.055773195876288,78,2011-12-06 13:20:00
16496.0,9,6,2330.77,1764,16.88963768115942,120,2011-12-01 10:31:00
16497.0,50,23,6695.28,3050,19.867299703264095,239,2011-10-21 10:55:00
16498.0,161,2,100.97,45,6.731333333333334,15,2011-07-01 15:07:00
16499.0,360,8,2578.34,1364,17.90513888888889,104,2010-12-14 13:31:00
16500.0,5,9,843.9100000000001,386,24.82088235294118,24,2011-12-05 12:04:00
16501.0,383,1,1237.23,642,5.9769565217391305,181,2010-11-21 14:10:00
16502.0,620,2,266.5,251,6.1976744186046515,41,2010-03-29 13:44:00
16503.0,107,11,3614.34,1535,16.9687323943662,161,2011-08-25 11:46:00
16504.0,25,1,484.38,524,5.632325581395349,76,2011-11-14 15:18:00
16505.0,32,1,777.6,576,194.4,4,2011-11-08 12:14:00
16506.0,20,2,90.30000000000001,42,30.100000000000005,3,2011-11-20 12:17:00
16507.0,572,1,152.76,116,3.5525581395348835,37,2010-05-16 12:56:00
16508.0,630,1,248.8,106,5.528888888888889,42,2010-03-19 13:41:00
16509.0,297,1,363.7,64,27.976923076923075,13,2011-02-16 09:25:00
16510.0,372,6,2100.0,1076,16.03053435114504,94,2010-12-02 13:39:00
16511.0,22,6,1819.02,787,5.6844375,235,2011-11-18 10:41:00
16513.0,5,4,874.59,407,24.988285714285716,33,2011-12-05 10:18:00
16515.0,52,10,3216.3,1601,13.401250000000001,184,2011-10-18 13:10:00
16516.0,30,1,101.69999999999999,58,16.95,6,2011-11-09 14:59:00
16517.0,277,1,162.7,96,9.570588235294117,17,2011-03-07 13:50:00
16518.0,61,4,959.37,524,14.108382352941177,61,2011-10-09 15:04:00
16519.0,25,4,556.26,176,13.244285714285715,32,2011-11-14 15:41:00
16520.0,186,6,2482.62,1266,5.982216867469879,251,2011-06-06 13:24:00
16521.0,415,3,1148.01,1016,4.803389121338912,212,2010-10-20 13:09:00
16522.0,436,2,433.36,212,24.075555555555557,16,2010-09-30 10:54:00
16523.0,2,28,11916.33,4979,32.11948787061995,180,2011-12-08 09:06:00
16524.0,446,2,308.14,260,5.706296296296296,50,2010-09-19 13:37:00
16525.0,2,48,24582.64,14630,67.53472527472528,115,2011-12-07 15:07:00
16526.0,172,2,717.21,279,20.491714285714288,30,2011-06-21 12:02:00
16527.0,81,2,1272.44,726,16.525194805194808,66,2011-09-19 16:21:00
16528.0,4,1,244.41,171,14.377058823529412,17,2011-12-06 12:45:00
16529.0,190,4,2012.0,751,15.5968992248062,87,2011-06-02 17:23:00
16530.0,668,1,48.349999999999994,17,16.116666666666664,3,2010-02-09 15:30:00
16531.0,22,11,2298.33,1863,16.654565217391305,109,2011-11-17 16:29:00
16532.0,18,5,8756.64,2544,1459.4399999999998,2,2011-11-22 11:08:00
16533.0,19,3,1095.56,612,6.189604519774011,112,2011-11-20 13:08:00
16534.0,642,1,635.9,168,17.663888888888888,36,2010-03-07 15:47:00
16535.0,5,3,1001.59,685,13.178815789473685,67,2011-12-04 15:18:00
16536.0,110,1,548.97,251,9.981272727272728,49,2011-08-21 15:54:00
16537.0,641,1,23.35,59,5.8375,3,2010-03-08 13:41:00
16538.0,541,3,399.62,257,9.293488372093023,35,2010-06-16 16:59:00
16539.0,3,10,3732.01,1315,24.552697368421054,83,2011-12-07 08:41:00
16540.0,414,1,226.70000000000002,114,6.127027027027028,25,2010-10-21 17:22:00
16541.0,735,1,424.03,173,11.158684210526316,38,2009-12-04 13:22:00
16542.0,54,2,257.32,142,18.38,13,2011-10-17 10:47:00
16543.0,592,1,292.21,317,16.233888888888888,18,2010-04-27 11:38:00
16544.0,520,4,376.70000000000005,150,34.24545454545455,8,2010-07-08 11:11:00
16545.0,165,2,689.82,322,86.2275,6,2011-06-28 10:37:00
16546.0,291,5,5606.47,4367,59.643297872340426,75,2011-02-22 11:20:00
16547.0,546,1,111.71,113,4.137407407407407,25,2010-06-11 13:02:00
16548.0,599,1,30.15,6,5.0249999999999995,6,2010-04-19 16:15:00
16549.0,10,34,13182.19,7278,4.056058461538462,836,2011-11-29 15:06:00
16550.0,109,18,9435.13,5727,11.605325953259532,274,2011-08-23 11:12:00
16551.0,96,7,2237.12,2076,25.421818181818182,67,2011-09-05 09:38:00
16552.0,243,2,475.02000000000004,258,21.591818181818184,17,2011-04-11 10:04:00
16553.0,163,33,16644.01,16475,56.80549488054607,195,2011-06-29 15:42:00
16554.0,42,8,2841.72,1346,17.0162874251497,108,2011-10-28 14:51:00
16555.0,35,6,1915.68,1816,29.025454545454547,59,2011-11-04 14:31:00
16556.0,67,17,8012.58,4353,16.623609958506226,280,2011-10-04 11:36:00
16557.0,24,2,281.85,111,25.622727272727275,11,2011-11-15 14:04:00
16558.0,1,38,13873.51,8088,17.78655128205128,383,2011-12-09 10:20:00
16559.0,397,1,185.20000000000002,73,10.28888888888889,17,2010-11-07 13:52:00
16560.0,27,8,3048.38,1603,15.395858585858587,140,2011-11-13 10:35:00
16561.0,6,2,511.12,244,16.48774193548387,29,2011-12-04 11:50:00
16562.0,477,1,223.85999999999999,264,6.584117647058823,34,2010-08-20 11:45:00
16563.0,54,6,4422.76,2596,49.14177777777778,55,2011-10-17 11:51:00
16564.0,569,1,87.8,40,17.56,5,2010-05-19 14:41:00
16565.0,364,4,773.05,211,70.27727272727272,7,2010-12-10 15:21:00
16566.0,15,5,614.66,362,34.147777777777776,14,2011-11-24 16:34:00
16567.0,194,2,865.6,996,24.731428571428573,34,2011-05-29 13:57:00
16568.0,428,2,1020.9000000000001,366,204.18,5,2010-10-08 10:54:00
16569.0,3,5,1455.23,988,41.578,27,2011-12-06 15:32:00
16570.0,15,20,7434.31,4292,30.847759336099585,114,2011-11-24 17:02:00
16571.0,27,10,4248.74,3703,16.661725490196076,151,2011-11-13 11:46:00
16572.0,127,3,1009.6,532,17.712280701754388,40,2011-08-04 16:34:00
16573.0,85,2,663.61,360,15.800238095238095,40,2011-09-16 09:13:00
16574.0,71,3,1301.78,1002,15.136976744186047,86,2011-09-29 13:39:00
16576.0,420,2,540.87,323,16.39,32,2010-10-15 13:37:00
16577.0,667,1,380.0,142,16.52173913043478,23,2010-02-11 09:45:00
16578.0,626,1,156.6,108,17.4,9,2010-03-23 15:11:00
16579.0,426,1,295.05,119,21.075,14,2010-10-10 11:58:00
16581.0,183,1,105.84,134,11.76,9,2011-06-10 10:05:00
16582.0,113,1,313.62,164,52.27,6,2011-08-18 17:02:00
16583.0,374,2,531.4,264,16.60625,18,2010-12-01 12:03:00
16584.0,80,5,3163.67,1919,38.11650602409639,61,2011-09-20 13:45:00
16585.0,594,2,341.59,151,18.97722222222222,16,2010-04-25 10:34:00
16586.0,249,3,1462.78,348,52.24214285714286,27,2011-04-05 09:32:00
16587.0,232,1,225.15,71,17.31923076923077,13,2011-04-21 15:51:00
16588.0,386,4,1361.28,882,19.172957746478872,64,2010-11-18 17:56:00
16589.0,71,4,612.36,536,13.917272727272728,39,2011-09-29 14:50:00
16590.0,401,2,605.9,240,20.893103448275863,26,2010-11-04 09:06:00
16591.0,69,1,213.5,41,21.35,10,2011-10-02 10:43:00
16592.0,4,28,7807.91,5504,18.242780373831774,221,2011-12-05 13:49:00
16593.0,51,8,1071.1399999999999,377,13.732564102564101,57,2011-10-20 12:41:00
16594.0,75,1,181.09,64,3.416792452830189,53,2011-09-25 14:08:00
16595.0,61,5,1810.18,1378,3.818945147679325,337,2011-10-09 13:15:00
16596.0,16,4,579.63,227,19.321,23,2011-11-24 10:02:00
16597.0,4,1,90.04,184,12.862857142857143,7,2011-12-05 15:44:00
16598.0,286,1,145.04999999999998,73,14.504999999999999,10,2011-02-27 11:42:00
16599.0,386,1,172.8,159,14.4,12,2010-11-19 12:45:00
16600.0,4,13,2153.41,2420,15.058811188811188,106,2011-12-05 16:00:00
16601.0,41,3,684.25,395,9.503472222222221,60,2011-10-30 11:09:00
16602.0,36,2,763.33,429,19.08325,37,2011-11-03 15:54:00
16603.0,75,2,482.47,480,14.19029411764706,34,2011-09-26 10:06:00
16604.0,563,2,432.45,175,36.0375,10,2010-05-26 09:10:00
16605.0,724,1,60.48,144,60.48,1,2009-12-15 19:03:00
16606.0,404,2,357.66,148,16.257272727272728,16,2010-10-31 13:57:00
16607.0,18,25,5706.87,4436,19.15057046979866,212,2011-11-22 10:24:00
16608.0,454,2,1288.72,613,10.56327868852459,94,2010-09-12 11:44:00
16609.0,15,7,5493.46,2420,19.903840579710145,155,2011-11-24 13:32:00
16610.0,219,1,75.66,66,12.61,6,2011-05-04 13:13:00
16611.0,186,6,1785.13,874,16.228454545454547,86,2011-06-06 15:46:00
16612.0,33,9,3245.43,1419,19.433712574850297,105,2011-11-07 07:38:00
16613.0,70,1,618.59,293,20.619666666666667,30,2011-09-30 15:52:00
16614.0,183,3,1179.79,349,24.07734693877551,37,2011-06-10 11:36:00
16615.0,626,1,291.5,211,15.342105263157896,19,2010-03-23 15:13:00
16616.0,15,2,500.42,370,15.164242424242424,31,2011-11-24 16:31:00
16617.0,236,1,151.85,91,30.369999999999997,5,2011-04-18 10:35:00
16618.0,31,5,2647.59,1363,27.579062500000003,79,2011-11-08 13:52:00
16619.0,264,4,1938.33,1055,16.709741379310344,103,2011-03-21 08:18:00
16620.0,4,6,1758.93,1146,18.712021276595745,78,2011-12-06 12:19:00
16621.0,52,4,813.48,302,28.05103448275862,22,2011-10-19 11:38:00
16622.0,544,1,225.4,44,18.783333333333335,12,2010-06-14 10:44:00
16623.0,246,4,1015.24,442,19.906666666666666,44,2011-04-08 10:09:00
16624.0,81,2,810.5699999999999,488,16.886875,44,2011-09-20 12:39:00
16625.0,275,5,1654.03,1057,16.707373737373736,82,2011-03-10 12:50:00
16626.0,1,17,4413.1,2690,24.65418994413408,86,2011-12-09 11:56:00
16627.0,79,1,322.8,162,16.14,20,2011-09-21 14:38:00
16628.0,30,7,2318.1,1260,18.5448,84,2011-11-10 12:45:00
16629.0,74,2,417.73,493,6.52703125,58,2011-09-27 10:34:00
16630.0,407,1,106.80000000000001,72,26.700000000000003,4,2010-10-28 14:30:00
16631.0,482,7,1892.52,775,23.6565,46,2010-08-15 11:20:00
16632.0,486,2,406.4,256,15.05185185185185,22,2010-08-11 11:39:00
16633.0,17,6,2883.1,1138,18.967763157894737,115,2011-11-22 13:41:00
16634.0,223,6,1814.61,1321,19.94076923076923,72,2011-05-01 12:09:00
16635.0,407,1,473.0,277,18.92,25,2010-10-29 09:41:00
16636.0,438,4,3802.04,2186,52.0827397260274,62,2010-09-27 13:13:00
16637.0,32,4,1154.47,927,16.73144927536232,66,2011-11-07 13:17:00
16638.0,23,15,2430.53,1651,17.360928571428573,130,2011-11-17 11:09:00
16639.0,31,4,1747.98,751,21.580000000000002,76,2011-11-08 13:20:00
16640.0,398,1,179.4,146,13.8,13,2010-11-07 10:48:00
16641.0,106,2,554.5,454,15.402777777777779,36,2011-08-26 12:49:00
16642.0,5,3,1077.45,775,19.95277777777778,50,2011-12-05 11:31:00
16643.0,246,2,923.11,553,16.783818181818184,48,2011-04-08 08:24:00
16644.0,178,2,833.78,826,13.448064516129032,62,2011-06-15 12:39:00
16645.0,736,1,160.39,117,11.456428571428571,14,2009-12-04 09:49:00
16646.0,449,1,678.8,1072,23.406896551724138,29,2010-09-16 13:28:00
16647.0,170,4,541.9,396,16.421212121212122,28,2011-06-23 11:47:00
16648.0,43,3,672.8,503,18.18378378378378,37,2011-10-28 08:58:00
16649.0,520,1,306.58000000000004,82,15.329000000000002,20,2010-07-07 15:41:00
16650.0,72,7,1916.11,1511,19.552142857142854,71,2011-09-29 09:51:00
16651.0,587,1,136.2,60,22.7,6,2010-05-02 11:46:00
16652.0,59,16,17550.39,7477,63.8196,124,2011-10-12 09:38:00
16653.0,16,2,1212.66,733,17.574782608695653,67,2011-11-23 14:51:00
16654.0,141,8,1711.47,703,20.62012048192771,64,2011-07-21 15:23:00
16655.0,18,13,6548.37,4013,10.735032786885245,408,2011-11-22 11:25:00
16656.0,22,30,16833.170000000002,15433,119.38418439716314,22,2011-11-17 14:43:00
16657.0,10,4,933.62,1229,4.488557692307692,158,2011-11-30 11:48:00
16658.0,368,6,814.07,317,11.306527777777779,49,2010-12-06 13:47:00
16659.0,189,1,39.12,72,19.56,2,2011-06-03 15:03:00
16660.0,16,7,1879.55,991,78.31458333333333,20,2011-11-23 14:53:00
16661.0,540,4,986.63,385,15.178923076923077,50,2010-06-17 15:24:00
16662.0,394,1,163.8,36,5.6482758620689655,28,2010-11-10 16:56:00
16663.0,729,1,165.0,100,165.0,1,2009-12-10 13:12:00
16664.0,569,1,109.2,24,13.65,8,2010-05-19 17:11:00
16665.0,362,1,135.39999999999998,59,15.044444444444443,9,2010-12-12 14:03:00
16666.0,19,2,225.94,367,4.5188,42,2011-11-20 14:01:00
16667.0,68,2,570.13,237,10.757169811320754,52,2011-10-02 15:26:00
16668.0,15,13,862.42,773,16.272075471698113,28,2011-11-24 17:43:00
16669.0,24,3,1374.8700000000001,888,8.592937500000001,141,2011-11-16 12:26:00
16670.0,17,20,8030.150000000001,4534,16.55701030927835,258,2011-11-23 09:34:00
16671.0,28,3,1692.27,875,282.045,3,2011-11-11 13:40:00
16672.0,2,20,8134.9400000000005,2832,71.35912280701754,22,2011-12-07 16:29:00
16673.0,679,1,188.83,101,9.441500000000001,19,2010-01-29 14:22:00
16674.0,55,2,319.61,188,3.261326530612245,89,2011-10-16 11:31:00
16675.0,442,2,608.86,296,26.47217391304348,21,2010-09-24 12:15:00
16676.0,34,6,2361.9,927,17.758646616541355,106,2011-11-06 12:01:00
16677.0,411,2,880.62,457,18.73659574468085,45,2010-10-24 14:53:00
16678.0,3,12,3109.99,2397,19.07969325153374,92,2011-12-07 12:17:00
16679.0,366,3,793.06,276,37.764761904761905,15,2010-12-08 13:51:00
16680.0,43,3,821.45,377,28.32586206896552,24,2011-10-27 17:35:00
16681.0,73,7,1921.84,1492,39.221224489795915,22,2011-09-28 11:11:00
16682.0,5,5,1028.0,1040,34.266666666666666,15,2011-12-05 12:13:00
16683.0,534,1,320.25,190,17.791666666666668,18,2010-06-24 10:36:00
16684.0,4,55,147142.77,104810,204.93422005571028,184,2011-12-05 14:06:00
16685.0,61,2,324.24,396,5.2296774193548385,60,2011-10-09 13:58:00
16686.0,47,16,5070.92,3510,4.584918625678119,549,2011-10-23 13:49:00
16687.0,391,1,157.63,141,19.70375,8,2010-11-14 11:46:00
16688.0,1,4,1260.86,804,20.336451612903225,52,2011-12-08 15:24:00
16689.0,76,2,422.59999999999997,330,32.5076923076923,12,2011-09-25 11:39:00
16690.0,72,4,353.03,209,18.580526315789474,12,2011-09-28 15:02:00
16691.0,418,2,178.83,92,16.257272727272728,11,2010-10-17 15:03:00
16692.0,256,4,1914.6999999999998,878,382.93999999999994,3,2011-03-28 14:46:00
16693.0,69,5,1199.46,688,6.893448275862069,149,2011-10-02 11:10:00
16694.0,723,1,98.30000000000001,26,32.76666666666667,3,2009-12-16 15:45:00
16695.0,562,2,193.15,185,5.365277777777778,30,2010-05-27 12:36:00
16696.0,135,4,657.9000000000001,146,65.79,7,2011-07-27 14:23:00
16697.0,241,1,112.75,27,5.369047619047619,20,2011-04-12 17:12:00
16698.0,227,2,1998.0,840,399.6,4,2011-04-27 10:52:00
16699.0,380,7,994.6,640,16.04193548387097,51,2010-11-24 14:38:00
16700.0,9,25,9167.710000000001,6882,17.330264650283556,263,2011-12-01 11:00:00
16701.0,9,26,9916.73,11046,36.06083636363636,154,2011-12-01 11:10:00
16702.0,415,4,1110.83,692,12.206923076923076,84,2010-10-20 14:10:00
16704.0,618,2,695.66,455,11.994137931034482,50,2010-03-31 14:02:00
16705.0,1,42,43515.051,22302,62.97402460202605,400,2011-12-09 12:08:00
16706.0,37,3,531.35,249,4.319918699186992,108,2011-11-02 13:50:00
16707.0,400,4,551.11,402,8.350151515151515,64,2010-11-04 14:39:00
16708.0,46,1,656.63,285,24.31962962962963,27,2011-10-25 12:20:00
16709.0,85,14,9087.460000000001,3276,29.697581699346408,220,2011-09-16 10:56:00
16710.0,19,22,6349.09,4399,6.439239350912779,541,2011-11-20 14:50:00
16711.0,3,9,2868.48,1212,86.92363636363636,26,2011-12-06 16:32:00
16712.0,9,13,4266.99,2093,8.050924528301886,301,2011-11-30 13:48:00
16713.0,19,32,14560.69,8683,10.89872005988024,541,2011-11-21 12:36:00
16714.0,219,4,1529.8,849,13.187931034482759,95,2011-05-05 11:09:00
16715.0,78,2,625.52,1174,22.34,27,2011-09-22 18:15:00
16716.0,267,3,2149.6800000000003,912,268.71000000000004,7,2011-03-18 10:03:00
16717.0,24,14,6986.2300000000005,3226,19.088060109289618,274,2011-11-16 12:16:00
16718.0,369,5,3647.53,2343,16.35663677130045,123,2010-12-05 13:03:00
16719.0,15,14,3973.3,2536,8.948873873873874,204,2011-11-25 09:27:00
16720.0,26,3,795.48,479,5.034683544303798,130,2011-11-13 16:22:00
16721.0,262,1,292.47,172,7.904594594594595,37,2011-03-22 16:08:00
16722.0,17,22,8989.08,8580,21.45365155131265,145,2011-11-22 13:28:00
16723.0,91,4,1301.63,1002,10.012538461538462,108,2011-09-09 13:01:00
16724.0,405,1,147.35,69,8.66764705882353,17,2010-10-31 11:40:00
16725.0,302,14,1882.11,784,4.801301020408163,242,2011-02-10 16:52:00
16726.0,26,7,2088.41,1356,7.734851851851851,150,2011-11-13 14:53:00
16727.0,364,4,1437.42,1109,6.748450704225353,158,2010-12-10 13:48:00
16728.0,46,4,1054.67,677,3.9207063197026026,218,2011-10-24 14:36:00
16729.0,38,21,7239.92,5783,10.969575757575758,234,2011-11-01 14:29:00
16730.0,52,3,743.11,994,9.062317073170732,75,2011-10-18 14:11:00
16731.0,648,1,174.05,127,4.047674418604651,40,2010-03-01 15:05:00
16732.0,32,4,4387.64,2414,19.853574660633484,199,2011-11-08 09:54:00
16733.0,530,1,259.68,112,21.64,12,2010-06-28 10:12:00
16734.0,52,3,650.51,346,12.27377358490566,44,2011-10-18 13:44:00
16735.0,79,14,6270.56,4281,20.694917491749177,178,2011-09-22 11:49:00
16736.0,506,5,2956.56,1050,20.675244755244755,116,2010-07-22 10:09:00
16737.0,53,2,835.1999999999999,576,417.59999999999997,1,2011-10-17 13:03:00
16738.0,298,1,3.75,3,3.75,1,2011-02-15 09:46:00
16739.0,177,2,786.43,391,20.695526315789472,33,2011-06-16 09:17:00
16740.0,395,1,236.81,116,7.176060606060606,30,2010-11-09 13:34:00
16741.0,625,1,173.06,81,15.732727272727272,11,2010-03-24 15:15:00
16742.0,47,14,2852.6099999999997,2600,26.170733944954126,51,2011-10-24 12:02:00
16743.0,29,14,4253.26,3738,11.342026666666667,118,2011-11-10 13:13:00
16744.0,11,7,1304.76,805,5.391570247933884,198,2011-11-28 13:06:00
16745.0,87,17,7194.3,6735,20.152100840336136,148,2011-09-14 11:58:00
16746.0,5,42,18066.4,11906,18.267340748230538,390,2011-12-05 12:33:00
16747.0,38,2,836.06,583,19.906190476190474,34,2011-11-02 11:37:00
16748.0,18,14,3637.33,2127,22.044424242424242,55,2011-11-22 10:17:00
16749.0,591,2,4387.08,2078,56.975064935064935,53,2010-04-27 13:06:00
16750.0,45,5,623.93,214,6.567684210526315,74,2011-10-26 12:48:00
16751.0,31,1,1764.72,1031,70.5888,24,2011-11-09 10:48:00
16752.0,373,1,415.0,108,23.055555555555557,9,2010-12-02 12:18:00
16753.0,58,1,223.92000000000002,189,6.5858823529411765,34,2011-10-12 13:14:00
16754.0,372,29,67502.47,67831,475.36950704225353,38,2010-12-02 17:38:00
16755.0,114,7,2900.58,1999,8.816352583586626,219,2011-08-17 13:21:00
16756.0,215,7,1312.3700000000001,707,16.61227848101266,64,2011-05-09 09:33:00
16757.0,319,2,270.48,180,18.032,13,2011-01-25 11:59:00
16758.0,65,1,369.34000000000003,203,16.78818181818182,22,2011-10-05 14:47:00
16759.0,8,3,789.79,609,18.804523809523808,40,2011-12-02 12:42:00
16760.0,430,1,228.0,168,13.411764705882353,17,2010-10-05 15:55:00
16761.0,97,1,316.62,341,24.355384615384615,13,2011-09-04 11:15:00
16762.0,20,3,1501.38,618,16.869438202247192,51,2011-11-20 11:43:00
16763.0,199,2,964.6999999999999,492,21.924999999999997,44,2011-05-25 11:52:00
16764.0,4,13,2799.25,1259,3.9649433427762037,209,2011-12-06 11:41:00
16765.0,294,2,454.75,311,8.745192307692308,52,2011-02-18 15:41:00
16766.0,273,2,1145.6,536,33.69411764705882,17,2011-03-11 15:22:00
16767.0,31,15,8073.8,7121,24.919135802469135,209,2011-11-09 09:42:00
16768.0,48,9,1708.12,777,10.415365853658535,108,2011-10-23 10:38:00
16769.0,260,4,1141.75,301,11.4175,76,2011-03-24 13:41:00
16770.0,58,9,1932.13,1120,5.457994350282486,202,2011-10-13 12:21:00
16771.0,33,10,3967.6,2314,9.63009708737864,303,2011-11-06 13:28:00
16772.0,423,3,3723.5499999999997,689,53.96449275362318,54,2010-10-12 13:19:00
16773.0,57,3,421.24,252,6.480615384615385,53,2011-10-13 14:37:00
16774.0,68,8,1594.45,785,11.81074074074074,89,2011-10-03 12:41:00
16775.0,10,16,3056.89,1020,10.996007194244603,132,2011-11-29 15:22:00
16776.0,60,2,619.85,450,4.524452554744526,105,2011-10-10 13:04:00
16777.0,80,5,1307.76,475,8.957260273972603,125,2011-09-20 13:41:00
16778.0,74,2,245.94,194,15.37125,16,2011-09-26 13:48:00
16779.0,2,53,33268.24,19626,31.56379506641366,293,2011-12-07 14:54:00
16780.0,100,3,605.55,355,6.116666666666666,73,2011-08-31 16:09:00
16781.0,372,2,934.25,305,16.683035714285715,36,2010-12-02 14:26:00
16782.0,10,38,10438.41,4285,5.543499734466277,575,2011-11-29 13:20:00
16783.0,437,1,391.95,163,15.677999999999999,25,2010-09-29 11:53:00
16784.0,20,5,896.53,496,5.6033124999999995,138,2011-11-20 12:20:00
16785.0,410,1,533.78,313,15.250857142857143,35,2010-10-26 10:36:00
16786.0,394,1,51.839999999999996,72,51.839999999999996,1,2010-11-11 08:25:00
16787.0,398,4,1035.43,474,9.082719298245614,102,2010-11-07 11:01:00
16788.0,123,5,1950.3,985,3.94,348,2011-08-08 14:53:00
16789.0,8,1,80.8,32,16.16,5,2011-12-01 15:12:00
16790.0,4,6,1545.6200000000001,898,16.61956989247312,88,2011-12-06 11:53:00
16791.0,29,15,4038.69,1874,5.786088825214899,393,2011-11-10 19:12:00
16792.0,282,5,623.46,324,6.1123529411764705,90,2011-03-02 14:41:00
16793.0,57,1,243.84,146,15.24,16,2011-10-13 15:08:00
16794.0,1,15,2090.91,1602,4.036505791505792,245,2011-12-08 17:54:00
16795.0,365,3,2492.39,1459,6.108799019607843,306,2010-12-09 14:08:00
16796.0,89,1,305.62,186,16.97888888888889,18,2011-09-11 14:01:00
16797.0,393,5,1827.77,909,4.490835380835381,289,2010-11-11 19:14:00
16798.0,554,3,848.71,209,4.905838150289018,141,2010-06-03 19:01:00
16799.0,432,2,495.98,176,4.679056603773585,81,2010-10-03 14:28:00
16800.0,11,1,1201.49,540,7.326158536585366,148,2011-11-28 14:06:00
16801.0,163,4,1619.73,499,21.312236842105264,72,2011-06-29 15:33:00
16802.0,679,2,582.61,369,10.992641509433962,48,2010-01-29 13:44:00
16803.0,65,1,332.3,245,13.845833333333333,24,2011-10-05 14:28:00
16804.0,23,3,536.99,246,8.949833333333334,59,2011-11-16 16:43:00
16805.0,174,5,1097.24,1122,4.3714741035856575,213,2011-06-19 11:23:00
16806.0,103,4,801.49,378,7.781456310679611,68,2011-08-28 15:27:00
16807.0,143,6,2123.88,1433,14.956901408450705,107,2011-07-20 12:00:00
16808.0,99,2,288.42,196,12.540000000000001,21,2011-09-01 19:34:00
16809.0,23,9,1727.43,1093,6.6696138996139,113,2011-11-16 15:45:00
16810.0,192,2,842.0400000000001,372,24.76588235294118,34,2011-05-31 15:32:00
16811.0,5,2,547.07,477,19.538214285714286,26,2011-12-05 11:39:00
16812.0,361,4,2392.0,1116,20.8,98,2010-12-14 12:35:00
16813.0,8,10,1692.98,1525,3.7705567928730512,248,2011-12-01 14:03:00
16814.0,14,36,12499.710000000001,5066,15.546902985074627,247,2011-11-25 13:27:00
16815.0,454,2,410.97,238,5.553648648648649,66,2010-09-12 10:59:00
16816.0,103,4,417.06,274,14.895,28,2011-08-28 14:16:00
16817.0,3,13,2804.9,1565,18.575496688741723,107,2011-12-07 11:03:00
16818.0,11,11,3349.57,2164,17.81686170212766,172,2011-11-29 10:41:00
16819.0,465,2,182.59,253,10.740588235294117,17,2010-08-31 17:37:00
16820.0,96,1,497.61,307,19.138846153846153,26,2011-09-05 12:06:00
16821.0,382,1,113.35,13,16.192857142857143,7,2010-11-23 10:04:00
16822.0,686,1,181.39,171,16.49,11,2010-01-22 14:22:00
16823.0,227,7,2260.09,1168,12.914800000000001,149,2011-04-26 15:00:00
16824.0,16,3,686.24,390,17.595897435897434,34,2011-11-24 12:38:00
16825.0,39,5,1826.89,1297,28.54515625,48,2011-11-01 11:51:00
16826.0,51,1,341.7,158,15.531818181818181,22,2011-10-19 14:05:00
16827.0,393,5,392.13,125,32.6775,10,2010-11-11 14:04:00
16828.0,93,2,128.5,59,16.0625,8,2011-09-07 15:10:00
16829.0,157,2,513.32,215,19.011851851851855,25,2011-07-06 10:48:00
16830.0,39,4,1207.5,699,16.1,65,2011-11-01 11:35:00
16831.0,565,1,91.8,48,15.299999999999999,6,2010-05-24 09:08:00
16832.0,184,5,417.61,179,19.886190476190478,19,2011-06-08 15:36:00
16833.0,1,6,2409.04,878,26.18521739130435,87,2011-12-08 14:39:00
16834.0,228,2,898.96,760,18.728333333333335,43,2011-04-26 09:37:00
16835.0,128,6,1538.41,515,17.68287356321839,58,2011-08-03 13:50:00
16836.0,40,4,782.37,539,18.627857142857142,42,2011-10-31 10:05:00
16837.0,31,11,3170.98,1563,19.218060606060607,123,2011-11-08 14:27:00
16838.0,197,4,1159.61,509,19.654406779661016,53,2011-05-26 13:13:00
16839.0,9,44,22310.49,11527,62.846450704225354,132,2011-12-01 09:03:00
16840.0,603,2,139.85,117,15.538888888888888,9,2010-04-15 15:48:00
16841.0,37,12,4006.06,3478,18.292511415525112,187,2011-11-03 11:51:00
16842.0,101,3,1264.19,693,20.066507936507936,45,2011-08-31 10:42:00
16843.0,43,35,19571.43,18502,32.83796979865772,317,2011-10-28 09:06:00
16844.0,563,2,614.34,281,19.198125,26,2010-05-26 10:29:00
16845.0,618,1,253.88,167,12.693999999999999,20,2010-03-31 13:09:00
16846.0,50,3,842.41,517,17.923617021276595,47,2011-10-20 13:55:00
16847.0,43,2,614.89,255,16.618648648648648,37,2011-10-27 13:29:00
16848.0,53,4,1411.62,780,16.607294117647058,75,2011-10-18 08:42:00
16849.0,187,1,124.57,33,15.57125,8,2011-06-06 09:16:00
16850.0,334,1,332.41,249,17.495263157894737,19,2011-01-10 11:09:00
16851.0,4,3,342.45,271,17.1225,17,2011-12-05 13:32:00
16852.0,10,2,144.91000000000003,56,16.101111111111113,9,2011-11-29 13:22:00
16854.0,417,2,1408.96,997,18.786133333333336,72,2010-10-18 16:31:00
16855.0,24,2,328.4,164,17.28421052631579,19,2011-11-16 12:03:00
16856.0,15,3,358.49,171,18.867894736842107,16,2011-11-25 08:59:00
16857.0,443,1,352.8,168,32.07272727272727,11,2010-09-23 10:49:00
16858.0,369,10,4668.28,1514,34.32558823529411,75,2010-12-06 09:52:00
16859.0,145,7,1932.41,1899,17.567363636363638,87,2011-07-18 12:19:00
16860.0,453,3,1610.62,625,37.45627906976744,35,2010-09-13 10:05:00
16861.0,60,5,946.59,616,19.318163265306122,39,2011-10-11 09:05:00
16862.0,547,4,662.33,513,18.923714285714286,34,2010-06-10 13:05:00
16863.0,31,3,998.52,745,17.830714285714286,43,2011-11-08 15:26:00
16864.0,434,2,409.25,283,24.073529411764707,17,2010-10-01 16:16:00
16865.0,402,1,130.95,157,8.184375,15,2010-11-03 11:34:00
16866.0,141,3,207.73999999999998,60,18.885454545454543,10,2011-07-22 10:06:00
16867.0,690,1,76.74000000000001,58,12.790000000000001,6,2010-01-19 09:11:00
16868.0,394,3,393.39,116,7.285,47,2010-11-10 13:17:00
16869.0,23,4,825.42,585,6.44859375,113,2011-11-17 12:02:00
16870.0,469,1,450.15999999999997,278,16.077142857142857,28,2010-08-27 13:53:00
16871.0,22,6,2812.34,1253,20.528029197080293,131,2011-11-17 19:27:00
16872.0,77,6,1213.13,1079,67.39611111111111,12,2011-09-23 16:05:00
16873.0,5,12,14617.39,8601,28.54958984375,252,2011-12-05 12:05:00
16874.0,379,1,217.74,81,6.404117647058824,31,2010-11-25 13:08:00
16875.0,67,11,4234.53,2099,18.410999999999998,161,2011-10-03 13:39:00
16876.0,404,1,136.01,181,4.2503125,32,2010-11-01 11:59:00
16877.0,12,6,853.72,463,5.369308176100629,111,2011-11-27 13:47:00
16878.0,84,1,13.3,12,4.433333333333334,3,2011-09-16 17:39:00
16880.0,31,8,1840.86,911,9.844171122994652,130,2011-11-09 11:33:00
16881.0,67,1,432.0,600,432.0,1,2011-10-04 10:33:00
16882.0,67,3,705.12,424,18.080000000000002,39,2011-10-04 10:42:00
16883.0,187,19,2396.59,1080,8.321493055555557,159,2011-06-05 12:51:00
16884.0,38,4,1073.92,521,14.318933333333334,64,2011-11-02 11:52:00
16885.0,15,4,710.74,376,5.005211267605634,121,2011-11-24 13:40:00
16886.0,456,1,134.0,48,16.75,8,2010-09-09 15:08:00
16887.0,35,3,660.72,424,6.477647058823529,94,2011-11-04 14:07:00
16888.0,401,3,437.15,147,8.09537037037037,44,2010-11-04 12:39:00
16889.0,195,6,2530.9,1616,11.609633027522936,163,2011-05-29 11:05:00
16890.0,477,3,285.41,243,15.021578947368422,17,2010-08-20 11:23:00
16891.0,2,11,2056.82,774,3.9860852713178296,335,2011-12-08 11:15:00
16892.0,1,7,762.1,370,5.482733812949641,119,2011-12-08 13:18:00
16893.0,367,2,401.77,182,2.976074074074074,80,2010-12-08 12:06:00
16894.0,502,3,1324.06,507,6.932251308900523,186,2010-07-25 15:43:00
16895.0,65,5,1121.42,433,6.558011695906433,135,2011-10-06 12:15:00
16896.0,555,1,103.95,18,5.775,18,2010-06-02 15:40:00
16897.0,299,2,289.78,73,7.831891891891891,37,2011-02-13 15:02:00
16898.0,26,5,1016.37,805,3.468839590443686,223,2011-11-13 15:44:00
16899.0,8,8,1721.02,818,9.61463687150838,101,2011-12-02 12:03:00
16900.0,17,3,887.11,833,11.229240506329115,78,2011-11-23 10:32:00
16901.0,729,1,204.26,42,8.880869565217392,23,2009-12-10 16:30:00
16902.0,116,1,1706.88,629,38.79272727272728,43,2011-08-15 14:17:00
16903.0,29,3,1062.28,747,5.590947368421053,148,2011-11-10 15:32:00
16904.0,4,21,5132.37,2809,5.226446028513238,484,2011-12-05 13:10:00
16905.0,5,17,5034.15,2059,14.719736842105261,171,2011-12-04 14:01:00
16906.0,82,7,1448.8,613,6.439111111111111,180,2011-09-19 11:49:00
16907.0,29,9,1707.9,532,6.69764705882353,109,2011-11-10 18:04:00
16908.0,722,1,252.59,61,12.6295,20,2009-12-17 13:35:00
16909.0,72,1,379.14,436,21.063333333333333,18,2011-09-28 16:45:00
16910.0,4,8,1510.06,886,2.7606215722120657,318,2011-12-05 12:51:00
16911.0,636,2,255.25,161,7.292857142857143,30,2010-03-14 12:18:00
16912.0,29,15,4480.31,1693,25.897745664739887,130,2011-11-11 12:18:00
16913.0,290,3,423.90999999999997,229,23.550555555555555,18,2011-02-22 12:56:00
16914.0,36,1,208.46,121,5.4857894736842105,25,2011-11-03 15:27:00
16915.0,9,11,1543.18,190,20.853783783783786,54,2011-11-30 16:39:00
16916.0,24,4,1123.4,764,4.255303030303031,180,2011-11-16 12:08:00
16917.0,277,2,1857.83,793,36.428039215686276,45,2011-03-08 11:55:00
16918.0,50,16,3213.29,2069,7.031269146608315,280,2011-10-21 12:50:00
16919.0,156,24,5125.91,2425,8.009234375,230,2011-07-06 13:35:00
16920.0,411,1,355.45,81,15.454347826086956,23,2010-10-24 14:07:00
16921.0,61,3,446.67,299,4.701789473684211,78,2011-10-09 16:22:00
16922.0,573,1,611.08,281,5.008852459016394,122,2010-05-16 11:24:00
16923.0,12,32,13378.36,6269,11.818339222614842,431,2011-11-27 13:00:00
16924.0,21,3,846.75,493,10.201807228915662,69,2011-11-18 12:53:00
16925.0,540,1,125.65,123,6.980555555555556,18,2010-06-17 15:03:00
16926.0,371,5,1421.35,237,12.46798245614035,63,2010-12-03 13:42:00
16927.0,116,3,543.05,993,90.50833333333333,5,2011-08-16 11:10:00
16928.0,80,29,4113.23,2755,12.278298507462685,135,2011-09-20 15:10:00
16929.0,4,7,1295.39,929,16.823246753246753,51,2011-12-06 08:37:00
16930.0,26,3,380.55,341,7.0472222222222225,47,2011-11-13 16:13:00
16931.0,5,23,5233.62,3463,5.228391608391608,466,2011-12-04 13:15:00
16932.0,53,3,440.71,229,3.060486111111111,116,2011-10-17 14:12:00
16933.0,1,9,3181.25,1547,10.969827586206897,213,2011-12-08 12:54:00
16934.0,55,6,2110.9900000000002,939,14.762167832167833,128,2011-10-16 12:40:00
16935.0,382,3,535.1,278,7.33013698630137,55,2010-11-23 09:16:00
16936.0,26,2,551.17,342,3.909007092198581,122,2011-11-14 11:04:00
16937.0,499,1,202.1,126,3.9627450980392154,49,2010-07-28 17:56:00
16938.0,9,9,7043.18,5084,8.424856459330144,547,2011-12-01 10:20:00
16939.0,489,3,449.0,232,10.204545454545455,38,2010-08-08 12:24:00
16940.0,52,8,6427.66,4503,10.218855325914149,360,2011-10-18 13:15:00
16941.0,612,1,33.0,12,16.5,2,2010-04-07 11:13:00
16942.0,13,9,1920.59,811,6.834839857651246,159,2011-11-27 12:40:00
16943.0,212,5,1299.49,147,37.12828571428572,24,2011-05-12 11:57:00
16944.0,610,1,101.36,27,14.48,7,2010-04-09 11:03:00
16945.0,22,33,8548.16,5889,18.03409282700422,231,2011-11-18 11:39:00
16946.0,383,5,1222.04,509,16.293866666666666,69,2010-11-21 14:06:00
16947.0,236,5,955.21,655,18.022830188679247,50,2011-04-18 09:38:00
16948.0,139,7,868.77,2091,20.203953488372093,20,2011-07-24 12:46:00
16949.0,4,6,1286.27,791,21.437833333333334,57,2011-12-06 11:07:00
16950.0,57,10,3784.37,2492,25.229133333333333,111,2011-10-14 09:06:00
16951.0,135,3,1277.75,1318,14.857558139534884,73,2011-07-28 12:05:00
16952.0,109,5,798.78,344,9.077045454545454,76,2011-08-22 13:03:00
16953.0,30,1,20.8,10,20.8,1,2011-11-09 15:54:00
16954.0,1,20,6081.88,4086,29.52368932038835,83,2011-12-09 09:46:00
16955.0,185,6,1309.41,823,22.972105263157896,33,2011-06-08 10:36:00
16956.0,18,1,308.74,114,19.29625,16,2011-11-22 08:56:00
16957.0,239,2,416.64,172,26.04,15,2011-04-14 13:56:00
16958.0,435,1,809.44,561,10.93837837837838,69,2010-09-30 14:25:00
16959.0,87,1,117.35000000000001,49,16.764285714285716,7,2011-09-13 15:03:00
16960.0,39,8,2043.43,1515,4.347723404255319,334,2011-11-01 11:35:00
16961.0,116,3,794.56,482,15.28,52,2011-08-15 13:46:00
16962.0,410,1,251.04,158,16.736,15,2010-10-26 11:36:00
16963.0,187,1,110.55000000000001,35,15.792857142857144,7,2011-06-05 13:48:00
16964.0,733,2,207.85,49,34.641666666666666,6,2009-12-06 12:53:00
16965.0,227,1,201.19,291,7.738076923076923,26,2011-04-27 12:08:00
16966.0,8,7,2154.97,1981,76.96321428571427,8,2011-12-01 13:40:00
16967.0,189,1,319.02,333,15.19142857142857,21,2011-06-03 14:24:00
16968.0,4,2,439.43,326,14.175161290322581,31,2011-12-05 15:02:00
16969.0,39,3,650.41,816,15.48595238095238,42,2011-10-31 13:12:00
16970.0,626,1,71.4,12,35.7,2,2010-03-23 13:50:00
16971.0,38,1,357.21,72,8.712439024390243,40,2011-11-01 15:06:00
16972.0,383,2,786.25,190,8.934659090909092,54,2010-11-22 10:59:00
16973.0,386,1,127.0,60,21.166666666666668,6,2010-11-18 13:56:00
16974.0,523,2,365.5,70,45.6875,5,2010-07-05 10:18:00
16975.0,423,3,926.12,586,20.580444444444446,44,2010-10-12 17:53:00
16976.0,267,1,251.51999999999998,88,125.75999999999999,2,2011-03-17 16:33:00
16977.0,395,4,496.0,142,17.714285714285715,25,2010-11-09 13:17:00
16978.0,78,3,768.88,285,11.475820895522387,65,2011-09-23 12:50:00
16979.0,4,9,2859.74,1451,22.168527131782945,82,2011-12-06 12:21:00
16980.0,255,3,1473.3300000000002,1039,13.154732142857144,91,2011-03-29 16:36:00
16982.0,61,1,384.06,182,17.457272727272727,22,2011-10-10 12:28:00
16983.0,13,11,3710.22,2508,14.900481927710842,151,2011-11-27 12:10:00
16984.0,88,9,10754.8,5330,9.492321270962046,669,2011-09-12 13:43:00
16985.0,17,23,10923.16,3103,44.95127572016461,130,2011-11-22 13:33:00
16986.0,30,11,4888.75,2539,28.096264367816094,65,2011-11-10 11:55:00
16987.0,3,11,2535.9,679,9.533458646616541,155,2011-12-06 17:26:00
16988.0,5,2,382.67,158,19.1335,20,2011-12-04 16:02:00
16989.0,7,6,1133.25,1233,94.4375,7,2011-12-02 16:39:00
16990.0,219,2,344.0,200,172.0,1,2011-05-05 08:30:00
16991.0,421,1,1041.21,793,14.070405405405406,74,2010-10-14 14:08:00
16992.0,11,13,5476.5,2061,19.21578947368421,212,2011-11-29 11:50:00
16993.0,464,2,1950.9499999999998,285,69.67678571428571,19,2010-09-02 12:16:00
16996.0,30,9,2123.61,919,28.3148,32,2011-11-09 16:43:00
16997.0,288,3,702.0,360,58.5,7,2011-02-24 17:28:00
16998.0,150,5,402.0,104,67.0,2,2011-07-13 09:44:00
16999.0,23,2,484.82,294,21.07913043478261,21,2011-11-16 13:53:00
17000.0,396,2,406.3,305,13.543333333333333,26,2010-11-08 13:35:00
17001.0,1,19,6640.8,3782,24.148363636363637,108,2011-12-09 09:38:00
17002.0,86,7,2571.55,1265,30.613690476190477,64,2011-09-15 12:40:00
17003.0,402,4,830.16,495,7.4121428571428565,90,2010-11-02 13:15:00
17004.0,46,4,2425.16,1281,34.64514285714286,48,2011-10-24 14:25:00
17005.0,471,2,742.36,787,37.118,14,2010-08-26 10:57:00
17006.0,5,8,1636.32,573,12.587076923076923,103,2011-12-05 12:09:00
17007.0,51,7,1120.1,717,16.71791044776119,63,2011-10-20 10:47:00
17008.0,429,1,81.36,24,81.36,1,2010-10-06 15:19:00
17009.0,551,1,242.06,336,22.005454545454544,10,2010-06-06 16:01:00
17010.0,18,1,195.36,118,17.76,11,2011-11-21 14:49:00
17011.0,30,3,671.7,792,23.989285714285717,27,2011-11-09 13:30:00
17012.0,725,1,384.16,268,9.146666666666667,34,2009-12-14 17:34:00
17014.0,8,3,586.33,245,7.923378378378379,63,2011-12-01 14:09:00
17015.0,29,3,1842.56,1981,8.491059907834101,182,2011-11-11 10:45:00
17016.0,577,1,552.4,309,13.473170731707317,41,2010-05-12 12:32:00
17017.0,3,29,14110.61,10591,33.27974056603774,120,2011-12-07 09:32:00
17018.0,41,6,2287.7,456,61.82972972972973,26,2011-10-30 11:42:00
17019.0,11,11,4012.2,2643,5.627208976157083,344,2011-11-28 13:06:00
17020.0,542,2,935.62,860,13.559710144927536,64,2010-06-15 13:06:00
17021.0,442,6,1182.22,992,24.629583333333333,35,2010-09-23 20:01:00
17022.0,31,2,260.0,180,16.25,16,2011-11-08 17:09:00
17023.0,417,3,800.18,530,16.33020408163265,48,2010-10-18 15:37:00
17024.0,45,3,95.85,69,31.95,2,2011-10-25 13:47:00
17025.0,61,5,1510.6399999999999,1024,35.967619047619046,31,2011-10-10 09:06:00
17026.0,185,3,208.98,132,26.1225,4,2011-06-07 14:28:00
17027.0,79,9,1327.1100000000001,653,7.135000000000001,126,2011-09-22 12:24:00
17028.0,581,3,1593.83,856,16.777157894736842,85,2010-05-07 15:33:00
17029.0,111,7,2137.3,1265,73.7,19,2011-08-21 11:06:00
17030.0,64,1,146.87,146,13.351818181818182,11,2011-10-07 08:49:00
17031.0,12,6,2773.85,1595,55.477,34,2011-11-28 10:23:00
17032.0,548,8,3004.6,1695,12.571548117154812,183,2010-06-10 12:16:00
17033.0,86,4,1332.79,871,33.31975,33,2011-09-14 14:34:00
17034.0,16,5,1283.92,700,21.76135593220339,49,2011-11-23 15:14:00
17035.0,246,4,613.59,327,18.593636363636364,29,2011-04-08 11:23:00
17036.0,383,1,176.9,76,14.741666666666667,12,2010-11-21 14:26:00
17037.0,88,1,1267.32,656,16.8976,75,2011-09-13 12:49:00
17038.0,30,2,743.17,535,11.796349206349205,61,2011-11-09 13:50:00
17039.0,604,1,1954.99,689,44.43159090909091,44,2010-04-14 12:56:00
17040.0,138,2,463.25,189,28.953125,15,2011-07-25 10:19:00
17041.0,27,6,1686.28,1337,13.071937984496124,93,2011-11-13 11:21:00
17042.0,3,5,1044.3799999999999,994,10.656938775510202,74,2011-12-07 12:26:00
17043.0,32,8,2616.55,1624,12.763658536585366,175,2011-11-07 15:33:00
17044.0,25,12,11962.3,5722,80.28389261744967,92,2011-11-14 14:28:00
17045.0,113,5,827.6800000000001,294,15.616603773584908,44,2011-08-18 17:09:00
17046.0,157,5,1906.07,1636,22.42435294117647,76,2011-07-05 14:24:00
17047.0,85,6,2289.23,1184,16.121338028169014,114,2011-09-15 13:27:00
17048.0,118,7,2071.68,1068,20.51168316831683,88,2011-08-14 11:49:00
17049.0,3,19,9947.48,4276,17.795134168157425,316,2011-12-07 10:48:00
17050.0,96,11,4691.79,2451,13.142268907563025,193,2011-09-04 13:48:00
17051.0,194,4,714.39,513,4.550254777070063,107,2011-05-29 14:13:00
17052.0,28,1,413.75,261,4.497282608695652,72,2011-11-11 14:50:00
17053.0,131,1,498.48,122,38.34461538461539,13,2011-08-01 10:23:00
17054.0,28,5,1356.33,804,16.34132530120482,64,2011-11-11 12:56:00
17055.0,446,1,239.55,87,7.985,24,2010-09-20 12:21:00
17056.0,738,1,128.60000000000002,26,16.075000000000003,8,2009-12-01 12:55:00
17057.0,596,1,294.74,129,5.8948,48,2010-04-22 19:21:00
17058.0,82,3,1179.89,592,19.030483870967743,51,2011-09-19 10:13:00
17059.0,30,9,5602.53,3584,6.661747919143876,349,2011-11-10 12:27:00
17060.0,266,1,234.24,216,46.848,5,2011-03-18 13:27:00
17061.0,74,11,5232.2300000000005,1526,52.850808080808086,57,2011-09-27 11:24:00
17062.0,314,6,1208.22,922,7.3671951219512195,82,2011-01-30 11:01:00
17063.0,21,13,3638.53,1899,17.748926829268292,150,2011-11-18 16:19:00
17064.0,59,3,859.35,318,13.860483870967743,53,2011-10-12 10:18:00
17065.0,638,2,194.7,82,16.224999999999998,6,2010-03-12 11:41:00
17066.0,726,1,228.34,93,12.685555555555556,17,2009-12-13 13:24:00
17067.0,725,3,454.54,322,34.964615384615385,8,2009-12-15 08:39:00
17068.0,12,47,9161.08,4435,8.9463671875,250,2011-11-27 13:14:00
17069.0,28,14,5794.28,3333,19.641627118644067,202,2011-11-11 17:13:00
17070.0,114,2,445.32,234,4.241142857142857,102,2011-08-17 17:01:00
17071.0,28,13,3801.2000000000003,1935,17.930188679245283,141,2011-11-11 16:31:00
17072.0,625,1,282.05,218,12.820454545454545,20,2010-03-24 16:33:00
17073.0,18,4,1446.09,759,8.310862068965516,142,2011-11-22 11:47:00
17074.0,563,1,203.05,19,50.7625,4,2010-05-26 12:04:00
17075.0,18,10,2241.73,787,11.20865,153,2011-11-22 11:58:00
17076.0,36,6,1242.75,514,24.855,31,2011-11-03 17:53:00
17077.0,578,1,306.0,36,306.0,1,2010-05-10 16:36:00
17078.0,36,2,378.2,788,13.507142857142856,28,2011-11-03 19:17:00
17079.0,78,1,118.80000000000001,24,59.400000000000006,2,2011-09-22 15:34:00
17080.0,22,7,957.53,569,29.016060606060606,26,2011-11-17 12:59:00
17081.0,25,6,964.39,389,4.506495327102804,166,2011-11-14 12:56:00
17082.0,33,6,4732.03,2526,27.835470588235292,117,2011-11-06 15:17:00
17083.0,109,9,4049.79,1955,35.2155652173913,30,2011-08-22 15:43:00
17084.0,35,3,5202.97,3292,17.6971768707483,263,2011-11-04 14:54:00
17085.0,123,28,7891.41,3603,7.915155466399198,411,2011-08-08 14:15:00
17086.0,7,6,2050.08,1859,21.355,76,2011-12-02 13:54:00
17087.0,738,1,221.53,113,18.460833333333333,12,2009-12-02 10:41:00
17088.0,28,4,1991.01,868,17.313130434782607,96,2011-11-11 14:23:00
17089.0,386,1,128.45,35,32.1125,4,2010-11-18 15:33:00
17090.0,4,13,3149.48,1362,34.23347826086957,54,2011-12-05 13:44:00
17091.0,3,19,7811.1,3845,16.479113924050633,242,2011-12-07 10:43:00
17092.0,50,11,5594.96,3801,14.093098236775818,273,2011-10-20 19:51:00
17093.0,593,1,235.88,114,18.144615384615385,13,2010-04-26 10:22:00
17094.0,322,2,402.20000000000005,212,22.34444444444445,18,2011-01-21 13:09:00
17095.0,23,7,2572.25,1695,18.775547445255473,110,2011-11-17 12:21:00
17096.0,15,11,3759.18,1571,17.323410138248846,162,2011-11-24 15:01:00
17097.0,2,9,1340.45,660,4.324032258064516,182,2011-12-07 17:05:00
17098.0,382,3,591.0699999999999,125,32.837222222222216,10,2010-11-23 12:13:00
17099.0,533,1,582.17,317,14.55425,40,2010-06-24 16:25:00
17100.0,18,2,971.74,800,14.949846153846154,65,2011-11-21 16:36:00
17101.0,10,7,2507.05,1175,34.34315068493151,54,2011-11-29 13:57:00
17102.0,262,1,25.5,2,25.5,1,2011-03-23 10:08:00
17103.0,722,1,424.3,471,13.259375,32,2009-12-17 14:08:00
17104.0,424,1,474.03,149,24.948947368421052,19,2010-10-12 12:21:00
17105.0,159,2,665.78,693,7.397555555555555,80,2011-07-03 15:53:00
17106.0,389,1,491.23,156,9.268490566037736,51,2010-11-15 14:11:00
17107.0,33,10,16075.42,7544,23.850771513353116,377,2011-11-06 14:14:00
17108.0,664,1,174.95,31,19.438888888888886,9,2010-02-14 12:22:00
17109.0,29,8,1295.46,789,9.253285714285715,124,2011-11-10 16:59:00
17110.0,165,3,510.7,142,10.013725490196078,38,2011-06-27 12:58:00
17111.0,47,2,476.58,601,9.726122448979591,44,2011-10-23 15:59:00
17112.0,503,1,205.17,134,4.1034,44,2010-07-25 11:14:00
17113.0,574,6,2322.59,915,14.607484276729561,122,2010-05-14 13:59:00
17114.0,6,8,808.62,219,6.367086614173228,85,2011-12-04 12:17:00
17115.0,8,7,2761.4900000000002,885,23.01241666666667,102,2011-12-01 14:30:00
17116.0,648,1,389.78,392,8.293191489361702,47,2010-03-01 16:29:00
17117.0,288,1,116.19999999999999,68,12.91111111111111,9,2011-02-24 13:54:00
17118.0,318,1,157.02,154,15.702000000000002,10,2011-01-26 12:19:00
17119.0,3,2,606.91,334,17.340285714285713,35,2011-12-06 14:40:00
17120.0,233,1,307.46,120,17.08111111111111,18,2011-04-20 15:21:00
17121.0,403,1,314.74,106,26.228333333333335,12,2010-11-02 11:47:00
17122.0,119,4,570.5,368,19.016666666666666,23,2011-08-12 14:33:00
17123.0,162,3,977.17,676,22.724883720930233,37,2011-07-01 10:47:00
17124.0,185,1,298.89,130,9.3403125,31,2011-06-07 14:02:00
17125.0,50,1,259.35,291,6.483750000000001,34,2011-10-20 14:41:00
17126.0,152,9,2070.44,1468,4.358821052631579,295,2011-07-10 13:52:00
17127.0,429,5,1155.0300000000002,340,31.217027027027033,27,2010-10-07 09:54:00
17128.0,335,1,157.09,76,11.220714285714285,14,2011-01-09 12:02:00
17129.0,520,1,31.85,5,15.925,2,2010-07-07 13:46:00
17131.0,5,5,2463.17,983,18.38186567164179,78,2011-12-04 12:52:00
17132.0,452,2,1272.8,980,16.317948717948717,62,2010-09-13 16:31:00
17133.0,16,12,14622.33,10107,261.11303571428573,22,2011-11-24 12:27:00
17134.0,107,3,637.1,148,17.21891891891892,31,2011-08-25 09:53:00
17135.0,16,10,1954.16,1922,12.2135,98,2011-11-23 16:48:00
17136.0,662,1,231.68,256,16.548571428571428,14,2010-02-15 13:13:00
17137.0,416,6,1133.63,697,6.441079545454546,125,2010-10-19 14:51:00
17138.0,276,7,4417.27,2024,17.2549609375,234,2011-03-09 11:54:00
17139.0,16,25,19584.46,9859,24.208232385661308,447,2011-11-24 10:12:00
17140.0,247,1,465.32,302,23.266,16,2011-04-06 13:33:00
17141.0,418,4,754.33,436,4.335229885057472,138,2010-10-17 14:54:00
17142.0,239,4,1283.75,323,14.26388888888889,78,2011-04-14 18:22:00
17143.0,417,2,924.11,330,7.637272727272728,82,2010-10-18 15:27:00
17144.0,1,2,984.57,483,20.511875,42,2011-12-08 17:57:00
17145.0,513,4,3120.91,2591,17.33838888888889,168,2010-07-15 09:02:00
17146.0,106,13,5860.24,2192,19.34072607260726,164,2011-08-26 12:44:00
17147.0,23,9,3199.95,1308,23.529044117647057,99,2011-11-17 12:32:00
17148.0,52,1,124.88,82,13.875555555555556,9,2011-10-19 09:59:00
17149.0,451,1,143.10000000000002,18,23.850000000000005,6,2010-09-14 14:56:00
17150.0,377,6,1375.65,403,14.791935483870969,64,2010-11-28 11:27:00
17151.0,735,1,231.90000000000003,42,57.97500000000001,4,2009-12-04 14:56:00
17152.0,195,4,2016.5,577,126.03125,9,2011-05-29 12:19:00
17153.0,24,1,213.78,104,15.27,14,2011-11-15 13:42:00
17154.0,75,1,329.34,490,14.319130434782608,23,2011-09-25 13:42:00
17155.0,18,7,892.46,987,12.225479452054795,43,2011-11-22 12:38:00
17156.0,492,1,591.87,391,15.176153846153847,39,2010-08-05 11:30:00
17157.0,8,19,5151.9,2092,36.53829787234042,78,2011-12-02 09:10:00
17158.0,32,5,1980.0,1147,17.52212389380531,74,2011-11-07 15:15:00
17159.0,22,5,2099.59,1348,16.15069230769231,115,2011-11-18 10:52:00
17160.0,31,17,10209.16,8390,15.68227342549923,215,2011-11-08 14:05:00
17161.0,444,1,856.01,537,16.46173076923077,52,2010-09-21 16:44:00
17162.0,29,10,1715.46,1001,16.494807692307692,81,2011-11-11 11:34:00
17163.0,22,4,699.78,531,23.326,27,2011-11-18 08:57:00
17164.0,33,7,2467.35,1501,17.134375,92,2011-11-07 09:14:00
17165.0,284,6,1794.32,788,17.9432,77,2011-02-28 16:39:00
17166.0,39,2,206.34,78,17.195,11,2011-11-01 09:46:00
17167.0,380,3,867.11,429,10.97607594936709,64,2010-11-25 10:05:00
17168.0,499,1,400.2,220,19.057142857142857,21,2010-07-29 12:33:00
17169.0,58,3,1156.73,671,15.423066666666667,64,2011-10-13 10:25:00
17170.0,374,2,178.68,152,17.868000000000002,8,2010-11-30 15:55:00
17171.0,289,2,384.59,225,15.3836,25,2011-02-23 16:37:00
17172.0,79,3,956.5699999999999,1215,24.527435897435897,39,2011-09-22 09:36:00
17173.0,5,8,3766.6,1122,43.79767441860465,36,2011-12-04 14:40:00
17174.0,218,1,59.9,41,14.975,4,2011-05-06 11:47:00
17175.0,44,4,1443.69,866,22.915714285714287,42,2011-10-26 15:31:00
17176.0,202,3,902.3199999999999,576,21.483809523809523,37,2011-05-22 12:41:00
17177.0,505,1,119.5,40,4.120689655172414,29,2010-07-22 14:53:00
17178.0,731,1,436.71,101,13.6471875,31,2009-12-08 16:20:00
17179.0,178,6,1507.26,625,9.539620253164557,75,2011-06-14 16:48:00
17180.0,56,11,2256.98,1828,5.5318137254901965,189,2011-10-14 15:46:00
17181.0,57,3,465.37,484,15.512333333333334,28,2011-10-13 14:48:00
17182.0,423,2,321.3,54,53.550000000000004,4,2010-10-13 10:09:00
17183.0,8,6,3347.31,1296,45.85356164383562,42,2011-12-02 10:07:00
17184.0,569,2,198.41000000000003,73,14.172142857142859,14,2010-05-19 14:24:00
17185.0,592,3,229.46,119,5.215,38,2010-04-27 12:15:00
17186.0,47,2,144.0,200,72.0,1,2011-10-24 10:20:00
17187.0,227,2,467.71,426,20.335217391304347,21,2011-04-27 12:39:00
17188.0,11,13,4592.93,2569,26.70308139534884,136,2011-11-28 13:53:00
17189.0,106,5,957.63,604,7.785609756097561,101,2011-08-25 19:39:00
17190.0,59,7,1743.04,2225,8.938666666666666,160,2011-10-12 11:33:00
17191.0,28,15,4836.05,2536,8.410521739130434,269,2011-11-11 16:58:00
17192.0,536,1,77.83,46,3.7061904761904763,20,2010-06-21 16:07:00
17193.0,36,9,2310.04,1668,52.50090909090909,28,2011-11-04 12:47:00
17194.0,274,3,812.5,420,13.319672131147541,57,2011-03-11 12:05:00
17195.0,655,1,562.98,486,18.160645161290322,31,2010-02-22 13:05:00
17196.0,428,1,352.9,168,3.3932692307692305,84,2010-10-08 11:31:00
17197.0,30,1,1013.01,191,34.93137931034483,29,2011-11-10 10:32:00
17198.0,24,3,1213.88,599,7.016647398843931,89,2011-11-16 10:39:00
17199.0,582,1,145.12,304,16.124444444444446,8,2010-05-06 13:53:00
17200.0,387,4,356.71,367,14.2684,25,2010-11-17 13:04:00
17201.0,54,4,1242.04,1075,6.677634408602151,154,2011-10-17 11:55:00
17202.0,421,1,160.65,55,20.08125,8,2010-10-15 11:25:00
17203.0,36,10,5575.88,4606,20.651407407407408,195,2011-11-04 12:27:00
17204.0,175,9,5504.6900000000005,2651,31.09994350282486,110,2011-06-17 14:46:00
17205.0,54,3,999.35,2214,28.552857142857142,27,2011-10-17 12:46:00
17206.0,53,1,204.24,76,29.177142857142858,7,2011-10-17 13:25:00
17207.0,652,1,303.21999999999997,241,4.525671641791044,55,2010-02-25 19:08:00
17208.0,396,1,115.35,103,4.8062499999999995,21,2010-11-09 12:50:00
17209.0,649,3,611.6,731,15.290000000000001,36,2010-02-28 16:01:00
17210.0,393,1,253.37,243,4.6920370370370375,47,2010-11-12 12:15:00
17211.0,27,13,4046.65,2345,10.733819628647215,217,2011-11-13 12:03:00
17212.0,253,3,794.41,727,27.393448275862067,29,2011-03-31 19:42:00
17213.0,40,13,5182.3,2179,18.4423487544484,130,2011-10-30 14:53:00
17214.0,60,6,1069.1200000000001,276,10.37980582524272,79,2011-10-10 13:17:00
17215.0,464,1,186.15,104,16.922727272727272,11,2010-09-01 13:39:00
17216.0,554,1,65.05,22,4.646428571428571,13,2010-06-03 13:03:00
17217.0,234,2,218.0,95,7.517241379310345,27,2011-04-19 17:19:00
17218.0,4,18,4192.68,2200,7.986057142857144,248,2011-12-05 13:52:00
17219.0,32,2,259.13,188,5.1826,43,2011-11-08 11:25:00
17220.0,24,21,4481.75,2699,6.581130690161527,408,2011-11-15 13:47:00
17221.0,7,5,978.52,715,7.766031746031746,115,2011-12-02 13:35:00
17222.0,65,6,1605.01,863,14.203628318584071,94,2011-10-05 13:58:00
17223.0,310,3,873.53,222,8.648811881188118,62,2011-02-02 15:57:00
17224.0,501,1,100.86,65,12.6075,8,2010-07-26 13:30:00
17225.0,582,1,131.15,36,26.23,5,2010-05-07 11:38:00
17226.0,309,3,900.12,855,14.756065573770492,51,2011-02-04 11:52:00
17227.0,19,12,2022.03,1774,16.17624,58,2011-11-21 10:51:00
17228.0,16,13,3177.24,2568,8.874972067039106,199,2011-11-24 10:24:00
17229.0,96,2,318.76,185,6.782127659574468,39,2011-09-04 13:56:00
17230.0,264,18,9924.95,3903,44.50650224215247,141,2011-03-20 16:12:00
17231.0,12,25,7197.04,3738,5.82284789644013,509,2011-11-27 15:18:00
17232.0,3,2,421.52,203,11.708888888888888,30,2011-12-07 12:21:00
17233.0,35,3,560.86,298,9.67,56,2011-11-04 14:06:00
17234.0,183,1,149.89000000000001,55,10.706428571428573,14,2011-06-10 11:20:00
17235.0,25,8,1904.8799999999999,971,19.24121212121212,52,2011-11-14 15:51:00
17236.0,13,12,1929.26,804,12.210506329113924,123,2011-11-27 12:00:00
17237.0,11,4,1002.08,415,12.526,76,2011-11-28 15:02:00
17238.0,3,32,7783.1,3720,6.322583265637693,486,2011-12-07 11:35:00
17239.0,313,4,1189.45,515,37.1703125,18,2011-01-31 09:41:00
17240.0,596,1,130.6,108,18.657142857142855,7,2010-04-22 15:44:00
17241.0,385,12,2744.14,865,16.047602339181285,116,2010-11-19 13:01:00
17242.0,108,5,2889.28,1459,34.396190476190476,44,2011-08-23 14:55:00
17243.0,1,69,20889.86,8198,18.421393298059964,359,2011-12-08 13:26:00
17244.0,53,5,1826.04,1419,15.217,109,2011-10-17 15:19:00
17245.0,205,2,371.63,307,14.8652,24,2011-05-19 10:43:00
17246.0,547,2,38.92,36,6.486666666666667,6,2010-06-11 12:36:00
17247.0,15,1,282.19,106,5.130727272727273,53,2011-11-24 15:21:00
17248.0,120,2,546.16,292,4.668034188034188,85,2011-08-11 13:34:00
17249.0,429,1,68.03,79,2.51962962962963,27,2010-10-07 11:33:00
17250.0,4,2,384.52,168,6.7459649122807015,55,2011-12-06 12:15:00
17251.0,363,3,812.4300000000001,379,10.155375000000001,65,2010-12-12 11:06:00
17252.0,117,2,353.86,193,4.067356321839081,86,2011-08-15 09:45:00
17253.0,18,1,178.26,43,9.903333333333332,18,2011-11-21 12:59:00
17254.0,5,3,470.73,398,3.180608108108108,129,2011-12-05 12:46:00
17255.0,41,4,799.13,594,4.205947368421053,163,2011-10-30 12:18:00
17256.0,107,5,498.93,299,16.094516129032257,20,2011-08-24 13:30:00
17257.0,436,2,192.73,188,12.848666666666666,14,2010-09-29 12:51:00
17258.0,397,2,417.3,188,7.587272727272728,46,2010-11-08 12:37:00
17259.0,148,6,1889.34,1158,5.725272727272727,179,2011-07-14 15:01:00
17260.0,411,1,120.95,23,20.158333333333335,6,2010-10-24 13:21:00
17261.0,510,1,230.44,98,5.009565217391304,43,2010-07-18 11:49:00
17262.0,52,11,2757.62,709,131.3152380952381,12,2011-10-18 12:56:00
17263.0,208,1,63.440000000000005,36,2.7582608695652175,23,2011-05-15 14:32:00
17264.0,424,1,279.59,227,3.3284523809523807,70,2010-10-11 12:52:00
17265.0,139,2,562.9,394,4.432283464566929,106,2011-07-24 10:49:00
17266.0,2,5,517.73,252,4.0766141732283465,95,2011-12-07 14:12:00
17267.0,127,2,317.62,159,8.358421052631579,37,2011-08-04 17:22:00
17268.0,108,11,1733.8899999999999,1395,57.79633333333333,26,2011-08-24 10:06:00
17269.0,386,1,537.46,336,3.681232876712329,110,2010-11-19 11:12:00
17270.0,469,2,604.4,421,12.33469387755102,45,2010-08-27 14:09:00
17271.0,736,1,210.39,117,4.045961538461539,46,2009-12-03 13:49:00
17272.0,42,4,2148.63,1778,18.847631578947368,70,2011-10-28 16:37:00
17273.0,424,1,141.12,133,11.76,12,2010-10-11 15:57:00
17274.0,35,2,577.38,273,7.308607594936709,76,2011-11-04 13:16:00
17275.0,383,1,114.52,72,4.7716666666666665,23,2010-11-21 13:26:00
17276.0,402,1,508.39,189,9.41462962962963,50,2010-11-02 16:20:00
17277.0,228,2,1065.3500000000001,430,15.43985507246377,67,2011-04-26 12:47:00
17278.0,241,2,271.24,195,15.955294117647059,17,2011-04-12 13:10:00
17279.0,58,1,187.82999999999998,48,20.869999999999997,8,2011-10-13 11:58:00
17280.0,438,1,118.85999999999999,74,19.81,6,2010-09-27 16:46:00
17281.0,374,6,797.8499999999999,295,132.975,2,2010-11-30 18:05:00
17282.0,130,5,2339.66,2351,10.78184331797235,168,2011-08-01 14:29:00
17283.0,379,1,188.46,179,12.564,15,2010-11-26 11:53:00
17284.0,60,8,2793.16,2071,7.468342245989304,285,2011-10-10 14:38:00
17285.0,628,2,428.34,140,8.741632653061224,41,2010-03-21 13:38:00
17286.0,22,3,395.48,371,4.25247311827957,89,2011-11-18 12:47:00
17287.0,26,21,4111.96,2101,8.3069898989899,279,2011-11-13 13:27:00
17288.0,9,11,2499.98,1706,8.474508474576272,233,2011-11-30 16:09:00
17289.0,32,9,2079.39,1260,7.453010752688171,202,2011-11-08 12:01:00
17290.0,4,8,1501.44,1147,7.396256157635468,184,2011-12-06 12:38:00
17291.0,308,1,550.8000000000001,72,550.8000000000001,1,2011-02-04 13:04:00
17292.0,472,2,271.75,131,18.116666666666667,14,2010-08-24 17:14:00
17293.0,8,17,3774.23,2234,15.405020408163265,148,2011-12-01 14:37:00
17294.0,669,2,467.78999999999996,297,27.51705882352941,17,2010-02-08 16:12:00
17295.0,29,3,556.95,294,8.071739130434784,53,2011-11-11 10:49:00
17296.0,730,1,338.13,216,10.246363636363636,32,2009-12-09 14:01:00
17297.0,17,1,131.78,67,2.583921568627451,49,2011-11-22 14:43:00
17298.0,101,5,957.5600000000001,854,13.679428571428572,61,2011-08-30 16:43:00
17299.0,12,6,1016.08,934,8.467333333333334,96,2011-11-28 12:01:00
17300.0,391,2,393.64,467,8.946363636363635,37,2010-11-14 10:56:00
17301.0,21,2,330.43,229,2.7308264462809917,107,2011-11-18 13:43:00
17302.0,15,5,1135.63,575,14.375063291139242,68,2011-11-25 09:36:00
17303.0,361,1,250.04,144,4.717735849056604,53,2010-12-13 13:32:00
17304.0,534,1,111.5,73,22.3,5,2010-06-23 16:23:00
17305.0,649,1,2135.46,1006,237.27333333333334,9,2010-03-01 12:47:00
17306.0,11,21,9782.35,13747,135.86597222222224,17,2011-11-29 12:14:00
17307.0,395,11,3999.8900000000003,3667,83.33104166666668,22,2010-11-09 13:40:00
17308.0,393,2,4511.76,5148,644.5371428571428,5,2010-11-11 13:19:00
17309.0,95,3,330.59000000000003,193,8.934864864864865,33,2011-09-05 15:20:00
17310.0,387,2,1025.1,402,512.55,1,2010-11-17 16:00:00
17311.0,78,6,3566.56,2755,28.083149606299212,124,2011-09-22 14:11:00
17312.0,139,3,644.3,372,46.021428571428565,11,2011-07-24 11:52:00
17313.0,31,1,2328.84,1402,97.03500000000001,24,2011-11-08 15:45:00
17314.0,25,17,4904.43,3663,19.1579296875,200,2011-11-15 09:41:00
17315.0,2,43,9650.6,5124,12.714888010540186,385,2011-12-08 12:15:00
17316.0,420,1,124.45,44,3.5557142857142856,35,2010-10-15 14:35:00
17317.0,46,3,2600.34,1146,288.9266666666667,8,2011-10-24 17:19:00
17318.0,725,1,164.28,60,9.126666666666667,17,2009-12-14 13:11:00
17319.0,669,1,29.1,14,9.700000000000001,3,2010-02-08 15:47:00
17320.0,100,6,2895.77,1392,16.64235632183908,86,2011-08-31 13:31:00
17321.0,8,6,1741.18,817,5.9023050847457625,241,2011-12-01 13:41:00
17322.0,376,5,922.59,631,5.2123728813559325,115,2010-11-28 14:41:00
17323.0,15,12,1565.59,1442,4.659494047619047,168,2011-11-24 17:29:00
17324.0,18,12,2301.87,1537,15.143881578947367,111,2011-11-22 10:34:00
17325.0,280,3,609.5699999999999,465,15.629999999999999,39,2011-03-04 13:09:00
17326.0,408,2,321.95,140,3.6174157303370786,82,2010-10-27 15:38:00
17327.0,410,2,152.35,59,38.0875,3,2010-10-26 09:54:00
17328.0,673,1,104.7,86,17.45,6,2010-02-04 17:11:00
17329.0,14,5,1004.4300000000001,432,9.566,80,2011-11-25 14:24:00
17330.0,23,4,423.8,122,52.975,7,2011-11-17 08:56:00
17331.0,124,1,175.2,16,175.2,1,2011-08-08 11:55:00
17332.0,528,5,838.27,794,8.823894736842105,82,2010-06-29 16:10:00
17333.0,86,1,494.25,375,17.651785714285715,28,2011-09-15 10:11:00
17334.0,302,3,635.15,566,20.488709677419354,20,2011-02-10 14:59:00
17335.0,384,2,508.0,216,13.025641025641026,34,2010-11-21 10:17:00
17336.0,472,1,81.12,48,81.12,1,2010-08-24 15:37:00
17337.0,151,4,2027.8700000000001,1269,3.7345672191528547,421,2011-07-11 14:55:00
17338.0,17,17,12142.57,5879,8.915249632892804,590,2011-11-22 14:23:00
17339.0,94,3,362.36,188,25.882857142857144,10,2011-09-06 13:29:00
17340.0,30,18,22404.82,11210,28.835032175032175,322,2011-11-10 10:45:00
17341.0,157,5,1889.83,1169,4.643316953316953,200,2011-07-06 12:33:00
17342.0,380,4,1227.54,521,35.07257142857143,31,2010-11-25 11:07:00
17343.0,355,6,1259.94,454,15.74925,61,2010-12-19 15:07:00
17344.0,46,2,468.11,213,6.784202898550725,64,2011-10-24 12:56:00
17345.0,15,10,1604.68,2013,7.533708920187793,174,2011-11-24 15:03:00
17346.0,4,26,5323.0,3653,5.275520317145689,517,2011-12-06 12:18:00
17347.0,86,1,228.96,216,228.96,1,2011-09-14 13:12:00
17348.0,15,9,2476.41,2793,5.371822125813448,326,2011-11-25 11:25:00
17349.0,179,5,852.25,840,9.066489361702128,74,2011-06-13 14:29:00
17350.0,8,7,1906.041,1216,13.055075342465752,124,2011-12-01 15:47:00
17351.0,36,12,1988.23,383,28.814927536231885,45,2011-11-03 18:45:00
17352.0,696,1,36.25,15,7.25,5,2010-01-12 16:13:00
17353.0,129,4,3242.0,2168,231.57142857142858,7,2011-08-02 17:19:00
17354.0,51,4,3143.46,2535,30.225576923076922,85,2011-10-20 10:34:00
17355.0,386,1,285.11,257,7.705675675675676,28,2010-11-18 13:18:00
17356.0,312,5,946.47,925,11.00546511627907,73,2011-02-01 11:07:00
17357.0,24,2,388.14,153,8.625333333333334,41,2011-11-15 16:30:00
17358.0,303,5,866.05,442,5.891496598639455,126,2011-02-09 16:57:00
17359.0,11,2,284.46,237,7.48578947368421,36,2011-11-28 14:37:00
17360.0,17,6,1231.3799999999999,636,5.13075,189,2011-11-22 13:11:00
17361.0,49,5,880.64,383,15.18344827586207,51,2011-10-21 15:43:00
17362.0,239,7,1024.04,549,7.1113888888888885,99,2011-04-14 14:43:00
17363.0,395,3,940.86,523,26.135,34,2010-11-09 17:11:00
17364.0,1,28,12070.42,7513,13.120021739130435,513,2011-12-09 09:00:00
17365.0,13,15,8224.98,8056,10.294092615769712,395,2011-11-27 12:13:00
17366.0,432,2,1096.24,510,8.120296296296296,120,2010-10-03 16:04:00
17367.0,238,1,168.4,150,4.952941176470588,33,2011-04-15 14:21:00
17368.0,23,14,2826.14,2343,11.775583333333334,195,2011-11-16 15:26:00
17369.0,456,1,979.1999999999999,1152,979.1999999999999,1,2010-09-10 09:49:00
17370.0,73,4,446.18,540,13.520606060606061,31,2011-09-28 10:14:00
17371.0,17,6,662.55,283,4.538013698630136,135,2011-11-22 13:30:00
17372.0,41,28,4377.56,1876,6.632666666666667,412,2011-10-30 11:37:00
17373.0,40,7,1167.5,738,12.82967032967033,65,2011-10-30 15:28:00
17374.0,219,3,727.11,155,17.312142857142856,34,2011-05-05 09:05:00
17375.0,199,4,660.55,480,7.6808139534883715,77,2011-05-24 15:45:00
17376.0,71,4,453.64,244,8.248,41,2011-09-30 12:36:00
17377.0,24,78,18319.41,7589,10.314983108108107,505,2011-11-16 11:17:00
17378.0,374,1,10.95,1,10.95,1,2010-11-30 18:46:00
17379.0,11,1,404.66,663,4.875421686746988,71,2011-11-28 13:56:00
17380.0,434,3,645.0,252,64.5,5,2010-10-01 16:42:00
17381.0,9,38,40002.37,45767,229.89867816091956,50,2011-12-01 11:59:00
17382.0,65,8,902.28,457,50.126666666666665,16,2011-10-05 13:05:00
17383.0,4,2,309.99,162,5.848867924528302,51,2011-12-05 17:36:00
17384.0,19,3,507.55,121,25.3775,15,2011-11-20 15:48:00
17385.0,15,1,261.11,201,5.555531914893617,42,2011-11-25 11:02:00
17386.0,8,7,2812.77,1955,74.02026315789473,32,2011-12-02 11:28:00
17387.0,20,2,784.11,542,10.052692307692308,71,2011-11-20 11:00:00
17388.0,78,11,2691.57,2567,47.22052631578948,41,2011-09-23 10:31:00
17389.0,1,61,57224.68,17882,132.77187935034803,63,2011-12-09 09:38:00
17390.0,421,1,149.3,49,12.441666666666668,12,2010-10-15 11:29:00
17391.0,164,2,508.8,480,169.6,2,2011-06-29 09:58:00
17392.0,307,3,626.56,493,8.244210526315788,66,2011-02-06 12:48:00
17393.0,411,2,381.15,238,7.940625,45,2010-10-25 11:10:00
17394.0,219,1,203.86999999999998,241,50.967499999999994,4,2011-05-04 13:22:00
17395.0,508,1,97.5,66,32.5,3,2010-07-19 15:34:00
17396.0,39,14,8807.1,2419,176.142,29,2011-10-31 14:12:00
17397.0,22,3,1233.18,697,8.93608695652174,132,2011-11-17 14:08:00
17398.0,115,3,653.38,310,17.19421052631579,30,2011-08-17 09:48:00
17400.0,126,8,4677.05,2199,9.723596673596674,345,2011-08-05 15:38:00
17401.0,541,1,114.85,34,9.570833333333333,11,2010-06-16 16:54:00
17402.0,5,23,5096.18,1571,25.104334975369458,105,2011-12-05 10:15:00
17403.0,36,2,400.57,194,8.708043478260869,45,2011-11-03 15:18:00
17404.0,4,23,47781.12,50679,163.63397260273973,126,2011-12-05 16:26:00
17405.0,1,3,1031.41,726,12.578170731707319,77,2011-12-08 17:12:00
17406.0,333,13,4905.05,2124,18.93841698841699,155,2011-01-10 15:07:00
17407.0,412,1,552.9,426,24.039130434782606,23,2010-10-24 11:57:00
17408.0,163,3,316.09000000000003,163,39.511250000000004,7,2011-06-29 12:53:00
17409.0,185,10,7793.51,4089,74.93759615384616,50,2011-06-08 10:36:00
17410.0,16,5,1214.72,616,18.98,57,2011-11-23 15:46:00
17411.0,12,5,1425.38,608,19.005066666666668,69,2011-11-27 14:25:00
17412.0,3,16,4417.52,2604,18.718305084745765,161,2011-12-07 11:36:00
17413.0,405,2,560.14,302,56.013999999999996,10,2010-10-31 12:33:00
17414.0,44,6,2249.52,6256,107.12,6,2011-10-27 12:13:00
17415.0,80,1,507.84,114,36.27428571428571,14,2011-09-21 12:50:00
17416.0,30,22,17298.45,8769,28.97562814070352,324,2011-11-10 12:47:00
17417.0,549,1,164.18,76,10.26125,16,2010-06-09 10:00:00
17418.0,42,3,670.0600000000001,521,15.953809523809525,40,2011-10-28 13:00:00
17419.0,11,18,6500.52,3087,20.44188679245283,203,2011-11-28 13:47:00
17420.0,50,6,1084.43,499,19.025087719298245,43,2011-10-20 14:52:00
17421.0,386,3,1059.41,807,18.265689655172416,46,2010-11-18 16:57:00
17422.0,16,11,3594.76,3538,17.535414634146342,149,2011-11-23 13:27:00
17423.0,46,3,1118.95,790,26.022093023255817,39,2011-10-24 13:36:00
17425.0,19,2,759.17,407,17.655116279069766,42,2011-11-20 15:30:00
17426.0,8,13,8077.77,5187,18.917494145199065,248,2011-12-01 18:07:00
17427.0,72,1,100.8,34,50.4,2,2011-09-29 11:29:00
17428.0,1,45,31819.760000000002,17504,43.648504801097396,422,2011-12-09 09:45:00
17429.0,128,5,1357.46,1286,14.289052631578947,80,2011-08-03 13:22:00
17430.0,33,4,735.17,515,17.50404761904762,30,2011-11-07 09:24:00
17431.0,313,1,403.3,292,9.37906976744186,41,2011-01-30 14:36:00
17432.0,18,9,1751.39,1016,6.322707581227437,213,2011-11-21 17:33:00
17433.0,88,2,569.96,305,6.128602150537635,81,2011-09-12 14:24:00
17434.0,2,7,2373.82,1693,17.715074626865672,100,2011-12-07 13:16:00
17435.0,411,1,331.35,195,22.09,15,2010-10-24 13:55:00
17436.0,2,5,534.06,178,31.415294117647054,8,2011-12-08 12:30:00
17437.0,530,1,373.17,284,7.040943396226416,52,2010-06-28 11:11:00
17438.0,254,5,1422.77,553,20.03901408450704,49,2011-03-31 10:26:00
17439.0,656,1,325.74,370,40.7175,8,2010-02-22 12:48:00
17440.0,157,4,323.58,282,53.93,4,2011-07-06 11:54:00
17441.0,732,1,293.35,245,13.96904761904762,21,2009-12-07 13:32:00
17442.0,37,15,4620.3,3134,16.326148409893992,188,2011-11-03 09:17:00
17443.0,220,1,534.24,504,534.24,1,2011-05-04 10:47:00
17444.0,148,3,2940.04,2119,21.778074074074073,132,2011-07-15 12:05:00
17446.0,177,2,120.9,198,13.433333333333334,6,2011-06-16 10:42:00
17447.0,40,2,541.53,443,15.042499999999999,33,2011-10-30 14:18:00
17448.0,497,46,14556.97,11548,13.032202327663384,569,2010-07-30 14:07:00
17449.0,2,13,4951.15,2535,8.279515050167223,292,2011-12-07 16:56:00
17450.0,8,51,246973.09,84720,582.4837028301887,144,2011-12-01 13:29:00
17451.0,1,7,1721.4,1203,17.214000000000002,83,2011-12-08 15:02:00
17453.0,18,2,486.71999999999997,219,25.616842105263157,19,2011-11-22 09:42:00
17454.0,192,10,1547.94,727,12.285238095238096,98,2011-05-31 13:58:00
17455.0,204,1,131.7,66,16.4625,8,2011-05-20 12:31:00
17456.0,365,2,1225.42,730,15.914545454545456,59,2010-12-09 15:23:00
17457.0,127,14,5984.8099999999995,2695,93.51265624999999,30,2011-08-05 12:48:00
17458.0,15,2,529.58,282,6.1579069767441865,81,2011-11-24 13:01:00
17459.0,43,2,657.3,537,5.921621621621621,88,2011-10-27 13:25:00
17460.0,94,16,2228.27,980,16.030719424460433,93,2011-09-06 15:04:00
17461.0,23,3,757.46,799,6.823963963963965,104,2011-11-17 10:21:00
17462.0,60,2,675.69,227,25.025555555555556,25,2011-10-10 13:56:00
17463.0,16,7,2557.91,1490,7.894783950617284,234,2011-11-23 13:40:00
17464.0,158,3,1000.94,652,23.831904761904763,35,2011-07-04 13:19:00
17465.0,426,7,2542.79,1477,17.906971830985917,103,2010-10-10 11:56:00
17466.0,10,2,763.28,306,18.61658536585366,41,2011-11-29 13:15:00
17467.0,395,1,102.6,20,25.65,4,2010-11-09 12:58:00
17468.0,10,3,194.8,184,24.35,8,2011-11-29 15:33:00
17469.0,16,17,5051.25,2304,18.918539325842698,165,2011-11-23 13:15:00
17470.0,45,11,2804.87,2843,16.896807228915662,111,2011-10-26 12:42:00
17471.0,475,1,321.65000000000003,153,16.928947368421053,19,2010-08-22 11:53:00
17472.0,191,4,935.1,558,4.065652173913044,183,2011-06-01 14:57:00
17473.0,409,2,607.0,270,17.852941176470587,33,2010-10-27 11:45:00
17474.0,600,1,1047.0,200,174.5,6,2010-04-19 10:43:00
17475.0,79,1,194.37,178,13.883571428571429,14,2011-09-21 14:55:00
17476.0,396,2,489.86,224,15.801935483870968,29,2010-11-09 10:21:00
17477.0,613,2,1144.3,225,26.00681818181818,44,2010-04-06 10:06:00
17478.0,408,2,1272.8,516,31.82,40,2010-10-27 15:01:00
17479.0,633,1,389.26000000000005,266,21.625555555555557,18,2010-03-17 09:26:00
17480.0,78,2,902.03,593,16.70425925925926,50,2011-09-23 11:39:00
17481.0,4,4,1255.59,1061,15.312073170731706,69,2011-12-06 12:28:00
17482.0,487,2,778.19,241,14.410925925925927,50,2010-08-09 15:33:00
17483.0,65,4,591.73,265,21.133214285714285,23,2011-10-05 13:10:00
17484.0,576,2,209.57,339,14.969285714285714,14,2010-05-12 15:41:00
17486.0,261,1,396.87,191,16.53625,24,2011-03-23 14:00:00
17487.0,728,1,160.55,37,20.06875,8,2009-12-11 15:06:00
17488.0,641,1,336.5,136,18.694444444444443,18,2010-03-08 14:07:00
17489.0,59,2,376.64,428,12.987586206896552,28,2011-10-12 08:56:00
17490.0,1,9,2750.5,1531,23.711206896551722,93,2011-12-09 09:08:00
17491.0,1,17,5981.07,3630,32.863021978021976,105,2011-12-08 16:18:00
17492.0,248,3,1122.42,450,28.78,32,2011-04-05 15:21:00
17493.0,385,1,100.91000000000001,62,12.613750000000001,8,2010-11-19 16:57:00
17494.0,502,1,54.699999999999996,26,18.23333333333333,3,2010-07-26 10:06:00
17495.0,8,3,806.72,367,16.80666666666667,38,2011-12-02 12:08:00
17496.0,359,4,1412.89,675,19.623472222222222,54,2010-12-16 08:39:00
17497.0,390,2,287.25,59,41.035714285714285,7,2010-11-14 14:17:00
17498.0,76,1,272.22,394,16.01294117647059,17,2011-09-25 12:25:00
17499.0,290,2,1341.39,1086,18.89281690140845,66,2011-02-23 09:14:00
17500.0,17,3,1138.0,17,227.6,3,2011-11-22 14:25:00
17501.0,221,2,288.6,160,16.033333333333335,18,2011-05-03 09:47:00
17502.0,9,4,689.1,376,24.610714285714288,25,2011-11-30 13:13:00
17503.0,3,2,558.96,486,14.709473684210527,36,2011-12-07 09:18:00
17504.0,206,18,9565.12,5517,27.644855491329483,244,2011-05-17 12:59:00
17505.0,162,5,2435.48,1242,23.877254901960786,83,2011-07-01 12:50:00
17506.0,76,1,302.2,139,21.585714285714285,14,2011-09-25 11:39:00
17507.0,262,2,605.58,359,6.881590909090909,79,2011-03-23 11:48:00
17508.0,281,8,4579.23,2891,19.823506493506493,199,2011-03-04 08:10:00
17509.0,58,8,6115.14,3534,16.708032786885248,75,2011-10-13 10:26:00
17510.0,25,2,514.56,422,14.701714285714283,28,2011-11-15 10:00:00
17511.0,3,60,175603.55,119656,91.89092098377812,657,2011-12-07 10:12:00
17512.0,29,18,5467.820000000001,5434,27.75543147208122,102,2011-11-11 12:11:00
17513.0,72,3,1158.8,440,64.37777777777778,18,2011-09-28 16:42:00
17514.0,128,2,542.83,295,6.2394252873563225,72,2011-08-03 15:45:00
17515.0,31,9,1617.46,528,8.985888888888889,91,2011-11-08 14:04:00
17516.0,15,6,957.55,527,4.885459183673469,150,2011-11-24 16:51:00
17517.0,309,1,153.94,102,13.994545454545454,11,2011-02-04 11:48:00
17518.0,426,2,329.42,267,4.278181818181818,71,2010-10-10 12:40:00
17519.0,17,15,5109.47,3414,23.015630630630632,142,2011-11-22 16:43:00
17520.0,54,1,546.81,365,18.226999999999997,30,2011-10-17 12:04:00
17521.0,30,5,1278.06,806,16.385384615384616,65,2011-11-10 11:22:00
17522.0,2,5,1070.71,1034,14.667260273972603,59,2011-12-08 12:31:00
17523.0,11,4,652.74,872,19.78,25,2011-11-28 13:20:00
17524.0,361,3,539.14,362,12.53813953488372,37,2010-12-13 14:32:00
17525.0,360,3,1161.9,338,44.68846153846154,19,2010-12-15 12:05:00
17526.0,5,12,4166.04,1482,42.948865979381445,67,2011-12-05 11:05:00
17527.0,54,4,939.37,488,19.98659574468085,45,2011-10-17 12:32:00
17528.0,1,8,3628.5,2138,14.34189723320158,183,2011-12-08 13:27:00
17529.0,610,2,1240.25,790,15.125,78,2010-04-08 17:51:00
17530.0,1,12,3141.51,1965,5.629946236559141,359,2011-12-08 18:42:00
17531.0,190,3,1266.82,472,21.841724137931035,54,2011-06-02 19:17:00
17532.0,386,1,65.34,30,16.335,4,2010-11-19 08:13:00
17533.0,435,1,34.8,24,34.8,1,2010-10-01 09:14:00
17534.0,54,5,1668.83,860,18.13945652173913,76,2011-10-17 12:47:00
17535.0,280,1,164.4,136,12.646153846153847,13,2011-03-04 15:20:00
17536.0,177,3,364.83,201,22.801875,16,2011-06-15 13:23:00
17537.0,30,2,897.62,700,11.968266666666667,74,2011-11-10 10:56:00
17538.0,26,1,98.42,134,10.935555555555556,9,2011-11-14 12:12:00
17539.0,618,4,1226.57,747,8.232013422818792,132,2010-04-01 12:07:00
17540.0,25,6,1590.6000000000001,588,24.853125000000002,41,2011-11-15 11:56:00
17541.0,510,1,124.46,46,3.7715151515151515,31,2010-07-18 11:36:00
17542.0,270,3,341.7,324,5.256923076923076,57,2011-03-15 11:45:00
17543.0,550,1,120.05,62,9.234615384615385,13,2010-06-08 12:41:00
17544.0,390,3,960.69,439,10.442282608695653,80,2010-11-14 15:08:00
17545.0,43,6,1448.54,733,5.210575539568345,204,2011-10-27 14:04:00
17547.0,376,2,727.85,223,23.479032258064517,22,2010-11-29 09:41:00
17548.0,234,4,731.26,494,21.50764705882353,22,2011-04-20 12:01:00
17549.0,24,2,148.86,210,24.810000000000002,5,2011-11-16 09:59:00
17550.0,197,9,2547.64,989,7.627664670658683,250,2011-05-26 14:09:00
17551.0,359,1,306.84,150,7.1358139534883716,39,2010-12-15 14:12:00
17552.0,60,12,3085.29,2095,19.7775,78,2011-10-10 17:00:00
17553.0,130,4,3757.6,2288,626.2666666666667,2,2011-08-02 10:00:00
17554.0,1,5,1952.45,1763,22.18693181818182,58,2011-12-08 14:15:00
17555.0,20,5,1057.74,747,3.88875,220,2011-11-20 12:22:00
17556.0,206,2,300.67,184,21.476428571428574,13,2011-05-18 10:48:00
17557.0,14,4,575.46,310,16.441714285714287,28,2011-11-25 12:57:00
17558.0,393,1,259.17,54,9.25607142857143,28,2010-11-11 14:36:00
17559.0,513,1,167.62,270,13.968333333333334,12,2010-07-15 12:02:00
17560.0,95,8,1895.8,1588,34.46909090909091,37,2011-09-06 09:18:00
17561.0,19,4,722.34,396,3.5583251231527093,163,2011-11-20 12:53:00
17562.0,14,7,1122.38,817,17.81555555555556,48,2011-11-25 14:21:00
17563.0,578,2,392.38,256,13.530344827586207,27,2010-05-10 14:54:00
17564.0,24,3,454.01,146,9.265510204081632,38,2011-11-15 13:27:00
17565.0,587,1,131.83,67,4.394333333333334,30,2010-05-02 11:54:00
17566.0,8,2,901.21,518,5.929013157894737,113,2011-12-01 19:54:00
17567.0,7,9,5356.03,3152,24.018071748878924,128,2011-12-02 15:48:00
17568.0,633,1,382.79,283,5.8890769230769235,61,2010-03-16 16:45:00
17569.0,332,1,344.14,159,11.866896551724137,29,2011-01-11 14:15:00
17570.0,382,1,100.0,1,100.0,1,2010-11-23 11:56:00
17571.0,50,5,1703.75,1020,4.826487252124646,290,2011-10-20 15:57:00
17572.0,71,10,723.01,351,20.08361111111111,14,2011-09-29 17:53:00
17573.0,29,3,380.6,308,15.224,24,2011-11-10 13:01:00
17574.0,243,1,185.65,77,23.20625,8,2011-04-11 09:47:00
17575.0,667,1,171.7,72,34.339999999999996,5,2010-02-10 13:48:00
17576.0,8,41,9056.81,4740,9.759493534482758,417,2011-12-01 17:56:00
17577.0,645,2,348.75,179,16.607142857142858,20,2010-03-04 13:01:00
17578.0,218,7,1047.33,529,16.11276923076923,57,2011-05-05 18:38:00
17579.0,5,4,753.28,375,8.013617021276595,89,2011-12-05 12:28:00
17580.0,253,5,545.27,224,5.739684210526316,78,2011-04-01 12:41:00
17581.0,1,43,18757.75,9972,22.067941176470587,387,2011-12-09 12:21:00
17582.0,236,5,1450.7,606,11.699193548387097,92,2011-04-17 13:18:00
17583.0,560,1,135.95,55,19.42142857142857,7,2010-05-28 14:24:00
17584.0,7,6,5309.42,2464,42.817903225806454,85,2011-12-02 17:12:00
17585.0,109,7,2093.3,2539,5.2727959697733,295,2011-08-22 13:30:00
17586.0,619,1,167.4,68,20.925,8,2010-03-30 13:12:00
17587.0,628,1,181.66,68,4.224651162790698,42,2010-03-21 14:16:00
17588.0,100,7,2939.55,1379,41.40211267605634,35,2011-08-31 13:37:00
17589.0,60,18,14049.87,8788,10.461556217423679,601,2011-10-10 16:58:00
17590.0,2,3,1479.22,828,7.359303482587065,162,2011-12-07 12:55:00
17591.0,73,8,2776.67,1173,10.360708955223881,93,2011-09-27 13:42:00
17592.0,739,1,148.3,38,11.407692307692308,13,2009-12-01 10:49:00
17593.0,4,11,8095.8,5607,19.794132029339853,311,2011-12-06 10:30:00
17594.0,85,4,2497.88,1368,24.018076923076926,70,2011-09-15 16:34:00
17595.0,12,2,388.79,229,4.68421686746988,68,2011-11-27 16:08:00
17596.0,23,13,4920.67,7619,8.834236983842011,274,2011-11-16 14:11:00
17597.0,214,5,3484.09,2215,27.219453125,109,2011-05-10 11:54:00
17598.0,381,1,409.98,126,40.998000000000005,10,2010-11-23 17:43:00
17599.0,478,1,52.05,11,17.349999999999998,3,2010-08-19 12:50:00
17600.0,18,1,161.67000000000002,144,12.436153846153847,13,2011-11-22 09:43:00
17601.0,239,2,421.48,299,5.545789473684211,69,2011-04-14 18:02:00
17602.0,2,14,7451.13,5936,8.03789644012945,450,2011-12-07 13:53:00
17603.0,78,4,1793.48,640,16.761495327102804,104,2011-09-22 14:18:00
17604.0,217,6,945.9300000000001,616,4.504428571428572,142,2011-05-06 13:43:00
17605.0,590,1,160.75,71,12.365384615384615,13,2010-04-28 14:45:00
17606.0,737,1,87.30000000000001,42,14.550000000000002,6,2009-12-02 13:32:00
17607.0,376,1,333.81,269,15.173181818181819,22,2010-11-28 13:11:00
17608.0,33,4,498.53,539,2.9498816568047337,134,2011-11-06 13:06:00
17609.0,41,11,1894.34,1325,4.869768637532133,317,2011-10-30 12:28:00
17610.0,540,5,1529.49,902,9.741974522292994,114,2010-06-17 16:34:00
17611.0,7,28,8371.98,5356,7.448380782918149,722,2011-12-02 13:29:00
17612.0,53,18,5394.86,3521,15.867235294117647,213,2011-10-17 14:59:00
17613.0,23,14,4559.150000000001,2496,14.612660256410258,211,2011-11-17 10:51:00
17614.0,57,1,390.07,238,3.9007,97,2011-10-13 16:01:00
17615.0,130,6,733.2,386,12.427118644067797,47,2011-08-01 14:06:00
17616.0,174,4,1060.8,416,212.16,1,2011-06-19 10:11:00
17617.0,559,1,395.33,255,20.806842105263158,18,2010-05-30 12:48:00
17618.0,6,11,4073.2400000000002,1820,10.861973333333333,202,2011-12-04 11:50:00
17619.0,312,1,218.52,127,2.837922077922078,71,2011-01-31 14:18:00
17620.0,60,1,81.44,60,20.36,4,2011-10-11 12:08:00
17621.0,21,6,3175.12,1110,48.10787878787879,61,2011-11-18 17:11:00
17622.0,598,2,1130.21,379,29.742368421052632,19,2010-04-21 12:36:00
17623.0,33,7,2383.67,801,12.161581632653062,130,2011-11-07 11:32:00
17624.0,15,4,1568.63,958,16.171443298969074,91,2011-11-25 10:52:00
17625.0,18,8,6067.8,3551,8.631294452347085,429,2011-11-21 13:36:00
17626.0,603,1,254.0,202,14.11111111111111,18,2010-04-16 12:15:00
17627.0,479,1,296.36,676,29.636000000000003,10,2010-08-18 11:27:00
17628.0,81,1,75.75,79,15.15,5,2011-09-19 15:21:00
17629.0,6,10,2455.52,1903,15.740512820512821,129,2011-12-04 10:56:00
17630.0,170,2,503.59999999999997,158,19.369230769230768,24,2011-06-23 11:58:00
17631.0,2,7,998.49,591,14.470869565217392,66,2011-12-08 09:47:00
17633.0,31,7,2057.39,899,20.37019801980198,84,2011-11-08 13:25:00
17634.0,36,9,2361.9700000000003,840,7.952760942760944,209,2011-11-03 13:09:00
17635.0,424,3,1265.58,770,17.10243243243243,60,2010-10-11 15:12:00
17636.0,19,1,285.56,182,14.278,20,2011-11-20 14:40:00
17637.0,31,2,547.0600000000001,280,15.630285714285716,35,2011-11-08 12:51:00
17638.0,647,2,842.4,432,280.8,2,2010-03-02 14:32:00
17639.0,276,6,615.17,576,7.7869620253164555,59,2011-03-08 15:22:00
17640.0,87,6,3168.94,1692,48.014242424242425,48,2011-09-14 09:13:00
17642.0,120,5,1824.49,1475,16.893425925925925,88,2011-08-12 09:11:00
17643.0,373,2,541.25,297,13.878205128205128,30,2010-12-01 14:38:00
17644.0,1,20,6028.6,3469,18.436085626911318,160,2011-12-08 13:43:00
17646.0,219,12,4149.79,1418,20.242878048780486,124,2011-05-04 13:17:00
17647.0,65,3,331.65999999999997,82,27.638333333333332,12,2011-10-05 15:38:00
17648.0,61,5,2216.37,954,17.73096,114,2011-10-10 09:41:00
17649.0,138,3,1578.89,723,16.111122448979593,88,2011-07-24 15:53:00
17650.0,21,1,166.08,150,20.76,8,2011-11-18 14:52:00
17651.0,12,16,5703.52,4086,17.179277108433737,198,2011-11-28 10:29:00
17652.0,25,12,4867.72,2509,18.794285714285714,118,2011-11-14 12:55:00
17653.0,37,4,1207.56,1409,27.44454545454545,44,2011-11-03 12:46:00
17654.0,277,1,117.55,41,5.343181818181818,22,2011-03-07 13:17:00
17655.0,11,9,3652.48,1542,30.437333333333335,75,2011-11-29 11:34:00
17656.0,73,5,1674.69,1399,20.423048780487804,67,2011-09-27 13:04:00
17657.0,430,1,126.0,60,18.0,7,2010-10-05 14:52:00
17658.0,26,2,595.42,616,31.337894736842102,17,2011-11-14 12:07:00
17659.0,17,14,3834.79,1816,18.79799019607843,150,2011-11-22 13:29:00
17660.0,141,2,359.47,268,4.0389887640449444,75,2011-07-21 13:37:00
17662.0,662,2,412.92,184,27.528000000000002,14,2010-02-16 09:38:00
17663.0,26,17,5175.83,2297,21.74718487394958,153,2011-11-14 08:56:00
17664.0,19,4,1166.23,1058,14.577875,68,2011-11-21 11:29:00
17665.0,493,1,563.1,690,29.63684210526316,19,2010-08-03 13:12:00
17666.0,4,5,2047.8,1552,46.54090909090909,30,2011-12-06 09:06:00
17667.0,66,9,3950.7,2192,17.17695652173913,140,2011-10-04 14:32:00
17668.0,1,2,347.75,93,23.183333333333334,14,2011-12-08 13:25:00
17669.0,43,10,6142.35,3505,42.655208333333334,85,2011-10-28 08:53:00
17670.0,228,1,205.7,110,18.7,11,2011-04-26 09:12:00
17671.0,16,5,2403.34,1177,26.123260869565218,54,2011-11-24 12:21:00
17672.0,50,7,5778.63,2758,28.051601941747574,179,2011-10-20 14:18:00
17673.0,2,13,4233.58,3338,8.1415,195,2011-12-08 12:50:00
17674.0,74,2,851.7,1021,22.413157894736845,19,2011-09-26 13:35:00
17675.0,1,70,38259.6,16416,33.918085106382975,345,2011-12-08 18:03:00
17676.0,4,10,2765.84,1932,16.86487804878049,85,2011-12-05 15:16:00
17677.0,2,54,36692.91,21936,51.534985955056186,346,2011-12-08 09:56:00
17678.0,264,2,599.76,368,21.419999999999998,27,2011-03-21 11:52:00
17679.0,53,7,3577.61,1755,44.16802469135803,70,2011-10-18 07:43:00
17680.0,24,3,497.45,155,24.8725,20,2011-11-16 12:42:00
17681.0,597,5,731.2,450,52.228571428571435,12,2010-04-21 17:22:00
17682.0,10,11,4456.78,2491,18.72596638655462,85,2011-11-29 15:59:00
17683.0,386,3,819.01,781,17.804565217391303,41,2010-11-19 10:11:00
17684.0,44,1,239.41,145,15.960666666666667,15,2011-10-27 11:10:00
17685.0,17,12,5943.17,3854,27.902206572769952,124,2011-11-23 11:36:00
17686.0,7,9,8296.81,3583,19.339883449883448,283,2011-12-02 15:39:00
17687.0,421,1,432.68,210,16.641538461538463,26,2010-10-15 12:30:00
17688.0,394,1,304.2,114,16.010526315789473,19,2010-11-11 10:41:00
17689.0,388,2,317.08,300,14.412727272727272,17,2010-11-16 13:22:00
17690.0,30,20,7448.1,3126,19.4467362924282,237,2011-11-09 15:17:00
17691.0,358,4,780.0500000000001,373,15.00096153846154,37,2010-12-16 17:20:00
17692.0,127,12,2975.8,2338,18.36913580246914,90,2011-08-04 14:01:00
17693.0,137,1,200.47,231,12.529375,16,2011-07-25 15:48:00
17694.0,142,3,1695.97,1493,20.937901234567903,54,2011-07-21 12:00:00
17695.0,132,5,1746.04,1809,28.623606557377048,46,2011-07-31 10:40:00
17696.0,38,27,7679.59,5891,21.039972602739727,191,2011-11-01 13:43:00
17697.0,236,1,338.95,93,17.839473684210525,19,2011-04-17 15:40:00
17698.0,261,1,154.95,93,19.36875,8,2011-03-24 11:34:00
17699.0,477,2,442.0,208,23.263157894736842,17,2010-08-20 09:39:00
17700.0,17,14,6679.97,3469,18.555472222222225,259,2011-11-23 11:51:00
17701.0,253,1,417.95,109,17.414583333333333,24,2011-04-01 12:25:00
17702.0,30,6,3144.04,2153,20.549281045751634,120,2011-11-09 16:03:00
17703.0,35,4,1094.84,897,14.036410256410255,63,2011-11-04 15:51:00
17704.0,169,2,885.19,343,28.554516129032258,27,2011-06-24 09:40:00
17705.0,3,11,2083.9,1301,17.365833333333335,74,2011-12-06 13:45:00
17706.0,4,31,20749.98,8049,27.124156862745096,408,2011-12-05 13:34:00
17707.0,185,8,609.3000000000001,546,25.387500000000003,9,2011-06-07 15:03:00
17708.0,188,4,887.9300000000001,388,11.999054054054055,57,2011-06-05 10:12:00
17709.0,170,5,671.01,295,16.77525,37,2011-06-23 11:55:00
17710.0,424,1,293.5,158,14.675,20,2010-10-12 07:49:00
17711.0,11,2,385.1,246,16.743478260869566,22,2011-11-29 11:40:00
17712.0,45,1,522.91,215,18.031379310344825,29,2011-10-26 12:28:00
17713.0,382,4,1198.09,989,15.764342105263157,55,2010-11-22 16:50:00
17714.0,321,5,1410.18,608,17.40962962962963,69,2011-01-23 10:32:00
17715.0,201,2,489.59999999999997,576,244.79999999999998,1,2011-05-23 12:32:00
17716.0,23,24,15956.97,8819,26.55069883527454,334,2011-11-17 12:00:00
17717.0,421,1,376.92,344,14.496923076923078,26,2010-10-14 12:54:00
17718.0,232,2,439.18,274,19.094782608695652,22,2011-04-21 13:39:00
17719.0,38,15,5396.04,2466,19.693576642335767,111,2011-11-02 10:36:00
17720.0,26,10,2768.91,1613,20.818872180451127,81,2011-11-13 15:04:00
17721.0,659,1,307.21000000000004,107,27.928181818181823,11,2010-02-18 15:18:00
17722.0,96,5,4430.36,2937,20.229954337899542,163,2011-09-04 15:22:00
17723.0,127,7,3378.4000000000005,912,281.53333333333336,6,2011-08-04 18:37:00
17724.0,71,3,1033.0,300,25.825,38,2011-09-29 15:26:00
17725.0,16,11,3439.08,2162,17.911875,115,2011-11-23 16:34:00
17726.0,395,7,1092.06,444,17.0634375,52,2010-11-09 13:37:00
17727.0,15,1,1060.25,645,16.064393939393938,66,2011-11-24 17:06:00
17728.0,4,5,4238.76,2146,17.371967213114754,196,2011-12-06 08:52:00
17729.0,596,1,438.65000000000003,247,19.071739130434786,23,2010-04-22 15:03:00
17730.0,3,20,7773.8,5300,24.757324840764333,177,2011-12-06 15:43:00
17731.0,79,6,1708.99,707,17.262525252525254,82,2011-09-21 15:02:00
17732.0,373,8,2470.39,1151,17.645642857142857,90,2010-12-02 09:29:00
17733.0,39,2,692.19,463,19.776857142857143,33,2011-11-01 08:16:00
17734.0,54,6,1442.32,741,16.771162790697673,76,2011-10-17 12:33:00
17735.0,2,26,17244.93,10901,19.246573660714287,391,2011-12-07 16:47:00
17736.0,9,3,377.44,238,15.0976,24,2011-11-30 15:36:00
17737.0,9,2,168.24,108,16.824,8,2011-11-30 15:16:00
17738.0,19,13,4183.56,2776,18.18939130434783,173,2011-11-20 15:05:00
17739.0,12,18,7730.59,2335,51.88315436241611,56,2011-11-28 09:12:00
17740.0,389,6,426.9,222,47.43333333333333,5,2010-11-15 16:33:00
17741.0,407,2,101.1,114,16.849999999999998,6,2010-10-29 11:59:00
17742.0,113,11,2098.48,653,24.688,52,2011-08-18 15:28:00
17743.0,448,1,229.2,96,76.39999999999999,3,2010-09-17 14:54:00
17744.0,4,7,2649.14,3826,17.543973509933775,121,2011-12-06 12:11:00
17745.0,478,2,600.34,164,21.440714285714286,27,2010-08-19 12:30:00
17746.0,240,4,904.1800000000001,688,25.116111111111113,32,2011-04-13 14:31:00
17747.0,113,1,71.4,12,71.4,1,2011-08-19 08:13:00
17748.0,527,1,358.15,111,21.06764705882353,17,2010-06-30 13:49:00
17749.0,178,3,1026.18,446,18.003157894736844,52,2011-06-14 15:45:00
17750.0,5,9,1797.57,3957,9.313834196891191,101,2011-12-04 14:09:00
17751.0,421,1,157.85999999999999,147,4.9331249999999995,31,2010-10-14 13:57:00
17752.0,359,1,80.64,192,80.64,1,2010-12-15 16:19:00
17753.0,464,4,390.56,128,5.424444444444444,63,2010-09-01 15:49:00
17754.0,1,13,4577.53,4441,20.07688596491228,185,2011-12-09 11:20:00
17756.0,376,3,733.7,400,8.631764705882354,54,2010-11-29 12:20:00
17757.0,1,56,9422.45,5163,7.192709923664123,362,2011-12-08 15:31:00
17758.0,19,12,5012.53,3236,9.351735074626864,403,2011-11-20 14:45:00
17759.0,17,5,1276.91,976,9.252971014492754,114,2011-11-22 16:02:00
17760.0,22,6,918.93,696,12.091184210526315,58,2011-11-18 10:56:00
17761.0,33,1,712.78,398,37.514736842105265,19,2011-11-07 10:23:00
17762.0,456,1,129.75,129,7.632352941176471,16,2010-09-09 17:40:00
17763.0,263,4,86.15,41,6.153571428571429,11,2011-03-21 14:25:00
17764.0,51,5,1623.64,729,10.211572327044026,126,2011-10-20 11:03:00
17765.0,159,4,530.8,197,6.395180722891566,71,2011-07-04 12:41:00
17766.0,381,2,299.61,155,13.618636363636364,21,2010-11-23 14:29:00
17767.0,15,2,413.05,198,10.591025641025642,35,2011-11-24 14:42:00
17768.0,8,7,3509.51,2433,18.471105263157895,134,2011-12-01 13:22:00
17769.0,13,17,7103.08,3176,12.018747884940778,330,2011-11-27 11:18:00
17770.0,199,5,1143.27,365,30.086052631578948,33,2011-05-25 12:34:00
17771.0,57,4,387.41,373,5.6146376811594205,63,2011-10-14 11:43:00
17772.0,11,3,384.77,122,3.6644761904761904,94,2011-11-29 11:05:00
17773.0,514,2,585.27,260,10.45125,48,2010-07-13 14:07:00
17774.0,97,9,3328.05,1609,8.11719512195122,286,2011-09-04 12:49:00
17775.0,255,1,56.4,72,18.8,3,2011-03-30 10:50:00
17776.0,387,2,338.56,277,4.0304761904761905,74,2010-11-18 12:14:00
17777.0,25,3,665.86,507,3.4322680412371134,141,2011-11-15 12:02:00
17778.0,662,1,197.70000000000002,214,19.770000000000003,10,2010-02-16 12:44:00
17779.0,21,3,658.57,397,8.031341463414634,73,2011-11-18 14:15:00
17780.0,667,3,352.91,158,4.356913580246914,76,2010-02-10 13:43:00
17781.0,159,2,188.02,34,15.668333333333335,12,2011-07-03 16:00:00
17782.0,383,2,679.02,538,23.41448275862069,29,2010-11-22 11:15:00
17783.0,72,3,379.91,439,4.12945652173913,91,2011-09-28 16:07:00
17784.0,550,1,112.86,72,4.90695652173913,19,2010-06-07 16:08:00
17785.0,53,3,403.38,227,7.909411764705882,48,2011-10-17 13:43:00
17786.0,85,2,278.74,200,3.871388888888889,57,2011-09-15 12:51:00
17787.0,153,4,2601.4700000000003,1266,15.76648484848485,94,2011-07-10 11:24:00
17788.0,74,2,1117.9,211,223.58,3,2011-09-27 10:09:00
17789.0,281,2,397.15,199,13.694827586206896,27,2011-03-03 13:14:00
17790.0,27,20,2783.61,1389,9.156611842105264,188,2011-11-13 11:30:00
17791.0,30,1,106.1,46,10.61,10,2011-11-10 12:09:00
17792.0,467,2,370.05,151,6.9820754716981135,45,2010-08-29 14:30:00
17793.0,25,1,323.04,232,5.5696551724137935,49,2011-11-14 14:24:00
17794.0,687,2,147.3,46,21.042857142857144,7,2010-01-22 10:18:00
17795.0,180,2,350.39,341,7.617173913043478,43,2011-06-13 12:36:00
17796.0,40,7,1361.99,379,6.053288888888889,149,2011-10-30 15:38:00
17797.0,22,8,1985.87,1090,7.221345454545454,222,2011-11-17 13:21:00
17798.0,582,1,183.09,142,3.736530612244898,43,2010-05-07 11:42:00
17799.0,22,20,6341.89,3707,6.8486933045356375,478,2011-11-17 15:16:00
17800.0,37,9,1199.01,736,11.528942307692308,51,2011-11-02 12:57:00
17801.0,451,3,798.3299999999999,838,9.392117647058823,66,2010-09-14 14:32:00
17802.0,82,10,5053.12,2786,9.35762962962963,283,2011-09-18 14:56:00
17803.0,392,1,184.66,98,6.839259259259259,27,2010-11-12 13:53:00
17804.0,376,3,385.23,195,4.187282608695653,82,2010-11-28 14:01:00
17805.0,74,2,927.03,1126,84.27545454545454,10,2011-09-27 11:49:00
17806.0,11,1,546.04,727,12.698604651162789,43,2011-11-28 14:12:00
17807.0,395,3,437.87,262,4.9198876404494385,88,2010-11-09 16:21:00
17808.0,549,4,262.64,143,7.958787878787878,29,2010-06-09 10:44:00
17809.0,16,20,11337.39,3353,101.22669642857143,59,2011-11-23 12:59:00
17810.0,669,2,374.81,119,6.693035714285714,51,2010-02-09 10:47:00
17811.0,4,47,9609.8,5327,8.130118443316412,538,2011-12-05 13:46:00
17812.0,13,7,1165.8899999999999,612,5.00381974248927,162,2011-11-27 11:47:00
17813.0,14,5,1770.8799999999999,790,4.773261455525606,297,2011-11-25 16:13:00
17814.0,375,2,1617.32,1440,11.077534246575341,112,2010-11-29 14:21:00
17815.0,393,1,591.96,612,45.535384615384615,13,2010-11-11 14:39:00
17816.0,37,6,112.32,96,2.042181818181818,41,2011-11-03 11:34:00
17817.0,4,6,807.85,365,5.853985507246377,115,2011-12-05 14:39:00
17818.0,738,1,130.18,90,2.83,42,2009-12-02 11:34:00
17819.0,72,12,6612.5199999999995,1849,65.47049504950495,66,2011-09-29 10:52:00
17820.0,374,1,183.56,112,4.37047619047619,39,2010-11-30 17:43:00
17821.0,406,1,334.62,162,55.77,6,2010-10-29 13:20:00
17822.0,420,5,2188.5,1389,12.434659090909092,152,2010-10-15 13:47:00
17823.0,421,2,494.25,262,4.493181818181818,88,2010-10-14 16:24:00
17824.0,51,1,298.4,408,22.95384615384615,13,2011-10-19 14:14:00
17825.0,599,4,731.96,540,26.141428571428573,24,2010-04-20 12:01:00
17826.0,374,1,134.59,85,3.958529411764706,33,2010-11-30 13:23:00
17827.0,5,6,2388.05,1592,8.291840277777778,240,2011-12-04 15:00:00
17828.0,23,4,1820.09,667,27.1655223880597,54,2011-11-17 08:41:00
17829.0,299,5,4756.74,3009,27.817192982456138,121,2011-02-14 12:46:00
17830.0,2,3,398.7,92,17.33478260869565,18,2011-12-08 12:28:00
17831.0,33,1,35.400000000000006,12,17.700000000000003,2,2011-11-06 15:09:00
17832.0,50,1,155.37,208,2.547049180327869,61,2011-10-21 11:43:00
17833.0,723,1,342.36,145,10.69875,28,2009-12-16 13:40:00
17834.0,415,2,730.47,687,12.38084745762712,54,2010-10-21 12:09:00
17835.0,3,3,350.64,348,5.7481967213114755,45,2011-12-07 11:48:00
17836.0,47,1,110.21000000000001,88,4.592083333333334,23,2011-10-23 16:13:00
17837.0,42,8,1593.38,518,9.42828402366864,110,2011-10-28 16:13:00
17838.0,27,13,6722.900000000001,4149,21.827597402597405,141,2011-11-13 11:20:00
17839.0,42,1,338.8,285,6.05,50,2011-10-28 17:27:00
17840.0,444,1,185.72,138,3.3767272727272726,44,2010-09-22 12:24:00
17841.0,2,211,70884.07,37558,5.499152055857254,2116,2011-12-08 12:07:00
17842.0,602,1,430.69,89,23.927222222222223,18,2010-04-16 14:23:00
17843.0,303,2,326.23,276,5.09734375,58,2011-02-09 15:33:00
17844.0,107,1,51.559999999999995,52,10.312,5,2011-08-25 11:27:00
17845.0,555,4,598.19,196,12.462291666666667,42,2010-06-02 15:20:00
17846.0,85,1,2033.1,1,2033.1,1,2011-09-15 15:20:00
17847.0,516,2,129.69,29,14.41,9,2010-07-12 10:00:00
17848.0,81,30,3650.9,1438,21.73154761904762,105,2011-09-19 16:49:00
17849.0,218,8,1063.76,224,21.275199999999998,24,2011-05-05 13:46:00
17850.0,372,155,56600.08,22785,20.243233190271816,100,2010-12-02 15:27:00
17851.0,422,6,1563.34,938,6.596371308016877,185,2010-10-13 15:13:00
17852.0,12,5,663.21,376,6.029181818181819,82,2011-11-28 12:36:00
17853.0,407,3,1608.19,627,15.171603773584906,84,2010-10-28 15:29:00
17854.0,185,6,1071.45,610,8.92875,113,2011-06-07 16:21:00
17855.0,373,1,417.94,394,12.292352941176471,17,2010-12-02 09:44:00
17856.0,2,4,1418.03,842,94.53533333333333,12,2011-12-08 09:40:00
17857.0,4,24,28682.24,22060,478.0373333333334,21,2011-12-05 13:13:00
17858.0,6,30,12797.65,5483,32.39911392405063,173,2011-12-04 11:56:00
17859.0,305,1,148.21,127,5.9284,23,2011-02-08 10:32:00
17860.0,369,4,1015.54,817,4.3773275862068965,127,2010-12-06 12:41:00
17861.0,3,18,5127.69,4574,9.027623239436618,329,2011-12-06 16:21:00
17862.0,324,4,1279.09,443,12.540098039215685,90,2011-01-20 12:23:00
17863.0,59,12,5745.2,4952,20.815942028985507,154,2011-10-11 13:45:00
17864.0,13,5,924.32,1121,6.374620689655173,93,2011-11-27 11:15:00
17865.0,31,46,26374.39,12985,25.90804518664047,391,2011-11-09 12:08:00
17866.0,143,3,1134.95,535,43.651923076923076,20,2011-07-20 11:07:00
17867.0,30,15,1621.2800000000002,672,11.498439716312058,119,2011-11-09 14:15:00
17868.0,386,1,234.65,91,12.35,18,2010-11-18 18:55:00
17869.0,107,7,1036.16,560,10.573061224489797,72,2011-08-24 16:16:00
17870.0,2,13,3108.15,1877,11.021808510638298,215,2011-12-07 15:07:00
17871.0,205,5,1118.99,713,13.164588235294119,64,2011-05-19 11:32:00
17872.0,382,1,235.87,176,15.724666666666668,15,2010-11-23 12:02:00
17873.0,80,18,6515.88,4312,36.40156424581006,65,2011-09-20 16:41:00
17874.0,185,6,683.46,221,14.857826086956523,37,2011-06-07 12:54:00
17875.0,688,1,167.1,98,6.426923076923076,25,2010-01-20 15:30:00
17876.0,400,3,3424.02,1958,856.005,3,2010-11-05 10:52:00
17877.0,170,1,237.61,98,19.800833333333333,12,2011-06-22 13:00:00
17878.0,44,3,1412.33,1038,16.61564705882353,82,2011-10-27 11:24:00
17879.0,174,1,178.51999999999998,45,29.75333333333333,6,2011-06-19 12:36:00
17880.0,365,3,824.9200000000001,466,18.331555555555557,43,2010-12-10 10:21:00
17881.0,304,1,133.35000000000002,32,16.668750000000003,8,2011-02-08 17:16:00
17882.0,379,2,313.46,134,5.597499999999999,47,2010-11-25 14:40:00
17883.0,3,7,995.85,481,5.658238636363636,155,2011-12-06 17:49:00
17884.0,4,20,3072.89,3088,6.375290456431535,305,2011-12-06 11:33:00
17885.0,12,1,190.19,167,2.97171875,50,2011-11-27 14:40:00
17886.0,32,6,1608.38,725,9.190742857142858,138,2011-11-08 10:09:00
17887.0,129,1,111.35,30,11.135,10,2011-08-02 17:29:00
17888.0,21,25,1820.44,1544,11.168343558282208,145,2011-11-18 13:45:00
17889.0,212,7,774.87,417,6.351393442622951,97,2011-05-11 16:26:00
17890.0,323,2,602.09,416,6.405212765957447,88,2011-01-21 11:19:00
17891.0,162,1,203.85999999999999,393,5.995882352941176,34,2011-06-30 20:08:00
17892.0,56,3,244.1,109,8.717857142857143,27,2011-10-14 16:49:00
17893.0,225,1,112.25,161,7.015625,15,2011-04-28 13:50:00
17894.0,72,18,2453.38,1020,5.813696682464455,215,2011-09-29 09:23:00
17895.0,44,1,98.0,130,6.125,15,2011-10-26 17:00:00
17896.0,23,1,256.32,288,128.16,2,2011-11-16 13:59:00
17897.0,173,9,2585.0,1043,7.471098265895954,211,2011-06-20 11:23:00
17898.0,85,4,299.18,251,5.9836,48,2011-09-15 14:56:00
17899.0,159,1,155.8,171,4.86875,29,2011-07-03 14:58:00
17900.0,190,2,112.19999999999999,73,18.7,4,2011-06-02 14:38:00
17901.0,29,3,260.08,38,11.82181818181818,22,2011-11-10 17:29:00
17902.0,547,1,216.39999999999998,526,9.016666666666666,24,2010-06-11 12:25:00
17903.0,394,1,381.09000000000003,142,8.468666666666667,44,2010-11-10 15:39:00
17904.0,21,1,191.67,63,5.043947368421052,33,2011-11-18 12:57:00
17905.0,71,13,2383.52,1373,13.938713450292397,129,2011-09-29 17:33:00
17906.0,247,1,72.9,26,6.075,12,2011-04-06 17:25:00
17907.0,641,1,291.76,1046,22.443076923076923,13,2010-03-09 12:33:00
17908.0,374,5,1411.54,856,5.095812274368231,178,2010-12-01 11:45:00
17909.0,737,1,132.55,41,14.72777777777778,8,2009-12-02 13:10:00
17910.0,726,1,261.7,121,10.065384615384614,25,2009-12-13 16:04:00
17911.0,9,1,366.23,223,9.390512820512821,39,2011-11-30 14:52:00
17912.0,310,6,375.5,216,7.221153846153846,48,2011-02-02 14:25:00
17913.0,59,14,3479.64,1745,7.310168067226891,224,2011-10-12 10:45:00
17914.0,4,1,336.43,473,4.205375,72,2011-12-06 11:58:00
17915.0,551,1,242.13,191,6.918,27,2010-06-06 13:22:00
17916.0,629,2,43.87,90,2.3089473684210526,15,2010-03-21 12:26:00
17917.0,45,3,341.28,187,3.63063829787234,77,2011-10-25 13:20:00
17918.0,501,3,396.39,352,9.909749999999999,34,2010-07-27 11:51:00
17919.0,88,2,1840.32,1452,46.007999999999996,37,2011-09-12 13:41:00
17920.0,4,54,24516.46,12666,13.59759290072102,715,2011-12-05 14:29:00
17921.0,64,10,2423.5,1002,6.585597826086956,230,2011-10-06 18:56:00
17922.0,543,1,170.4,49,21.3,8,2010-06-14 16:32:00
17923.0,282,3,497.0,140,165.66666666666666,2,2011-03-02 15:15:00
17924.0,12,8,3536.7000000000003,1268,101.04857142857144,27,2011-11-28 09:11:00
17925.0,373,1,488.16,144,244.08,1,2010-12-02 10:10:00
17926.0,133,5,1035.49,572,23.533863636363638,27,2011-07-29 14:39:00
17927.0,722,1,294.0,108,29.4,10,2009-12-18 11:03:00
17928.0,45,3,341.24,222,12.638518518518518,27,2011-10-25 13:52:00
17929.0,11,12,3082.1,434,205.47333333333333,6,2011-11-28 16:01:00
17930.0,36,13,4275.22,3795,49.140459770114944,39,2011-11-04 10:23:00
17931.0,134,14,3437.29,1937,9.628263305322129,274,2011-07-28 18:33:00
17932.0,29,3,1331.57,789,14.795222222222222,84,2011-11-10 19:49:00
17933.0,632,1,114.69,63,8.192142857142857,12,2010-03-17 15:11:00
17934.0,52,3,1049.15,628,25.589024390243903,36,2011-10-19 11:16:00
17935.0,138,7,686.14,244,10.7209375,60,2011-07-24 13:18:00
17936.0,5,1,389.84,262,5.062857142857142,68,2011-12-04 13:32:00
17937.0,9,7,4301.22,1754,100.02837209302326,19,2011-12-01 11:45:00
17938.0,420,1,144.29,53,4.97551724137931,29,2010-10-15 14:27:00
17939.0,160,1,99.14,40,8.261666666666667,12,2011-07-03 12:27:00
17940.0,49,16,30393.19,85580,844.2552777777778,11,2011-10-21 13:27:00
17941.0,131,4,1433.28,1108,204.75428571428571,5,2011-08-01 08:30:00
17942.0,8,1,77.50000000000001,38,38.75000000000001,2,2011-12-02 10:45:00
17944.0,423,1,75.41,85,2.900384615384615,24,2010-10-12 16:25:00
17945.0,697,3,360.35,244,5.004861111111111,66,2010-01-12 11:40:00
17946.0,233,2,149.57999999999998,75,7.478999999999999,18,2011-04-20 17:00:00
17947.0,37,1,176.68,168,19.63111111111111,9,2011-11-02 13:05:00
17948.0,147,1,358.56000000000006,144,358.56000000000006,1,2011-07-15 12:58:00
17949.0,1,118,118628.08,60658,755.5928662420382,58,2011-12-08 18:46:00
17950.0,72,7,1432.81,847,6.955388349514563,133,2011-09-28 15:18:00
17951.0,40,4,1636.0800000000002,898,49.578181818181825,24,2011-10-31 12:30:00
17952.0,378,4,819.61,504,7.880865384615385,85,2010-11-26 13:54:00
17953.0,540,1,160.82,99,7.658095238095238,20,2010-06-17 15:08:00
17954.0,5,19,3966.05,3265,5.144033722438392,479,2011-12-04 14:15:00
17955.0,199,6,949.9,681,43.17727272727273,16,2011-05-25 12:00:00
17956.0,249,1,12.75,1,12.75,1,2011-04-04 13:47:00
17957.0,66,1,111.68,287,3.6025806451612907,31,2011-10-04 14:58:00
17958.0,117,2,973.88,284,27.052222222222223,35,2011-08-15 12:19:00
17959.0,592,1,140.75,49,70.375,2,2010-04-26 14:12:00
17960.0,171,3,135.08,60,3.6508108108108113,37,2011-06-21 14:15:00
17961.0,21,100,2995.54,1537,4.53869696969697,486,2011-11-18 16:55:00
17962.0,142,4,687.42,651,3.4370999999999996,146,2011-07-20 14:16:00
17963.0,471,4,651.51,344,5.817053571428572,98,2010-08-25 15:58:00
17964.0,32,2,733.46,496,5.276690647482015,84,2011-11-08 10:44:00
17965.0,38,29,7240.9800000000005,4525,8.46898245614035,588,2011-11-02 09:31:00
17966.0,38,10,1974.42,3943,17.31947368421053,82,2011-11-02 10:26:00
17967.0,372,2,357.28999999999996,198,3.1068695652173908,59,2010-12-03 11:19:00
17968.0,374,4,888.04,525,4.036545454545454,106,2010-12-01 12:23:00
17969.0,166,20,2369.94,1017,11.448985507246377,113,2011-06-26 13:00:00
17970.0,211,1,582.59,525,18.793225806451613,27,2011-05-12 20:03:00
17971.0,548,1,161.94,62,7.711428571428572,21,2010-06-09 14:04:00
17972.0,242,1,136.04,37,4.388387096774193,30,2011-04-12 12:16:00
17973.0,52,1,337.04,176,22.469333333333335,15,2011-10-19 10:34:00
17974.0,25,6,1858.06,1243,4.610570719602977,279,2011-11-15 11:37:00
17975.0,15,24,7028.83,2271,14.673966597077245,243,2011-11-24 13:27:00
17976.0,372,1,706.38,212,5.433692307692308,56,2010-12-02 13:49:00
17977.0,29,2,1565.6299999999999,2062,14.496574074074074,94,2011-11-10 13:28:00
17978.0,365,4,1461.76,1797,18.272,62,2010-12-09 14:05:00
17979.0,36,4,757.71,397,5.189794520547945,116,2011-11-04 12:05:00
17980.0,166,4,1033.42,782,15.657878787878788,41,2011-06-27 12:01:00
17981.0,411,1,239.12,260,14.065882352941177,17,2010-10-25 10:40:00
17982.0,681,1,138.18,117,10.62923076923077,13,2010-01-28 09:38:00
17983.0,395,1,171.71,108,7.154583333333334,23,2010-11-09 13:24:00
17984.0,145,5,1191.27,973,4.74609561752988,209,2011-07-17 15:59:00
17985.0,22,1,634.95,183,27.606521739130436,20,2011-11-17 14:24:00
17986.0,56,1,20.8,10,20.8,1,2011-10-14 14:22:00
17987.0,185,5,1003.64,1015,5.638426966292135,139,2011-06-07 14:22:00
17988.0,12,14,489.54,186,3.98,115,2011-11-28 11:00:00
17989.0,379,1,228.82999999999998,329,6.730294117647058,26,2010-11-25 13:49:00
17990.0,237,6,1527.6100000000001,777,26.800175438596494,40,2011-04-17 11:44:00
17991.0,225,3,320.55,100,8.01375,37,2011-04-28 15:58:00
17992.0,389,1,254.13,131,4.794905660377358,49,2010-11-15 13:04:00
17993.0,617,1,235.19,112,3.67484375,60,2010-04-01 14:23:00
17994.0,122,11,2313.32,2194,7.367261146496816,227,2011-08-10 11:41:00
17995.0,282,3,495.48,263,17.08551724137931,28,2011-03-03 12:30:00
17996.0,380,3,482.33,587,7.1989552238805965,63,2010-11-25 11:00:00
17997.0,74,8,1970.6699999999998,2298,11.871506024096385,133,2011-09-26 16:13:00
17998.0,380,3,639.24,561,11.021379310344829,57,2010-11-24 15:31:00
17999.0,37,3,730.9,395,4.152840909090909,125,2011-11-02 15:56:00
18000.0,564,1,124.25,109,20.708333333333332,6,2010-05-24 17:34:00
18001.0,12,6,953.84,893,6.813142857142857,120,2011-11-27 16:02:00
18002.0,376,4,249.92,72,4.628148148148148,52,2010-11-29 10:57:00
18003.0,376,1,358.61,299,14.3444,23,2010-11-28 15:09:00
18004.0,362,1,169.47,78,4.23675,32,2010-12-12 13:47:00
18005.0,4,2,249.72,93,4.162,52,2011-12-06 11:51:00
18006.0,23,4,997.86,403,15.351692307692307,57,2011-11-16 16:52:00
18007.0,393,1,220.32,252,4.32,46,2010-11-12 11:08:00
18008.0,70,23,19787.13,7830,193.9914705882353,77,2011-09-30 15:17:00
18009.0,235,8,2155.83,653,11.910662983425414,145,2011-04-18 13:36:00
18010.0,257,1,174.8,60,12.485714285714286,14,2011-03-28 12:27:00
18011.0,373,2,527.03,198,5.666989247311828,63,2010-12-01 17:35:00
18012.0,723,1,115.3,63,8.86923076923077,13,2009-12-16 13:16:00
18013.0,155,2,187.29,285,6.041612903225806,31,2011-07-07 14:11:00
18014.0,28,1,166.42,68,5.200625,29,2011-11-11 15:28:00
18015.0,4,1,120.03,157,2.6093478260869567,46,2011-12-05 14:49:00
18016.0,32,7,1960.46,1209,11.532117647058824,115,2011-11-07 13:25:00
18017.0,81,4,688.0,400,172.0,1,2011-09-19 16:15:00
18018.0,108,4,297.99,186,6.7725,43,2011-08-23 17:37:00
18019.0,52,1,38.45,7,7.69,5,2011-10-19 12:10:00
18020.0,544,1,190.48000000000002,67,15.873333333333335,12,2010-06-14 12:31:00
18021.0,510,2,227.06,169,6.880606060606061,32,2010-07-18 10:52:00
18022.0,36,5,1651.79,1390,3.3302217741935483,306,2011-11-04 12:45:00
18024.0,153,2,389.78,184,18.56095238095238,21,2011-07-10 12:40:00
18025.0,380,6,1177.72,1053,10.515357142857143,83,2010-11-25 12:37:00
18026.0,501,2,2074.07,530,122.00411764705883,12,2010-07-27 10:37:00
18027.0,99,1,115.31,78,5.490952380952381,21,2011-09-02 10:38:00
18028.0,583,1,192.05,133,48.0125,4,2010-05-05 13:28:00
18029.0,642,1,433.77,253,24.098333333333333,18,2010-03-07 15:30:00
18030.0,4,2,230.64999999999998,67,25.627777777777776,8,2011-12-05 16:37:00
18031.0,379,1,462.09999999999997,300,7.109230769230769,49,2010-11-26 11:00:00
18032.0,334,1,73.5,42,14.7,5,2011-01-09 15:32:00
18033.0,65,1,97.97,253,2.881470588235294,32,2011-10-05 17:28:00
18034.0,22,3,793.7,992,3.5275555555555558,182,2011-11-18 12:22:00
18035.0,36,5,1276.74,1161,20.93016393442623,52,2011-11-04 12:39:00
18036.0,32,11,1563.6399999999999,748,4.709759036144578,221,2011-11-07 14:40:00
18037.0,154,15,167.42,37,5.073333333333333,31,2011-07-08 13:39:00
18038.0,556,1,149.41,85,4.6690625,25,2010-06-01 15:59:00
18039.0,374,4,579.17,570,3.4474404761904758,137,2010-11-30 13:07:00
18040.0,19,2,357.20000000000005,148,18.8,18,2011-11-20 14:20:00
18041.0,12,38,8752.38,7859,9.1170625,464,2011-11-28 11:39:00
18042.0,54,2,281.15,69,17.571875,13,2011-10-17 11:49:00
18043.0,25,3,875.97,454,4.684331550802139,106,2011-11-15 12:48:00
18044.0,4,18,3505.61,1598,17.52805,128,2011-12-05 14:26:00
18045.0,45,1,189.4,142,4.029787234042553,43,2011-10-25 13:07:00
18046.0,650,1,189.63,44,7.293461538461538,26,2010-02-28 11:36:00
18047.0,381,2,342.69,138,3.8942045454545453,74,2010-11-23 13:11:00
18048.0,203,3,401.73,258,6.585737704918033,56,2011-05-20 14:58:00
18049.0,437,2,556.52,425,5.858105263157895,82,2010-09-28 14:26:00
18050.0,359,2,412.06,250,17.915652173913042,22,2010-12-15 14:25:00
18051.0,634,7,2282.28,1661,41.496,41,2010-03-15 13:58:00
18052.0,565,1,10877.18,17766,679.82375,16,2010-05-24 11:11:00
18053.0,71,3,571.07,409,17.8459375,29,2011-09-30 09:05:00
18054.0,393,1,176.5,96,16.045454545454547,11,2010-11-12 08:18:00
18055.0,7,14,11195.57,3839,19.170496575342465,320,2011-12-02 14:25:00
18056.0,288,2,554.6,334,18.486666666666668,28,2011-02-24 14:27:00
18057.0,393,3,1203.56,978,8.596857142857143,121,2010-11-11 16:55:00
18058.0,10,3,774.06,394,48.37875,12,2011-11-30 08:38:00
18059.0,23,3,306.46,258,17.025555555555556,17,2011-11-16 16:49:00
18060.0,408,2,1185.46,902,15.806133333333333,74,2010-10-27 16:41:00
18061.0,22,28,6488.97,3607,50.695078125,30,2011-11-18 11:20:00
18062.0,173,6,1632.67,831,30.23462962962963,46,2011-06-19 14:47:00
18063.0,391,2,186.60000000000002,48,62.20000000000001,2,2010-11-14 10:46:00
18064.0,133,11,4495.03,2709,69.15430769230768,53,2011-07-29 16:39:00
18065.0,6,29,5866.63,2265,18.924612903225807,193,2011-12-04 10:30:00
18066.0,75,3,1440.4,535,27.17735849056604,37,2011-09-25 15:30:00
18067.0,40,1,396.33,189,10.711621621621621,36,2011-10-30 15:58:00
18068.0,289,1,101.69999999999999,6,101.69999999999999,1,2011-02-23 14:50:00
18069.0,26,11,4540.56,3227,4.549659318637275,602,2011-11-13 16:03:00
18070.0,669,1,314.1,86,34.900000000000006,9,2010-02-08 13:28:00
18071.0,258,6,1428.63,835,16.807411764705883,52,2011-03-27 11:59:00
18072.0,186,1,247.44,288,13.746666666666666,18,2011-06-07 10:44:00
18073.0,114,12,3877.5200000000004,3108,53.11671232876713,23,2011-08-17 14:02:00
18074.0,374,2,1509.04,551,26.947142857142858,37,2010-12-01 09:53:00
18075.0,23,20,5783.29,3281,17.904922600619194,180,2011-11-16 15:21:00
18076.0,380,1,151.49,164,18.93625,8,2010-11-24 14:02:00
18077.0,8,18,4338.56,3233,11.508116710875333,141,2011-12-01 13:32:00
18078.0,217,4,844.6,431,10.96883116883117,65,2011-05-06 14:32:00
18079.0,45,5,4242.75,8815,30.305357142857144,107,2011-10-25 15:27:00
18080.0,19,2,1231.5,642,615.75,2,2011-11-21 08:02:00
18081.0,36,3,343.45,195,20.20294117647059,14,2011-11-03 16:30:00
18082.0,26,1,703.37,621,9.635205479452054,62,2011-11-14 12:45:00
18083.0,398,1,470.72999999999996,270,11.207857142857142,36,2010-11-07 11:44:00
18084.0,16,3,812.93,761,101.61625,7,2011-11-23 13:57:00
18085.0,330,4,1645.75,585,23.179577464788732,42,2011-01-13 15:17:00
18086.0,274,1,101.34,106,14.477142857142857,7,2011-03-10 13:34:00
18087.0,98,17,14761.519999999999,7775,167.74454545454543,44,2011-09-02 15:12:00
18088.0,61,1,167.67000000000002,109,4.299230769230769,35,2011-10-09 13:41:00
18089.0,447,1,428.45,95,42.845,9,2010-09-19 11:57:00
18090.0,422,1,349.4,321,5.823333333333333,47,2010-10-14 12:32:00
18091.0,593,1,360.85,539,14.434000000000001,25,2010-04-25 13:18:00
18092.0,2,18,16179.44,8830,107.86293333333333,42,2011-12-07 13:14:00
18093.0,93,8,4452.71,3429,72.99524590163935,43,2011-09-07 15:43:00
18094.0,82,13,6391.52,4164,50.72634920634921,55,2011-09-19 09:28:00
18095.0,313,5,2303.09,1623,47.98104166666667,37,2011-01-31 12:50:00
18096.0,12,6,1805.28,1483,4.121643835616438,299,2011-11-28 12:44:00
18097.0,8,11,4663.32,2740,29.514683544303796,86,2011-12-02 11:16:00
18098.0,396,1,550.84,217,6.259545454545455,85,2010-11-08 16:31:00
18099.0,127,1,168.31,149,8.858421052631579,19,2011-08-04 15:52:00
18100.0,550,1,451.56,440,15.052,30,2010-06-07 14:19:00
18101.0,11,5,629.16,250,5.6175,89,2011-11-28 13:37:00
18102.0,1,145,608821.65,188340,575.4457939508507,382,2011-12-09 11:50:00
18103.0,549,1,105.8,23,10.58,10,2010-06-08 13:36:00
18104.0,37,1,754.64,362,19.858947368421052,38,2011-11-02 14:07:00
18105.0,38,1,113.48000000000002,46,6.304444444444446,18,2011-11-02 12:04:00
18106.0,330,6,1461.46,512,7.456428571428572,126,2011-01-14 12:23:00
18107.0,442,1,167.13,66,4.285384615384615,38,2010-09-23 13:03:00
18108.0,254,3,848.8100000000001,261,18.059787234042556,43,2011-03-30 13:56:00
18109.0,2,38,9893.96,4885,14.72315476190476,203,2011-12-08 11:36:00
18110.0,20,2,435.43,186,5.183690476190476,58,2011-11-20 12:34:00
18111.0,589,1,405.85,232,15.031481481481482,27,2010-04-29 12:58:00
18112.0,12,4,775.96,447,12.316825396825397,59,2011-11-27 14:43:00
18113.0,369,1,152.64000000000001,144,76.32000000000001,1,2010-12-06 12:31:00
18114.0,290,1,220.1,55,7.860714285714286,28,2011-02-22 13:20:00
18115.0,698,1,9.700000000000001,3,3.233333333333334,3,2010-01-11 11:57:00
18116.0,68,13,2154.3,1281,3.7531358885017423,311,2011-10-03 11:00:00
18117.0,26,1,320.72,618,4.334054054054055,68,2011-11-14 12:47:00
18118.0,11,29,6733.22,3417,4.29962962962963,444,2011-11-29 11:32:00
18119.0,368,1,362.24,250,6.037333333333334,29,2010-12-07 11:59:00
18120.0,214,1,111.15,31,6.538235294117648,17,2011-05-09 13:45:00
18121.0,149,2,673.1,450,21.034375,28,2011-07-13 12:53:00
18122.0,8,6,1826.21,1234,5.0170604395604395,239,2011-12-01 13:08:00
18123.0,24,3,684.59,629,11.603220338983052,53,2011-11-15 14:23:00
18124.0,472,1,111.53,51,4.647083333333334,20,2010-08-24 17:21:00
18125.0,30,4,1142.99,804,5.831581632653061,164,2011-11-10 12:29:00
18126.0,61,1,206.82999999999998,144,3.693392857142857,52,2011-10-10 12:19:00
18127.0,19,4,561.53,252,8.138115942028985,56,2011-11-20 14:05:00
18128.0,537,1,420.04,221,9.334222222222223,42,2010-06-20 13:19:00
18129.0,243,1,112.55000000000001,48,8.039285714285715,13,2011-04-10 14:16:00
18130.0,15,3,1059.39,824,15.134142857142859,58,2011-11-24 14:40:00
18131.0,632,1,222.95999999999998,552,55.739999999999995,4,2010-03-18 08:48:00
18132.0,504,1,226.9,216,3.437878787878788,60,2010-07-23 16:54:00
18133.0,212,1,931.4999999999999,1350,931.4999999999999,1,2011-05-11 14:14:00
18134.0,598,2,445.0,128,15.892857142857142,27,2010-04-20 14:02:00
18135.0,29,10,1249.6200000000001,753,33.773513513513514,23,2011-11-10 19:32:00
18136.0,63,5,1631.3600000000001,860,18.53818181818182,77,2011-10-07 15:40:00
18137.0,551,2,145.99,59,5.034137931034483,26,2010-06-06 14:18:00
18138.0,295,1,152.65,38,19.08125,8,2011-02-17 14:51:00
18139.0,18,6,8438.34,5557,53.07132075471698,35,2011-11-22 10:44:00
18140.0,474,1,536.41,395,9.933518518518518,49,2010-08-23 11:58:00
18141.0,402,2,882.47,433,21.011190476190478,38,2010-11-03 11:44:00
18142.0,157,2,1019.52,1276,67.968,9,2011-07-05 13:19:00
18143.0,117,2,1000.16,570,16.396065573770493,59,2011-08-15 12:07:00
18144.0,8,19,5058.0,2239,58.13793103448276,51,2011-12-02 12:46:00
18145.0,13,11,5617.79,5107,13.871086419753086,250,2011-11-27 11:22:00
18146.0,141,2,160.35000000000002,153,16.035000000000004,10,2011-07-22 12:08:00
18147.0,46,2,179.33999999999997,203,25.619999999999997,7,2011-10-25 11:46:00
18148.0,647,1,114.10000000000001,64,10.372727272727273,9,2010-03-03 11:40:00
18149.0,51,7,1624.71,918,16.9240625,54,2011-10-20 12:04:00
18150.0,32,3,566.58,332,15.312972972972974,29,2011-11-07 16:49:00
18151.0,135,6,1879.44,986,17.730566037735848,99,2011-07-28 11:35:00
18152.0,646,1,426.69,75,42.669,10,2010-03-03 15:26:00
18153.0,659,1,246.22,200,14.483529411764707,17,2010-02-18 15:50:00
18154.0,3,5,932.6,626,19.842553191489362,34,2011-12-06 16:41:00
18155.0,75,3,371.62,266,14.8648,19,2011-09-25 13:32:00
18156.0,13,2,941.1700000000001,374,4.8265128205128205,100,2011-11-27 12:24:00
18157.0,571,1,215.35,146,8.282692307692308,25,2010-05-17 14:09:00
18158.0,9,2,453.4,354,13.335294117647058,24,2011-11-30 16:19:00
18159.0,301,1,530.15,139,23.05,23,2011-02-11 14:26:00
18160.0,57,3,1003.88,519,15.444307692307692,56,2011-10-13 15:50:00
18161.0,15,6,1803.1000000000001,965,19.388172043010755,57,2011-11-24 16:40:00
18162.0,732,1,379.16,335,8.067234042553192,45,2009-12-07 13:24:00
18163.0,584,1,728.84,452,22.086060606060606,33,2010-05-04 14:51:00
18164.0,37,1,399.65000000000003,184,16.652083333333334,24,2011-11-02 12:56:00
18165.0,177,1,302.46000000000004,254,30.246000000000002,10,2011-06-15 13:23:00
18166.0,624,1,175.5,90,17.55,10,2010-03-26 12:26:00
18167.0,23,3,1384.8600000000001,382,37.428648648648654,24,2011-11-16 15:56:00
18168.0,176,16,3770.27,2177,9.332351485148514,209,2011-06-16 19:21:00
18169.0,61,1,202.65,61,22.516666666666666,9,2011-10-10 12:18:00
18170.0,33,9,2878.0,1184,22.841269841269842,59,2011-11-06 14:35:00
18171.0,59,9,2437.31,991,26.4925,76,2011-10-12 09:13:00
18172.0,15,52,17479.84,7413,36.722352941176474,176,2011-11-25 11:12:00
18173.0,87,5,2696.36,1730,59.919111111111114,34,2011-09-14 11:26:00
18174.0,7,2,162.5,80,81.25,1,2011-12-02 16:56:00
18175.0,676,1,176.1,70,25.157142857142855,7,2010-02-02 10:25:00
18176.0,358,1,476.35,283,15.878333333333334,30,2010-12-16 15:45:00
18177.0,31,9,2216.87,1239,22.168699999999998,66,2011-11-08 14:44:00
18178.0,129,11,6103.74,3850,17.43925714285714,204,2011-08-03 09:30:00
18179.0,9,8,2547.55,1811,23.372018348623854,101,2011-11-30 16:23:00
18180.0,5,6,1843.75,1721,15.493697478991596,108,2011-12-05 08:39:00
18181.0,24,5,1205.94,524,6.626043956043956,139,2011-11-15 15:08:00
18182.0,463,1,291.13,167,29.113,10,2010-09-02 14:25:00
18183.0,227,2,632.07,371,17.082972972972975,36,2011-04-26 15:26:00
18184.0,15,1,49.8,60,49.8,1,2011-11-24 15:28:00
18185.0,249,1,304.25,183,17.897058823529413,17,2011-04-04 13:42:00
18186.0,723,1,329.58,338,29.96181818181818,11,2009-12-17 10:22:00
18187.0,632,1,724.89,310,15.101875,48,2010-03-18 09:49:00
18188.0,15,6,3280.59,1888,24.66609022556391,95,2011-11-24 16:46:00
18189.0,78,3,1403.73,836,16.322441860465116,79,2011-09-23 12:40:00
18190.0,192,5,745.62,490,17.752857142857142,34,2011-05-31 14:48:00
18191.0,262,2,529.4,332,35.29333333333333,15,2011-03-23 12:08:00
18192.0,72,1,957.97,339,21.288222222222224,45,2011-09-29 09:53:00
18193.0,165,3,1207.35,926,17.247857142857143,66,2011-06-27 13:58:00
18194.0,82,6,4162.04,1774,148.6442857142857,23,2011-09-18 13:29:00
18195.0,387,1,101.16,60,20.232,5,2010-11-17 15:03:00
18196.0,95,4,1464.31,1047,5.211067615658362,210,2011-09-05 16:22:00
18197.0,576,1,230.1,166,25.566666666666666,9,2010-05-13 10:46:00
18198.0,4,17,5425.56,4074,34.12301886792453,81,2011-12-05 14:49:00
18199.0,684,1,344.75,99,17.2375,20,2010-01-25 11:32:00
18200.0,106,1,163.8,111,5.11875,29,2011-08-25 18:45:00
18201.0,723,1,447.53000000000003,191,16.575185185185187,27,2009-12-17 08:55:00
18202.0,200,3,1396.99,581,20.543970588235293,55,2011-05-24 12:12:00
18203.0,157,4,504.42,113,8.407,40,2011-07-05 13:07:00
18204.0,71,3,1993.7,1200,9.9685,159,2011-09-29 16:44:00
18205.0,36,2,517.36,192,16.1675,30,2011-11-03 13:22:00
18206.0,553,1,314.65999999999997,246,16.561052631578946,19,2010-06-04 13:47:00
18207.0,499,1,544.47,325,17.563548387096777,31,2010-07-28 14:26:00
18208.0,566,1,360.08,82,21.181176470588234,17,2010-05-23 11:54:00
18209.0,29,1,139.10000000000002,58,17.387500000000003,8,2011-11-11 12:07:00
18210.0,2,7,2768.83,1499,19.22798611111111,116,2011-12-08 11:02:00
18211.0,26,5,600.07,359,14.287380952380953,37,2011-11-14 08:10:00
18212.0,326,2,546.72,167,9.940363636363637,40,2011-01-17 16:14:00
18213.0,237,1,232.48000000000002,232,15.498666666666669,15,2011-04-17 10:21:00
18214.0,531,4,1780.34,989,30.69551724137931,38,2010-06-27 11:21:00
18215.0,89,5,2247.4900000000002,1143,24.972111111111115,53,2011-09-11 16:05:00
18216.0,31,1,481.75,200,18.528846153846153,26,2011-11-08 16:55:00
18217.0,29,4,945.04,740,23.625999999999998,33,2011-11-10 13:18:00
18218.0,211,4,1142.0,1076,29.28205128205128,25,2011-05-12 12:53:00
18219.0,3,17,3562.89,1653,17.551182266009853,87,2011-12-07 11:43:00
18220.0,227,6,1921.76,1352,76.8704,17,2011-04-27 09:03:00
18221.0,22,6,1424.94,1000,16.96357142857143,71,2011-11-17 14:40:00
18222.0,93,1,443.0,335,23.31578947368421,19,2011-09-08 10:45:00
18223.0,5,26,14000.85,6644,24.30703125,192,2011-12-05 09:11:00
18224.0,264,1,158.95000000000002,69,15.895000000000001,10,2011-03-21 10:30:00
18225.0,3,26,13054.26,7304,22.54621761658031,266,2011-12-06 13:27:00
18226.0,44,26,11878.88,7883,22.497878787878786,299,2011-10-26 13:36:00
18227.0,218,2,388.75,22,64.79166666666667,6,2011-05-06 12:23:00
18228.0,57,2,779.9,238,25.996666666666666,23,2011-10-14 09:21:00
18229.0,12,28,10803.710000000001,3183,51.20241706161138,73,2011-11-28 09:48:00
18230.0,9,9,4291.06,1996,30.650428571428574,42,2011-11-30 13:22:00
18231.0,192,28,6880.97,2923,17.87264935064935,218,2011-05-31 14:18:00
18232.0,82,4,592.97,302,16.026216216216216,31,2011-09-19 11:49:00
18233.0,326,1,440.0,4,440.0,1,2011-01-18 08:44:00
18234.0,552,1,179.6,80,5.986666666666666,30,2010-06-06 11:22:00
18235.0,72,3,1796.48,1578,17.273846153846154,100,2011-09-29 08:27:00
18236.0,30,12,1795.3500000000001,696,18.319897959183674,80,2011-11-10 08:06:00
18237.0,3,5,987.1,622,16.181967213114753,40,2011-12-07 12:49:00
18238.0,515,1,270.92,114,19.351428571428574,14,2010-07-12 12:51:00
18239.0,219,6,2150.36,1052,17.20288,85,2011-05-05 12:38:00
18240.0,46,1,422.58,126,70.42999999999999,6,2011-10-24 13:06:00
18241.0,10,21,2986.9900000000002,1471,18.786100628930818,101,2011-11-30 12:10:00
18242.0,72,8,3605.21,2021,25.7515,113,2011-09-28 13:43:00
18243.0,414,1,515.78,221,19.837692307692308,26,2010-10-21 14:29:00
18244.0,431,2,568.64,856,29.928421052631577,19,2010-10-05 11:15:00
18245.0,7,20,6324.9800000000005,5098,13.81,336,2011-12-02 14:48:00
18246.0,24,3,758.8199999999999,214,151.76399999999998,3,2011-11-16 11:49:00
18247.0,415,3,839.73,335,22.695405405405406,28,2010-10-21 09:49:00
18248.0,123,2,804.02,511,17.1068085106383,39,2011-08-09 10:19:00
18249.0,17,1,95.34,128,11.9175,8,2011-11-22 15:07:00
18250.0,310,1,349.27,199,16.63190476190476,21,2011-02-02 13:16:00
18251.0,87,9,26278.86,39639,243.3227777777778,87,2011-09-13 15:03:00
18252.0,51,7,1542.09,937,11.174565217391304,125,2011-10-20 12:43:00
18253.0,643,1,317.88,128,45.41142857142857,7,2010-03-07 12:38:00
18254.0,581,1,267.9,188,16.74375,16,2010-05-07 14:37:00
18255.0,89,2,303.15,201,15.955263157894736,16,2011-09-11 13:16:00
18256.0,388,1,110.7,180,11.07,10,2010-11-17 08:53:00
18257.0,39,12,4600.15,2369,16.667210144927534,219,2011-10-31 14:48:00
18258.0,464,6,2059.67,1981,41.193400000000004,30,2010-09-01 14:20:00
18259.0,25,7,4318.200000000001,1390,46.93695652173914,51,2011-11-15 12:34:00
18260.0,173,23,9962.11,5247,24.238710462287106,212,2011-06-20 12:37:00
18261.0,43,2,324.24,146,15.440000000000001,19,2011-10-27 15:36:00
18262.0,140,3,577.54,552,13.75095238095238,40,2011-07-22 16:04:00
18263.0,26,3,1213.1599999999999,1468,19.887868852459015,59,2011-11-14 09:00:00
18264.0,499,1,603.25,241,16.756944444444443,36,2010-07-29 10:02:00
18265.0,72,2,801.51,311,17.424130434782608,44,2011-09-28 14:10:00
18266.0,434,1,251.1,138,17.935714285714287,14,2010-10-01 15:33:00
18267.0,673,1,269.37,135,15.84529411764706,17,2010-02-05 08:43:00
18268.0,134,6,1490.23,711,22.24223880597015,36,2011-07-28 19:13:00
18269.0,366,1,337.2,152,24.085714285714285,7,2010-12-08 13:53:00
18270.0,38,3,444.55,209,26.150000000000002,17,2011-11-01 13:57:00
18271.0,610,2,680.85,319,32.42142857142857,19,2010-04-09 09:26:00
18272.0,3,9,4385.9800000000005,2880,19.40699115044248,145,2011-12-07 12:43:00
18273.0,2,4,357.0,140,89.25,1,2011-12-07 13:16:00
18274.0,30,1,175.92,88,15.992727272727272,11,2011-11-09 17:03:00
18275.0,578,2,741.85,417,39.044736842105266,19,2010-05-10 15:46:00
18276.0,44,6,1656.52,1246,17.622553191489363,81,2011-10-27 10:54:00
18277.0,58,5,1180.05,449,18.43828125,53,2011-10-12 15:22:00
18278.0,74,2,414.20000000000005,140,17.258333333333336,22,2011-09-27 11:58:00
18279.0,519,1,231.33999999999997,630,17.795384615384613,13,2010-07-08 14:48:00
18280.0,278,2,488.15000000000003,194,16.27166666666667,28,2011-03-07 09:52:00
18281.0,181,2,201.14,146,11.831764705882351,17,2011-06-12 10:53:00
18282.0,8,2,178.05,103,14.8375,12,2011-12-02 11:43:00
18283.0,4,22,2736.65,1733,2.775507099391481,352,2011-12-06 12:02:00
18284.0,432,1,461.68,494,16.48857142857143,28,2010-10-04 11:33:00
18285.0,661,1,427.0,145,35.583333333333336,12,2010-02-17 10:24:00
18286.0,477,2,1296.43,608,19.349701492537314,67,2010-08-20 11:57:00
18287.0,43,7,4182.99,3013,26.987032258064513,120,2011-10-28 09:29:00
